gene	pDN	pGOF	pLOF	pDN_missing	pGOF_missing	pLOF_missing	pfam_family	is_singleton_family_badonyi	pDN_familyresid	pGOF_familyresid	pLOF_familyresid	pDN_familyresid_missing	pGOF_familyresid_missing	pLOF_familyresid_missing
AAAS	0.529432	0.382909	0.486358	0.0	0.0	0.0	PF25460	1	0.0	0.0	0.0	1.0	1.0	1.0
AARS1	0.655159	0.620888	0.326464	0.0	0.0	0.0	PF02272	1	0.0	0.0	0.0	1.0	1.0	1.0
AARS2	0.679077	0.638779	0.258854	0.0	0.0	0.0	PF01411	1	0.0	0.0	0.0	1.0	1.0	1.0
AASS	0.63896	0.474194	0.32225	0.0	0.0	0.0	PF05222	1	0.0	0.0	0.0	1.0	1.0	1.0
ABAT	0.747812	0.568427	0.303512	0.0	0.0	0.0	PF00202	0	0.010122999999999993	-0.037031000000000036	-0.009988500000000011	0.0	0.0	0.0
ABCA1	0.736565	0.739441	0.221686	0.0	0.0	0.0	PF12698	0	0.038139000000000034	0.02116366666666669	-0.031441666666666646	0.0	0.0	0.0
ABCA12	0.737467	0.703793	0.238388	0.0	0.0	0.0	PF12698	0	0.03904099999999999	-0.014484333333333321	-0.014739666666666651	0.0	0.0	0.0
ABCA4	0.621246	0.711598	0.299309	0.0	0.0	0.0	PF12698	0	-0.07718000000000003	-0.00667933333333337	0.04618133333333335	0.0	0.0	0.0
ABCB11	0.828427	0.811301	0.189918	0.0	0.0	0.0	PF00664	0	0.06360324999999989	0.033455750000000006	-0.07733525	0.0	0.0	0.0
ABCC6	0.724171	0.734403	0.2838	0.0	0.0	0.0	PF00664	0	-0.040652750000000126	-0.043442250000000016	0.01654675	0.0	0.0	0.0
ABCC9	0.750738	0.78185	0.236201	0.0	0.0	0.0	PF00664	0	-0.014085750000000119	0.004004750000000001	-0.031052250000000003	0.0	0.0	0.0
ABCD1	0.46428	0.56964	0.605104	0.0	0.0	0.0	PF06472	0	-0.1661935	-0.09622799999999998	0.201492	0.0	0.0	0.0
ABCD4	0.796667	0.762096	0.20212	0.0	0.0	0.0	PF06472	0	0.1661935	0.09622799999999998	-0.20149199999999998	0.0	0.0	0.0
ABCG5	0.700267	0.790022	0.252908	0.0	0.0	0.0	PF01061	0	0.007830499999999962	0.019396999999999998	-0.016005999999999965	0.0	0.0	0.0
ABCG8	0.684606	0.751228	0.28492	0.0	0.0	0.0	PF01061	0	-0.007830499999999962	-0.019396999999999998	0.01600600000000002	0.0	0.0	0.0
ABHD12	0.691605	0.58349	0.264956	0.0	0.0	0.0	PF00561	0	0.007950333333333393	-0.0240813333333334	0.00829000000000002	0.0	0.0	0.0
ABHD16A	0.454477	0.49522	0.472989	0.0	0.0	0.0	PF22990	1	0.0	0.0	0.0	1.0	1.0	1.0
ABHD5	0.657928	0.559847	0.300873	0.0	0.0	0.0	PF00561	0	-0.025726666666666675	-0.04772433333333337	0.044206999999999996	0.0	0.0	0.0
ABL1	0.4475	0.549764	0.725096	0.0	0.0	0.0	PF08919	1	0.0	0.0	0.0	1.0	1.0	1.0
ACAD8	0.704512	0.691317	0.356066	0.0	0.0	0.0	PF00441	0	-0.03758950000000005	-0.012555333333333363	0.04012566666666667	0.0	0.0	0.0
ACAD9	0.773761	0.696154	0.222192	0.0	0.0	0.0	PF21343	0	0.040801500000000046	0.02594949999999996	-0.03914500000000004	0.0	0.0	0.0
ACADM	0.730994	0.689694	0.342241	0.0	0.0	0.0	PF00441	0	-0.011107500000000048	-0.014178333333333293	0.026300666666666694	0.0	0.0	0.0
ACADS	0.815488	0.756533	0.229005	0.0	0.0	0.0	PF00441	0	0.07338649999999991	0.05266066666666669	-0.08693533333333334	0.0	0.0	0.0
ACADSB	0.709614	0.707815	0.314918	0.0	0.0	0.0	PF00441	0	-0.032487500000000114	0.00394266666666665	-0.0010223333333333473	0.0	0.0	0.0
ACADVL	0.692158	0.644255	0.300482	0.0	0.0	0.0	PF21343	0	-0.040801499999999935	-0.02594950000000007	0.039144999999999985	0.0	0.0	0.0
ACAN	0.50717	0.510583	0.531705	0.0	0.0	0.0	PF00059	0	0.04750500000000002	-0.045182500000000014	-0.03096550000000009	0.0	0.0	0.0
ACAT1	0.762371	0.593615	0.3942	0.0	0.0	0.0	PF02803	0	0.014593999999999996	-0.005655999999999994	-0.009681999999999968	0.0	0.0	0.0
ACBD5	0.688061	0.530403	0.303198	0.0	0.0	0.0		1	0.0	0.0	0.0	1.0	1.0	1.0
ACBD6	0.585679	0.605125	0.262271	0.0	0.0	0.0		1	0.0	0.0	0.0	1.0	1.0	1.0
ACE	0.613282	0.690578	0.302405	0.0	0.0	0.0	PF01401	1	0.0	0.0	0.0	1.0	1.0	1.0
ACER3	0.692763	0.60585	0.319254	0.0	0.0	0.0	PF05875	1	0.0	0.0	0.0	1.0	1.0	1.0
ACO2	0.634952	0.56075	0.455698	0.0	0.0	0.0	PF00330	1	0.0	0.0	0.0	1.0	1.0	1.0
ACOX1	0.726925	0.714996	0.214962	0.0	0.0	0.0	PF01756	1	0.0	0.0	0.0	1.0	1.0	1.0
ACP5	0.691727	0.618083	0.271977	0.0	0.0	0.0	PF00149	0	0.16231150000000005	0.1510995	-0.25455025	0.0	0.0	0.0
ACSL4	0.411464	0.471632	0.634507	0.0	0.0	0.0		1	0.0	0.0	0.0	1.0	1.0	1.0
ACTB	0.469502	0.629776	0.790348	0.0	0.0	0.0	PF00022	0	-0.16602033333333333	0.01687133333333335	0.31447	0.0	0.0	0.0
ACTG1	0.700116	0.532099	0.305504	0.0	0.0	0.0	PF00022	0	0.06459366666666666	-0.08080566666666666	-0.17037400000000003	0.0	0.0	0.0
ACTL6B	0.736949	0.676839	0.331782	0.0	0.0	0.0	PF00022	0	0.10142666666666666	0.06393433333333332	-0.144096	0.0	0.0	0.0
ACVR1	0.554978	0.647098	0.481254	0.0	0.0	0.0	PF01064	0	0.0821424	0.04463179999999989	-0.12417139999999999	0.0	0.0	0.0
ACVRL1	0.721519	0.768425	0.308363	0.0	0.0	0.0	PF07714	0	0.158516	0.07911866666666656	-0.1822634999999999	0.0	0.0	0.0
ACY1	0.703922	0.647712	0.269379	0.0	0.0	0.0	PF07687	1	0.0	0.0	0.0	1.0	1.0	1.0
ADA	0.67245	0.610898	0.347557	0.0	0.0	0.0	PF00962	0	-0.029883499999999952	0.003933999999999993	0.06092049999999999	0.0	0.0	0.0
ADA2	0.732217	0.60303	0.225716	0.0	0.0	0.0	PF00962	0	0.029883500000000063	-0.003934000000000104	-0.060920500000000016	0.0	0.0	0.0
ADAM22	0.613019	0.611149	0.407719	0.0	0.0	0.0	PF08516	1	0.0	0.0	0.0	1.0	1.0	1.0
ADAM9	0.720532	0.663464	0.262921	0.0	0.0	0.0		1	0.0	0.0	0.0	1.0	1.0	1.0
ADAMTS10	0.498259	0.549757	0.535908	0.0	0.0	0.0	PF17771	0	-0.09692066666666665	-0.043855333333333246	0.13031500000000001	0.0	0.0	0.0
ADAMTS13	0.671046	0.712352	0.262094	0.0	0.0	0.0	PF17771	0	0.07586633333333337	0.11873966666666669	-0.14349900000000004	0.0	0.0	0.0
ADAMTS17	0.703172	0.624673	0.305533	0.0	0.0	0.0	PF23178	1	0.0	0.0	0.0	1.0	1.0	1.0
ADAMTS18	0.616234	0.518728	0.418777	0.0	0.0	0.0	PF17771	0	0.021054333333333286	-0.07488433333333333	0.013183999999999974	0.0	0.0	0.0
ADAMTS19	0.640849	0.593901	0.359711	0.0	0.0	0.0		1	0.0	0.0	0.0	1.0	1.0	1.0
ADAMTS2	0.464079	0.52048	0.57171	0.0	0.0	0.0		1	0.0	0.0	0.0	1.0	1.0	1.0
ADAMTSL2	0.690991	0.591851	0.336185	0.0	0.0	0.0	PF19236	0	0.05869800000000003	0.03206600000000004	-0.06777850000000002	0.0	0.0	0.0
ADAMTSL4	0.573595	0.527719	0.471742	0.0	0.0	0.0	PF19236	0	-0.05869800000000003	-0.03206599999999993	0.06777849999999996	0.0	0.0	0.0
ADAR	0.572888	0.476121	0.463649	0.0	0.0	0.0	PF02137	1	0.0	0.0	0.0	1.0	1.0	1.0
ADCY5	0.52733	0.72786	0.589792	0.0	0.0	0.0	PF16214	1	0.0	0.0	0.0	1.0	1.0	1.0
ADGRG1	0.749767	0.695106	0.254855	0.0	0.0	0.0	PF00002	0	-0.003022500000000039	-0.033882999999999996	-0.03426499999999999	0.0	0.0	0.0
ADGRG6	0.763242	0.698644	0.264006	0.0	0.0	0.0		1	0.0	0.0	0.0	1.0	1.0	1.0
ADGRV1	0.694157	0.604671	0.341455	0.0	0.0	0.0	PF00002	0	-0.058632499999999976	-0.12431800000000004	0.05233500000000002	0.0	0.0	0.0
ADK	0.696671	0.558593	0.283236	0.0	0.0	0.0	PF00294	1	0.0	0.0	0.0	1.0	1.0	1.0
ADNP	0.190774	0.171733	0.846752	0.0	0.0	0.0	PF19627	1	0.0	0.0	0.0	1.0	1.0	1.0
ADPRS	0.585297	0.633492	0.281839	0.0	0.0	0.0	PF03747	1	0.0	0.0	0.0	1.0	1.0	1.0
ADSL	0.693302	0.55016	0.397833	0.0	0.0	0.0	PF10397	1	0.0	0.0	0.0	1.0	1.0	1.0
AFF4	0.159809	0.14088	0.909921	0.0	0.0	0.0	PF05110	1	0.0	0.0	0.0	1.0	1.0	1.0
AFG2A	0.622559	0.560552	0.372742	1.0	1.0	1.0	PF00004	0	-0.009567090909090914	0.07983090909090917	-0.05787872727272725	0.0	0.0	0.0
AFG3L2	0.814857	0.609038	0.281098	0.0	0.0	0.0	PF00004	0	0.18273090909090917	0.1283169090909091	-0.14952272727272725	0.0	0.0	0.0
AGA	0.691487	0.639166	0.319451	0.0	0.0	0.0	PF01112	0	0.0851885	0.129405	-0.12250299999999997	0.0	0.0	0.0
AGBL5	0.60849	0.459525	0.41681	0.0	0.0	0.0	PF18027	0	0.09323199999999998	0.010294999999999999	-0.03415950000000001	0.0	0.0	0.0
AGK	0.715111	0.589129	0.256953	0.0	0.0	0.0	PF19712	1	0.0	0.0	0.0	1.0	1.0	1.0
AGL	0.516965	0.348489	0.402767	0.0	0.0	0.0	PF06202	1	0.0	0.0	0.0	1.0	1.0	1.0
AGPAT2	0.587941	0.586658	0.368557	0.0	0.0	0.0	PF01553	0	0.013690000000000091	0.07482733333333336	-0.016175333333333264	0.0	0.0	0.0
AGPS	0.31769	0.365365	0.722656	0.0	0.0	0.0	PF02913	0	-0.22792050000000003	-0.140673	0.22292649999999997	0.0	0.0	0.0
AGRN	0.645057	0.678687	0.285845	0.0	0.0	0.0	PF00008	0	-0.025196444444444466	0.025255333333333407	-0.010419111111111101	0.0	0.0	0.0
AGT	0.54639	0.64447	0.268766	0.0	0.0	0.0	PF00079	0	-0.024585666666666617	0.0017336666666665224	0.03029166666666669	0.0	0.0	0.0
AGTPBP1	0.422026	0.438935	0.485129	0.0	0.0	0.0	PF18027	0	-0.09323199999999998	-0.010294999999999999	0.034159499999999954	0.0	0.0	0.0
AGTR1	0.807975	0.794668	0.178146	0.0	0.0	0.0	PF00001	0	0.09284575000000006	0.04272324999999999	-0.14151300000000003	0.0	0.0	0.0
AGXT	0.739168	0.5687	0.307583	0.0	0.0	0.0	PF00266	0	0.06317949999999994	0.06241200000000002	-0.02874150000000003	0.0	0.0	0.0
AHCY	0.679975	0.563701	0.353092	0.0	0.0	0.0	PF05221	1	0.0	0.0	0.0	1.0	1.0	1.0
AHDC1	0.15102	0.204983	0.913639	0.0	0.0	0.0		1	0.0	0.0	0.0	1.0	1.0	1.0
AHI1	0.600746	0.690074	0.451359	0.0	0.0	0.0	PF00018	1	0.0	0.0	0.0	1.0	1.0	1.0
AICDA	0.718001	0.731308	0.23672	0.0	0.0	0.0	PF08210	1	0.0	0.0	0.0	1.0	1.0	1.0
AIMP1	0.586192	0.410101	0.457679	0.0	0.0	0.0	PF01588	1	0.0	0.0	0.0	1.0	1.0	1.0
AIP	0.63376	0.701506	0.275078	0.0	0.0	0.0		1	0.0	0.0	0.0	1.0	1.0	1.0
AIPL1	0.670979	0.751511	0.261615	0.0	0.0	0.0	PF23322	1	0.0	0.0	0.0	1.0	1.0	1.0
AIRE	0.456676	0.57117	0.428207	0.0	0.0	0.0	PF03172	1	0.0	0.0	0.0	1.0	1.0	1.0
AK1	0.812998	0.589694	0.214571	0.0	0.0	0.0	PF00406	0	0.02535949999999998	0.02182099999999998	-0.029418	0.0	0.0	0.0
AK2	0.762279	0.546052	0.273407	0.0	0.0	0.0	PF00406	0	-0.02535949999999998	-0.02182100000000009	0.029418	0.0	0.0	0.0
AKR1C2	0.761054	0.63787	0.250119	0.0	0.0	0.0	PF00248	0	0.002406999999999937	-0.020791499999999963	0.004006499999999996	0.0	0.0	0.0
AKR1D1	0.75624	0.679453	0.242106	0.0	0.0	0.0	PF00248	0	-0.002407000000000048	0.020791499999999963	-0.004006499999999996	0.0	0.0	0.0
AKT1	0.66425	0.830988	0.660736	0.0	0.0	0.0	PF00169	0	0.09701024999999996	0.1737415	0.13645724999999997	0.0	0.0	0.0
AKT3	0.301997	0.449832	0.722185	0.0	0.0	0.0	PF00169	0	-0.26524275	-0.20741449999999995	0.19790624999999995	0.0	0.0	0.0
ALAD	0.757951	0.461202	0.246394	0.0	0.0	0.0	PF00490	1	0.0	0.0	0.0	1.0	1.0	1.0
ALDH18A1	0.729796	0.568667	0.37815	0.0	0.0	0.0	PF00696	0	0.073542	0.056506000000000056	-0.0011729999999999796	0.0	0.0	0.0
ALDH1A3	0.76253	0.673824	0.261487	0.0	0.0	0.0	PF00171	0	0.023932000000000064	0.005727599999999944	-0.038605	0.0	0.0	0.0
ALDH3A2	0.792605	0.748083	0.196192	0.0	0.0	0.0	PF00171	0	0.05400700000000003	0.07998660000000002	-0.10390000000000002	0.0	0.0	0.0
ALDH4A1	0.725114	0.652545	0.308402	0.0	0.0	0.0	PF00171	0	-0.01348399999999994	-0.015551399999999993	0.008309999999999984	0.0	0.0	0.0
ALDH5A1	0.751819	0.6367	0.299206	0.0	0.0	0.0	PF00171	0	0.013221000000000038	-0.03139639999999999	-0.0008859999999999979	0.0	0.0	0.0
ALDH7A1	0.660922	0.62933	0.435173	0.0	0.0	0.0	PF00171	0	-0.07767599999999997	-0.03876640000000009	0.13508099999999995	0.0	0.0	0.0
ALDOB	0.755907	0.449539	0.288307	0.0	0.0	0.0	PF00274	1	0.0	0.0	0.0	1.0	1.0	1.0
ALG1	0.58092	0.51562	0.372229	0.0	0.0	0.0	PF00534	0	0.06652849999999999	0.03831849999999998	-0.13474650000000005	0.0	0.0	0.0
ALG11	0.606793	0.500514	0.398774	0.0	0.0	0.0	PF15924	1	0.0	0.0	0.0	1.0	1.0	1.0
ALG12	0.668786	0.601916	0.292875	0.0	0.0	0.0	PF03901	0	0.0029969999999999164	0.06050333333333335	-0.022569666666666655	0.0	0.0	0.0
ALG2	0.678074	0.593959	0.274503	0.0	0.0	0.0	PF13439	1	0.0	0.0	0.0	1.0	1.0	1.0
ALG3	0.631569	0.576667	0.352268	0.0	0.0	0.0	PF05208	1	0.0	0.0	0.0	1.0	1.0	1.0
ALG6	0.686434	0.559585	0.272422	0.0	0.0	0.0	PF03155	0	-0.03041399999999994	-0.0057234999999999925	0.01891100000000001	0.0	0.0	0.0
ALG8	0.747262	0.571032	0.2346	0.0	0.0	0.0	PF03155	0	0.030414000000000052	0.0057234999999999925	-0.018910999999999983	0.0	0.0	0.0
ALG9	0.618318	0.517456	0.334039	0.0	0.0	0.0	PF03901	0	-0.04747100000000004	-0.023956666666666626	0.018594333333333324	0.0	0.0	0.0
ALK	0.694179	0.72225	0.304341	0.0	0.0	0.0	PF12810	1	0.0	0.0	0.0	1.0	1.0	1.0
ALMS1	0.555184	0.443466	0.520227	0.0	0.0	0.0	PF15309	1	0.0	0.0	0.0	1.0	1.0	1.0
ALOX12B	0.617345	0.701643	0.256905	0.0	0.0	0.0	PF00305	0	0.04632449999999999	0.03608549999999999	-0.04889399999999999	0.0	0.0	0.0
ALOXE3	0.524696	0.629472	0.354693	0.0	0.0	0.0	PF00305	0	-0.04632449999999999	-0.03608549999999999	0.04889399999999999	0.0	0.0	0.0
ALPK3	0.556668	0.590555	0.457724	0.0	0.0	0.0		1	0.0	0.0	0.0	1.0	1.0	1.0
ALPL	0.742372	0.599129	0.227024	0.0	0.0	0.0	PF00245	1	0.0	0.0	0.0	1.0	1.0	1.0
ALS2	0.567866	0.594673	0.369495	0.0	0.0	0.0	PF25582	1	0.0	0.0	0.0	1.0	1.0	1.0
ALX1	0.722722	0.355069	0.593461	0.0	0.0	0.0		1	0.0	0.0	0.0	1.0	1.0	1.0
ALX3	0.729779	0.485589	0.535098	0.0	0.0	0.0	PF00046	0	0.1319868823529411	0.07564947058823529	-0.12293182352941179	0.0	0.0	0.0
ALX4	0.608519	0.395968	0.652553	0.0	0.0	0.0	PF00046	0	0.01072688235294117	-0.013971529411764716	-0.005476823529411701	0.0	0.0	0.0
AMACR	0.69525	0.59266	0.255404	0.0	0.0	0.0	PF02515	1	0.0	0.0	0.0	1.0	1.0	1.0
AMER1	0.356698	0.420208	0.717641	0.0	0.0	0.0		1	0.0	0.0	0.0	1.0	1.0	1.0
AMN	0.658775	0.669512	0.219976	0.0	0.0	0.0	PF14828	1	0.0	0.0	0.0	1.0	1.0	1.0
AMPD2	0.62643	0.604725	0.378538	0.0	0.0	0.0	PF19326	1	0.0	0.0	0.0	1.0	1.0	1.0
AMT	0.74464	0.732149	0.340365	0.0	0.0	0.0	PF01571	1	0.0	0.0	0.0	1.0	1.0	1.0
ANAPC1	0.328036	0.308296	0.714248	0.0	0.0	0.0		1	0.0	0.0	0.0	1.0	1.0	1.0
ANGPTL3	0.685713	0.589686	0.30186	0.0	0.0	0.0	PF00147	1	0.0	0.0	0.0	1.0	1.0	1.0
ANK2	0.432417	0.492658	0.731054	0.0	0.0	0.0	PF00023	0	-0.12636481818181816	-0.16920072727272745	0.292255	0.0	0.0	0.0
ANKH	0.685025	0.619685	0.313189	0.0	0.0	0.0	PF07260	1	0.0	0.0	0.0	1.0	1.0	1.0
ANKRD17	0.166859	0.249749	0.891847	0.0	0.0	0.0		1	0.0	0.0	0.0	1.0	1.0	1.0
ANO10	0.665507	0.7622	0.261791	0.0	0.0	0.0	PF04547	1	0.0	0.0	0.0	1.0	1.0	1.0
ANTXR1	0.481525	0.626626	0.601355	0.0	0.0	0.0		1	0.0	0.0	0.0	1.0	1.0	1.0
ANTXR2	0.723839	0.787509	0.285244	0.0	0.0	0.0	PF05586	1	0.0	0.0	0.0	1.0	1.0	1.0
AP1B1	0.369369	0.363857	0.603522	0.0	0.0	0.0	PF01602	0	-0.09424600000000005	-0.05086466666666667	0.06028099999999992	0.0	0.0	0.0
AP1G1	0.416158	0.438128	0.610813	0.0	0.0	0.0	PF01602	0	-0.04745700000000008	0.023406333333333362	0.06757199999999997	0.0	0.0	0.0
AP1S2	0.468174	0.554482	0.547649	0.0	0.0	0.0		1	0.0	0.0	0.0	1.0	1.0	1.0
AP3B1	0.605318	0.44218	0.415388	0.0	0.0	0.0	PF01602	0	0.14170299999999997	0.027458333333333362	-0.1278530000000001	0.0	0.0	0.0
AP3B2	0.529492	0.382884	0.488368	0.0	0.0	0.0		1	0.0	0.0	0.0	1.0	1.0	1.0
AP4B1	0.616996	0.598998	0.270006	0.0	0.0	0.0		1	0.0	0.0	0.0	1.0	1.0	1.0
AP4E1	0.668173	0.591704	0.278864	0.0	0.0	0.0		1	0.0	0.0	0.0	1.0	1.0	1.0
AP4M1	0.437945	0.389492	0.536802	0.0	0.0	0.0	PF00928	1	0.0	0.0	0.0	1.0	1.0	1.0
AP4S1	0.719643	0.644367	0.233283	0.0	0.0	0.0		1	0.0	0.0	0.0	1.0	1.0	1.0
APC	0.38151	0.357596	0.809377	0.0	0.0	0.0	PF05972	1	0.0	0.0	0.0	1.0	1.0	1.0
APC2	0.413768	0.511578	0.752373	0.0	0.0	0.0	PF05956	1	0.0	0.0	0.0	1.0	1.0	1.0
APOA1	0.523436	0.708484	0.112032	0.0	0.0	0.0	PF01442	1	0.0	0.0	0.0	1.0	1.0	1.0
APOB	0.737083	0.303199	0.326729	0.0	0.0	0.0	PF12491	1	0.0	0.0	0.0	1.0	1.0	1.0
APOC2	0.601677	0.663435	0.14317	0.0	0.0	0.0	PF05355	1	0.0	0.0	0.0	1.0	1.0	1.0
APRT	0.565929	0.544997	0.397258	0.0	0.0	0.0	PF00156	0	0.1360745	0.09122649999999999	-0.15281	0.0	0.0	0.0
APTX	0.596528	0.326427	0.462185	0.0	0.0	0.0		1	0.0	0.0	0.0	1.0	1.0	1.0
AR	0.337461	0.375851	0.850154	0.0	0.0	0.0	PF02166	1	0.0	0.0	0.0	1.0	1.0	1.0
ARCN1	0.269452	0.267602	0.753116	0.0	0.0	0.0		1	0.0	0.0	0.0	1.0	1.0	1.0
ARFGEF1	0.361686	0.507277	0.654026	0.0	0.0	0.0	PF20252	1	0.0	0.0	0.0	1.0	1.0	1.0
ARFGEF2	0.384834	0.560522	0.611895	0.0	0.0	0.0		1	0.0	0.0	0.0	1.0	1.0	1.0
ARG1	0.74952	0.483901	0.318622	0.0	0.0	0.0	PF00491	1	0.0	0.0	0.0	1.0	1.0	1.0
ARHGAP31	0.396226	0.53852	0.708154	0.0	0.0	0.0		1	0.0	0.0	0.0	1.0	1.0	1.0
ARHGAP35	0.263531	0.360327	0.770369	0.0	0.0	0.0		1	0.0	0.0	0.0	1.0	1.0	1.0
ARHGDIA	0.610089	0.507065	0.256566	0.0	0.0	0.0	PF02115	1	0.0	0.0	0.0	1.0	1.0	1.0
ARHGEF9	0.310202	0.518498	0.706675	0.0	0.0	0.0		1	0.0	0.0	0.0	1.0	1.0	1.0
ARID1A	0.145169	0.160881	0.90637	0.0	0.0	0.0	PF01388	0	-0.11700624999999998	-0.1932685	0.16514799999999996	0.0	0.0	0.0
ARID1B	0.15186	0.156782	0.911056	0.0	0.0	0.0	PF01388	0	-0.11031524999999998	-0.1973675	0.16983399999999993	0.0	0.0	0.0
ARID2	0.211623	0.136167	0.826558	0.0	0.0	0.0		1	0.0	0.0	0.0	1.0	1.0	1.0
ARL2BP	0.814376	0.722737	0.176131	0.0	0.0	0.0		1	0.0	0.0	0.0	1.0	1.0	1.0
ARL6	0.78377	0.723366	0.259462	0.0	0.0	0.0	PF00025	0	-0.0020259999999999723	-0.004179500000000003	0.0069330000000000225	0.0	0.0	0.0
ARMC9	0.596217	0.586336	0.427688	0.0	0.0	0.0		1	0.0	0.0	0.0	1.0	1.0	1.0
ARPC1B	0.696092	0.470844	0.399716	0.0	0.0	0.0	PF00400	0	0.02483462500000011	-0.04522787499999997	0.0010022500000000378	0.0	0.0	0.0
ARSA	0.632585	0.604407	0.308428	0.0	0.0	0.0	PF00884	0	-0.006991666666666618	0.03501516666666671	-0.05194749999999998	0.0	0.0	0.0
ARSB	0.717902	0.62149	0.275134	0.0	0.0	0.0	PF00884	0	0.07832533333333347	0.05209816666666667	-0.08524149999999997	0.0	0.0	0.0
ARSL	0.633253	0.548631	0.325587	0.0	0.0	0.0	PF00884	0	-0.006323666666666616	-0.02076083333333334	-0.034788499999999944	0.0	0.0	0.0
ARX	0.321571	0.284575	0.85342	0.0	0.0	0.0	PF00046	0	-0.27622111764705887	-0.12536452941176468	0.1953901764705882	0.0	0.0	0.0
ASAH1	0.586851	0.545433	0.340284	0.0	0.0	0.0	PF02275	1	0.0	0.0	0.0	1.0	1.0	1.0
ASL	0.743076	0.610037	0.326244	0.0	0.0	0.0	PF14698	1	0.0	0.0	0.0	1.0	1.0	1.0
ASNS	0.72745	0.66775	0.288998	0.0	0.0	0.0	PF00733	1	0.0	0.0	0.0	1.0	1.0	1.0
ASPA	0.625612	0.427399	0.298299	0.0	0.0	0.0	PF24827	1	0.0	0.0	0.0	1.0	1.0	1.0
ASPH	0.572791	0.493602	0.283416	0.0	0.0	0.0	PF05279	0	0.02812199999999998	0.09454099999999999	-0.132314	0.0	0.0	0.0
ASPM	0.685011	0.674767	0.235278	0.0	0.0	0.0		1	0.0	0.0	0.0	1.0	1.0	1.0
ASRGL1	0.723723	0.613077	0.33268	0.0	0.0	0.0		1	0.0	0.0	0.0	1.0	1.0	1.0
ASS1	0.698146	0.562146	0.338783	0.0	0.0	0.0	PF20979	1	0.0	0.0	0.0	1.0	1.0	1.0
ASXL1	0.547562	0.426133	0.505959	0.0	0.0	0.0	PF13919	1	0.0	0.0	0.0	1.0	1.0	1.0
ASXL2	0.248221	0.213493	0.828796	0.0	0.0	0.0		1	0.0	0.0	0.0	1.0	1.0	1.0
ASXL3	0.222043	0.222489	0.809059	0.0	0.0	0.0		1	0.0	0.0	0.0	1.0	1.0	1.0
ATAD3A	0.846711	0.771314	0.203268	0.0	0.0	0.0	PF00004	0	0.2145849090909091	0.2905929090909092	-0.22735272727272726	0.0	0.0	0.0
ATF6	0.700728	0.235319	0.441904	0.0	0.0	0.0	PF00170	1	0.0	0.0	0.0	1.0	1.0	1.0
ATG5	0.355501	0.380388	0.666922	0.0	0.0	0.0	PF20637	1	0.0	0.0	0.0	1.0	1.0	1.0
ATG7	0.654244	0.487283	0.308332	0.0	0.0	0.0	PF16420	1	0.0	0.0	0.0	1.0	1.0	1.0
ATIC	0.563336	0.3845	0.471159	0.0	0.0	0.0	PF01808	1	0.0	0.0	0.0	1.0	1.0	1.0
ATL1	0.569413	0.632618	0.464486	0.0	0.0	0.0	PF02263	0	-0.08410650000000008	-0.048655000000000004	0.12764400000000004	0.0	0.0	0.0
ATL3	0.737626	0.729928	0.209198	0.0	0.0	0.0	PF02263	0	0.08410649999999997	0.048655000000000004	-0.12764399999999998	0.0	0.0	0.0
ATM	0.646042	0.432325	0.317537	0.0	0.0	0.0	PF02259	0	0.07558633333333331	-0.031926666666666714	-0.126506	0.0	0.0	0.0
ATOH7	0.617517	0.470303	0.546192	0.0	0.0	0.0	PF00010	0	0.11713837500000002	0.137495625	-0.15661349999999996	0.0	0.0	0.0
ATP1A2	0.804799	0.824774	0.20155	0.0	0.0	0.0	PF13246	0	0.1515982857142858	0.0908607142857144	-0.15825500000000003	0.0	0.0	0.0
ATP1A3	0.404491	0.657199	0.613862	0.0	0.0	0.0	PF13246	0	-0.24870971428571426	-0.07671428571428562	0.254057	0.0	0.0	0.0
ATP2A1	0.784186	0.836223	0.199632	0.0	0.0	0.0	PF13246	0	0.1309852857142858	0.10230971428571445	-0.16017300000000004	0.0	0.0	0.0
ATP2A2	0.479878	0.620342	0.546923	0.0	0.0	0.0	PF13246	0	-0.17332271428571422	-0.11357128571428565	0.187118	0.0	0.0	0.0
ATP2C1	0.550848	0.668467	0.521552	0.0	0.0	0.0	PF13246	0	-0.10235271428571424	-0.06544628571428557	0.16174699999999997	0.0	0.0	0.0
ATP5F1A	0.695864	0.465749	0.478407	0.0	0.0	0.0	PF00006	0	0.04359766666666676	-2.3333333333375172e-05	0.004064666666666661	0.0	0.0	0.0
ATP5F1D	0.692285	0.443134	0.329566	0.0	0.0	0.0	PF02823	1	0.0	0.0	0.0	1.0	1.0	1.0
ATP5F1E	0.667724	0.751783	0.387634	0.0	0.0	0.0	PF04627	1	0.0	0.0	0.0	1.0	1.0	1.0
ATP6V0A2	0.729169	0.765354	0.208181	0.0	0.0	0.0		1	0.0	0.0	0.0	1.0	1.0	1.0
ATP6V0C	0.7319	0.679955	0.344527	0.0	0.0	0.0	PF00137	1	0.0	0.0	0.0	1.0	1.0	1.0
ATP6V1B1	0.777331	0.592337	0.295643	0.0	0.0	0.0	PF00006	0	0.1250646666666667	0.1265646666666666	-0.17869933333333338	0.0	0.0	0.0
ATP6V1B2	0.483604	0.339231	0.648977	0.0	0.0	0.0	PF00006	0	-0.1686623333333333	-0.1265413333333334	0.17463466666666666	0.0	0.0	0.0
ATP6V1E1	0.71822	0.564465	0.321204	0.0	0.0	0.0	PF01991	1	0.0	0.0	0.0	1.0	1.0	1.0
ATP7A	0.499872	0.596554	0.579054	0.0	0.0	0.0	PF00122	0	-0.0922615	-0.049600499999999936	0.09284549999999997	0.0	0.0	0.0
ATP7B	0.684395	0.695755	0.393363	0.0	0.0	0.0	PF00122	0	0.0922615	0.04960050000000005	-0.09284549999999997	0.0	0.0	0.0
ATP8A2	0.781842	0.780199	0.231618	0.0	0.0	0.0	PF13246	0	0.1286412857142858	0.046285714285714374	-0.12818700000000005	0.0	0.0	0.0
ATP8B1	0.766361	0.750189	0.203498	0.0	0.0	0.0	PF13246	0	0.11316028571428571	0.016275714285714393	-0.15630700000000003	0.0	0.0	0.0
ATR	0.618126	0.466793	0.342998	0.0	0.0	0.0	PF02259	0	0.04767033333333326	0.0025413333333332844	-0.101045	0.0	0.0	0.0
ATRX	0.303527	0.155188	0.771017	0.0	0.0	0.0	PF17981	1	0.0	0.0	0.0	1.0	1.0	1.0
ATXN7	0.284357	0.214353	0.875128	0.0	0.0	0.0		1	0.0	0.0	0.0	1.0	1.0	1.0
AUH	0.706526	0.619326	0.311612	0.0	0.0	0.0	PF00378	0	-0.03841850000000002	-0.0017804999999999627	0.02178749999999996	0.0	0.0	0.0
AURKC	0.761778	0.690151	0.305293	0.0	0.0	0.0	PF00069	0	0.20147979166666663	0.10904162500000003	-0.21230374999999996	0.0	0.0	0.0
AUTS2	0.278804	0.154327	0.904187	0.0	0.0	0.0	PF15336	1	0.0	0.0	0.0	1.0	1.0	1.0
B3GALNT2	0.634619	0.673854	0.261695	0.0	0.0	0.0		1	0.0	0.0	0.0	1.0	1.0	1.0
B3GALT6	0.644642	0.720914	0.26361	0.0	0.0	0.0	PF01762	1	0.0	0.0	0.0	1.0	1.0	1.0
B3GAT3	0.578919	0.560552	0.348775	0.0	0.0	0.0	PF03360	1	0.0	0.0	0.0	1.0	1.0	1.0
B3GLCT	0.601992	0.531775	0.296724	0.0	0.0	0.0	PF02434	1	0.0	0.0	0.0	1.0	1.0	1.0
B4GALT1	0.65835	0.636759	0.352103	0.0	0.0	0.0	PF02709	0	0.013366500000000059	0.028550999999999993	-0.0022709999999999675	0.0	0.0	0.0
B4GALT7	0.631617	0.579657	0.356645	0.0	0.0	0.0	PF02709	0	-0.013366499999999948	-0.028550999999999993	0.002271000000000023	0.0	0.0	0.0
B9D1	0.603809	0.627212	0.375893	0.0	0.0	0.0		1	0.0	0.0	0.0	1.0	1.0	1.0
BAG3	0.425138	0.414502	0.524556	0.0	0.0	0.0	PF02179	1	0.0	0.0	0.0	1.0	1.0	1.0
BANF1	0.410022	0.443942	0.505396	0.0	0.0	0.0	PF02961	1	0.0	0.0	0.0	1.0	1.0	1.0
BAP1	0.291251	0.3445	0.769779	0.0	0.0	0.0	PF01088	0	0.008745000000000003	-0.0330105	0.10811499999999996	0.0	0.0	0.0
BARD1	0.465562	0.267632	0.577229	0.0	0.0	0.0		1	0.0	0.0	0.0	1.0	1.0	1.0
BBIP1	0.744057	0.750884	0.353136	0.0	0.0	0.0		1	0.0	0.0	0.0	1.0	1.0	1.0
BBS1	0.599232	0.439982	0.410276	0.0	0.0	0.0	PF14779	1	0.0	0.0	0.0	1.0	1.0	1.0
BBS10	0.529585	0.313996	0.423352	0.0	0.0	0.0	PF00118	0	-0.05693719999999991	-0.17849500000000007	0.0036363999999999286	0.0	0.0	0.0
BBS12	0.586792	0.425601	0.332181	0.0	0.0	0.0	PF00118	0	0.00026980000000009774	-0.06689000000000006	-0.08753460000000007	0.0	0.0	0.0
BBS2	0.495971	0.36378	0.471233	0.0	0.0	0.0	PF23351	1	0.0	0.0	0.0	1.0	1.0	1.0
BBS4	0.624145	0.655923	0.398825	0.0	0.0	0.0	PF13414	1	0.0	0.0	0.0	1.0	1.0	1.0
BBS5	0.607764	0.477717	0.335341	0.0	0.0	0.0	PF07289	1	0.0	0.0	0.0	1.0	1.0	1.0
BBS7	0.572406	0.425184	0.357784	0.0	0.0	0.0	PF23360	1	0.0	0.0	0.0	1.0	1.0	1.0
BBS9	0.600548	0.48018	0.379725	0.0	0.0	0.0	PF14727	1	0.0	0.0	0.0	1.0	1.0	1.0
BCAP31	0.728556	0.577078	0.333384	0.0	0.0	0.0		1	0.0	0.0	0.0	1.0	1.0	1.0
BCAS3	0.570264	0.484646	0.568265	0.0	0.0	0.0		1	0.0	0.0	0.0	1.0	1.0	1.0
BCAT2	0.633233	0.646699	0.369045	0.0	0.0	0.0	PF01063	1	0.0	0.0	0.0	1.0	1.0	1.0
BCKDHA	0.7046	0.609587	0.304823	0.0	0.0	0.0	PF00676	0	0.1613715	0.1170425	-0.19089249999999996	0.0	0.0	0.0
BCKDHB	0.647337	0.572683	0.36313	0.0	0.0	0.0	PF02779	0	-0.06020133333333333	-0.03125566666666668	0.046364666666666665	0.0	0.0	0.0
BCL10	0.484926	0.811606	0.347742	0.0	0.0	0.0	PF00619	0	-0.0904548	0.14265260000000002	-0.007057800000000003	0.0	0.0	0.0
BCL11A	0.316868	0.199398	0.851623	0.0	0.0	0.0	PF25491	0	-0.014430500000000013	-0.022838999999999998	-0.00214700000000001	0.0	0.0	0.0
BCL11B	0.345729	0.245076	0.855917	0.0	0.0	0.0	PF25491	0	0.014430500000000013	0.022838999999999998	0.00214700000000001	0.0	0.0	0.0
BCOR	0.182607	0.22032	0.878501	0.0	0.0	0.0	PF12796	0	-0.3454495454545454	-0.35802672727272733	0.3621394545454546	0.0	0.0	0.0
BCS1L	0.697297	0.468891	0.364301	0.0	0.0	0.0	PF00004	0	0.06517090909090906	-0.011830090909090873	-0.06631972727272728	0.0	0.0	0.0
BEST1	0.755346	0.815669	0.280428	0.0	0.0	0.0	PF01062	1	0.0	0.0	0.0	1.0	1.0	1.0
BFSP1	0.679247	0.803052	0.308827	0.0	0.0	0.0	PF00038	0	-0.23219888235294106	-0.08597188235294129	0.06998629411764706	0.0	0.0	0.0
BGN	0.660877	0.62986	0.439088	0.0	0.0	0.0	PF13855	0	-0.02668550000000003	-0.11170075000000002	0.08563149999999997	0.0	0.0	0.0
BHLHA9	0.522482	0.583347	0.60707	0.0	0.0	0.0	PF00010	0	0.022103375000000036	0.25053962499999993	-0.09573549999999997	0.0	0.0	0.0
BICRA	0.195816	0.307869	0.824681	0.0	0.0	0.0	PF15249	1	0.0	0.0	0.0	1.0	1.0	1.0
BIN1	0.481643	0.561766	0.582076	0.0	0.0	0.0	PF03114	1	0.0	0.0	0.0	1.0	1.0	1.0
BLM	0.638501	0.292577	0.383368	0.0	0.0	0.0	PF08072	1	0.0	0.0	0.0	1.0	1.0	1.0
BLOC1S3	0.582674	0.756511	0.332534	0.0	0.0	0.0		1	0.0	0.0	0.0	1.0	1.0	1.0
BLOC1S6	0.760504	0.668896	0.261993	0.0	0.0	0.0		1	0.0	0.0	0.0	1.0	1.0	1.0
BMP1	0.758321	0.71296	0.293717	0.0	0.0	0.0	PF01400	1	0.0	0.0	0.0	1.0	1.0	1.0
BMP2	0.396664	0.232734	0.688336	0.0	0.0	0.0	PF00019	0	0.006152600000000008	-0.01455579999999998	0.02521680000000004	0.0	0.0	0.0
BMP4	0.419331	0.267669	0.64428	0.0	0.0	0.0	PF00019	0	0.0288196	0.020379200000000014	-0.018839199999999945	0.0	0.0	0.0
BMPER	0.705606	0.671153	0.274211	0.0	0.0	0.0	PF08742	0	0.015400999999999998	0.0009240000000000359	0.01149599999999995	0.0	0.0	0.0
BMPR1A	0.462517	0.551468	0.612193	0.0	0.0	0.0	PF01064	0	-0.010318599999999956	-0.050998200000000105	0.006767599999999985	0.0	0.0	0.0
BMPR1B	0.467295	0.538742	0.619768	0.0	0.0	0.0	PF01064	0	-0.005540599999999951	-0.06372420000000001	0.014342599999999983	0.0	0.0	0.0
BMPR2	0.342239	0.586836	0.761616	0.0	0.0	0.0	PF01064	0	-0.13059659999999995	-0.01563020000000004	0.15619059999999996	0.0	0.0	0.0
BNC2	0.340535	0.272503	0.816543	0.0	0.0	0.0	PF00096	0	-0.0455691333333334	0.0034986666666667054	0.010914866666666523	0.0	0.0	0.0
BOLA3	0.691901	0.541345	0.361847	0.0	0.0	0.0	PF01722	1	0.0	0.0	0.0	1.0	1.0	1.0
BPGM	0.599367	0.539732	0.272492	0.0	0.0	0.0	PF00300	0	-0.013223500000000055	0.021127499999999966	-0.04467899999999997	0.0	0.0	0.0
BPNT2	0.642468	0.519529	0.289088	0.0	0.0	0.0	PF00459	1	0.0	0.0	0.0	1.0	1.0	1.0
BPTF	0.166039	0.147329	0.881512	0.0	0.0	0.0		1	0.0	0.0	0.0	1.0	1.0	1.0
BRAF	0.524403	0.626206	0.708514	0.0	0.0	0.0	PF00130	0	-0.03053433333333333	0.007874500000000006	0.18440849999999998	0.0	0.0	0.0
BRAT1	0.473852	0.539822	0.338971	0.0	0.0	0.0	PF02985	0	-0.034987500000000005	-0.0006085000000000118	-0.12381249999999999	0.0	0.0	0.0
BRCA1	0.632525	0.400447	0.555596	0.0	0.0	0.0	PF00533	0	-0.0057114999999999805	-0.07198399999999999	0.15007899999999996	0.0	0.0	0.0
BRCA2	0.621609	0.25272	0.451743	0.0	0.0	0.0	PF09169	1	0.0	0.0	0.0	1.0	1.0	1.0
BRD4	0.169532	0.227883	0.878947	0.0	0.0	0.0		1	0.0	0.0	0.0	1.0	1.0	1.0
BRF1	0.636526	0.432608	0.407633	0.0	0.0	0.0	PF07741	1	0.0	0.0	0.0	1.0	1.0	1.0
BRIP1	0.679105	0.352825	0.345552	0.0	0.0	0.0		1	0.0	0.0	0.0	1.0	1.0	1.0
BRPF1	0.260253	0.273985	0.810908	0.0	0.0	0.0	PF00439	0	0.03875250000000002	-0.006823500000000038	-0.034187833333333306	0.0	0.0	0.0
BRSK2	0.475058	0.514013	0.714772	0.0	0.0	0.0		1	0.0	0.0	0.0	1.0	1.0	1.0
BRWD3	0.184315	0.285379	0.839316	0.0	0.0	0.0	PF00439	0	-0.03718549999999998	0.004570499999999977	-0.005779833333333317	0.0	0.0	0.0
BSCL2	0.632253	0.632253	0.321148	0.0	0.0	0.0		1	0.0	0.0	0.0	1.0	1.0	1.0
BSND	0.649745	0.730722	0.379692	0.0	0.0	0.0	PF15462	1	0.0	0.0	0.0	1.0	1.0	1.0
BTD	0.587943	0.504344	0.356916	0.0	0.0	0.0	PF00795	0	-0.06376100000000007	-0.008095000000000074	0.02188800000000002	0.0	0.0	0.0
BUB1B	0.66981	0.430323	0.363315	0.0	0.0	0.0		1	0.0	0.0	0.0	1.0	1.0	1.0
C12ORF65	0.622559	0.560552	0.372742	1.0	1.0	1.0	PF00472	1	0.0	0.0	0.0	1.0	1.0	1.0
C19ORF12	0.622559	0.560552	0.372742	1.0	1.0	1.0	PF20721	1	0.0	0.0	0.0	1.0	1.0	1.0
C1QA	0.752678	0.602812	0.341299	0.0	0.0	0.0	PF00386	0	-0.04005700000000012	0.0020959999999999868	-0.0046599999999999975	0.0	0.0	0.0
C1QB	0.780194	0.613876	0.34814	0.0	0.0	0.0	PF00386	0	-0.012541000000000024	0.01315999999999995	0.0021809999999999885	0.0	0.0	0.0
C1QBP	0.55713	0.309926	0.35635	0.0	0.0	0.0	PF02330	1	0.0	0.0	0.0	1.0	1.0	1.0
C1QC	0.813078	0.65018	0.302318	0.0	0.0	0.0	PF00386	0	0.02034299999999989	0.04946399999999995	-0.04364100000000004	0.0	0.0	0.0
C1R	0.508219	0.631252	0.463346	0.0	0.0	0.0	PF00431	0	-0.12522333333333335	-0.07056783333333339	0.12650016666666664	0.0	0.0	0.0
C1S	0.692437	0.744275	0.237937	0.0	0.0	0.0	PF00431	0	0.05899466666666664	0.0424551666666666	-0.09890883333333333	0.0	0.0	0.0
C2CD3	0.639221	0.531983	0.436963	0.0	0.0	0.0	PF00168	0	0.0785987142857143	-0.04738264285714289	-0.039947571428571416	0.0	0.0	0.0
C3	0.33415	0.40881	0.527058	0.0	0.0	0.0	PF00207	0	-0.15932949999999996	-0.09389100000000006	0.11424650000000003	0.0	0.0	0.0
CA12	0.714983	0.602998	0.276137	0.0	0.0	0.0	PF00194	0	-0.0008847499999999897	0.036320250000000054	0.002861500000000017	0.0	0.0	0.0
CA2	0.63226	0.448437	0.343041	0.0	0.0	0.0	PF00194	0	-0.08360774999999998	-0.11824075	0.06976549999999998	0.0	0.0	0.0
CA5A	0.778435	0.62154	0.263222	0.0	0.0	0.0	PF00194	0	0.06256724999999996	0.05486225	-0.010053499999999993	0.0	0.0	0.0
CA8	0.737793	0.593736	0.210702	0.0	0.0	0.0	PF00194	0	0.021925250000000007	0.02705825000000006	-0.0625735	0.0	0.0	0.0
CABP2	0.812689	0.841683	0.255946	0.0	0.0	0.0	PF13499	0	0.14788619999999997	0.15900760000000003	-0.1682612	0.0	0.0	0.0
CABP4	0.703514	0.816387	0.370249	0.0	0.0	0.0	PF00036	0	-0.032128000000000045	0.022643666666666618	0.06157833333333329	0.0	0.0	0.0
CACNA1A	0.552398	0.735339	0.581569	0.0	0.0	0.0	PF08763	0	-0.04990059999999996	-0.00979540000000012	0.08682679999999998	0.0	0.0	0.0
CACNA1B	0.591679	0.742776	0.555054	0.0	0.0	0.0		1	0.0	0.0	0.0	1.0	1.0	1.0
CACNA1C	0.546193	0.727814	0.586535	0.0	0.0	0.0	PF08763	0	-0.05610559999999987	-0.017320400000000125	0.09179280000000001	0.0	0.0	0.0
CACNA1D	0.585145	0.734326	0.484547	0.0	0.0	0.0	PF08763	0	-0.01715359999999988	-0.010808400000000051	-0.010195200000000015	0.0	0.0	0.0
CACNA1E	0.533168	0.679434	0.60624	0.0	0.0	0.0	PF08763	0	-0.06913059999999993	-0.0657004000000001	0.11149779999999998	0.0	0.0	0.0
CACNA1F	0.794589	0.848759	0.21482	0.0	0.0	0.0	PF08763	0	0.19229040000000008	0.10362459999999996	-0.2799222	0.0	0.0	0.0
CACNA1G	0.550972	0.760776	0.550977	0.0	0.0	0.0	PF00520	0	-0.1383196874999999	-0.03989937499999996	0.15204500000000004	0.0	0.0	0.0
CACNA2D4	0.582069	0.570006	0.442531	0.0	0.0	0.0		1	0.0	0.0	0.0	1.0	1.0	1.0
CAD	0.422952	0.393103	0.642353	0.0	0.0	0.0	PF01979	0	-0.11926900000000007	-0.15566100000000005	0.12410199999999993	0.0	0.0	0.0
CALM3	0.74895	0.535362	0.500401	0.0	0.0	0.0	PF13499	0	0.08414719999999998	-0.14731339999999993	0.07619379999999998	0.0	0.0	0.0
CAMK2A	0.520748	0.581529	0.627834	0.0	0.0	0.0	PF08332	0	-0.022087500000000038	-0.0731265000000001	0.007443499999999936	0.0	0.0	0.0
CAMK2B	0.564923	0.727782	0.612947	0.0	0.0	0.0	PF08332	0	0.022087499999999927	0.07312649999999998	-0.007443500000000047	0.0	0.0	0.0
CAMTA1	0.291569	0.297091	0.802488	0.0	0.0	0.0	PF12796	0	-0.23648754545454537	-0.2812557272727273	0.2861264545454546	0.0	0.0	0.0
CANT1	0.588897	0.448078	0.428425	0.0	0.0	0.0	PF06079	1	0.0	0.0	0.0	1.0	1.0	1.0
CAPN1	0.677504	0.67058	0.220045	0.0	0.0	0.0	PF01067	1	0.0	0.0	0.0	1.0	1.0	1.0
CAPN15	0.377422	0.495728	0.565838	0.0	0.0	0.0	PF00648	1	0.0	0.0	0.0	1.0	1.0	1.0
CAPN5	0.689694	0.669531	0.208407	0.0	0.0	0.0	PF00168	0	0.1290717142857143	0.09016535714285712	-0.2685035714285714	0.0	0.0	0.0
CARD14	0.602368	0.595271	0.375567	0.0	0.0	0.0	PF00619	0	0.02698719999999999	-0.07368240000000004	0.020767199999999986	0.0	0.0	0.0
CARD9	0.626246	0.655301	0.371297	0.0	0.0	0.0	PF00619	0	0.050865199999999944	-0.013652400000000009	0.01649719999999999	0.0	0.0	0.0
CARS1	0.638268	0.557884	0.345475	0.0	0.0	0.0		1	0.0	0.0	0.0	1.0	1.0	1.0
CARS2	0.664541	0.598432	0.321318	0.0	0.0	0.0		1	0.0	0.0	0.0	1.0	1.0	1.0
CASK	0.348695	0.54649	0.727295	0.0	0.0	0.0	PF00625	0	-0.13719033333333336	-0.04839033333333331	0.101078	0.0	0.0	0.0
CASP10	0.759918	0.717981	0.199687	0.0	0.0	0.0	PF01335	1	0.0	0.0	0.0	1.0	1.0	1.0
CASQ2	0.663186	0.48418	0.289769	0.0	0.0	0.0	PF01216	1	0.0	0.0	0.0	1.0	1.0	1.0
CBL	0.687331	0.657189	0.428382	0.0	0.0	0.0	PF02262	1	0.0	0.0	0.0	1.0	1.0	1.0
CBLIF	0.631342	0.61985	0.293617	0.0	0.0	0.0	PF01122	0	-0.006021500000000013	-0.010005000000000042	0.0345395	0.0	0.0	0.0
CBS	0.751061	0.646333	0.249166	0.0	0.0	0.0	PF00571	0	0.08423959999999997	-0.026816199999999957	-0.11354840000000005	0.0	0.0	0.0
CC2D1A	0.695046	0.567768	0.326418	0.0	0.0	0.0		1	0.0	0.0	0.0	1.0	1.0	1.0
CC2D2A	0.618487	0.621774	0.332928	0.0	0.0	0.0	PF15625	1	0.0	0.0	0.0	1.0	1.0	1.0
CCBE1	0.740944	0.593635	0.374448	0.0	0.0	0.0	PF01391	0	0.0005228888888888505	-0.04268499999999997	0.023217222222222167	0.0	0.0	0.0
CCDC32	0.66671	0.74847	0.377256	0.0	0.0	0.0		1	0.0	0.0	0.0	1.0	1.0	1.0
CCDC39	0.852801	0.66582	0.170329	0.0	0.0	0.0		1	0.0	0.0	0.0	1.0	1.0	1.0
CCDC40	0.784966	0.632734	0.224598	0.0	0.0	0.0	PF08647	1	0.0	0.0	0.0	1.0	1.0	1.0
CCDC47	0.597652	0.410918	0.299951	0.0	0.0	0.0		1	0.0	0.0	0.0	1.0	1.0	1.0
CCDC8	0.603845	0.677914	0.331676	0.0	0.0	0.0		1	0.0	0.0	0.0	1.0	1.0	1.0
CCDC88C	0.727116	0.642966	0.363574	0.0	0.0	0.0		1	0.0	0.0	0.0	1.0	1.0	1.0
CCM2	0.585323	0.578263	0.39814	0.0	0.0	0.0	PF16545	1	0.0	0.0	0.0	1.0	1.0	1.0
CCND2	0.405933	0.432326	0.64563	0.0	0.0	0.0	PF02984	0	-0.13997300000000001	-0.10216749999999997	0.1690855	0.0	0.0	0.0
CCNO	0.685879	0.636661	0.307459	0.0	0.0	0.0	PF02984	0	0.13997300000000001	0.10216750000000008	-0.16908550000000006	0.0	0.0	0.0
CCNQ	0.507965	0.65847	0.461341	0.0	0.0	0.0		1	0.0	0.0	0.0	1.0	1.0	1.0
CD151	0.799803	0.754071	0.16843	0.0	0.0	0.0		1	0.0	0.0	0.0	1.0	1.0	1.0
CD19	0.445388	0.546811	0.53136	0.0	0.0	0.0		1	0.0	0.0	0.0	1.0	1.0	1.0
CD247	0.870735	0.758714	0.189557	0.0	0.0	0.0	PF02189	1	0.0	0.0	0.0	1.0	1.0	1.0
CD27	0.727658	0.743577	0.22181	0.0	0.0	0.0	PF00020	0	0.04286699999999999	-0.00548700000000002	-0.07073633333333335	0.0	0.0	0.0
CD36	0.630216	0.573491	0.274827	0.0	0.0	0.0	PF01130	0	0.010300499999999935	-0.02359599999999995	0.03528899999999999	0.0	0.0	0.0
CD40	0.598411	0.745797	0.38762	0.0	0.0	0.0	PF00020	0	-0.08638000000000001	-0.00326700000000002	0.09507366666666667	0.0	0.0	0.0
CD55	0.776357	0.745121	0.207334	0.0	0.0	0.0	PF00084	0	0.059170333333333325	0.029590333333333385	0.012401999999999996	0.0	0.0	0.0
CD59	0.622462	0.585547	0.25777	0.0	0.0	0.0	PF25152	1	0.0	0.0	0.0	1.0	1.0	1.0
CD79B	0.433309	0.602758	0.511814	0.0	0.0	0.0	PF07686	0	-0.18388133333333329	-0.056148666666666625	0.12621100000000002	0.0	0.0	0.0
CD8A	0.712258	0.650539	0.316926	0.0	0.0	0.0	PF07686	0	0.09506766666666666	-0.008367666666666662	-0.06867699999999999	0.0	0.0	0.0
CDC14A	0.775589	0.700689	0.296736	0.0	0.0	0.0		1	0.0	0.0	0.0	1.0	1.0	1.0
CDC42	0.614741	0.736425	0.611432	0.0	0.0	0.0	PF00071	0	-0.09855969230769235	0.005421153846153937	0.20123969230769223	0.0	0.0	0.0
CDC45	0.573085	0.260561	0.360433	0.0	0.0	0.0		1	0.0	0.0	0.0	1.0	1.0	1.0
CDC6	0.728414	0.320355	0.388376	0.0	0.0	0.0		1	0.0	0.0	0.0	1.0	1.0	1.0
CDC73	0.320386	0.328044	0.802941	0.0	0.0	0.0	PF05179	1	0.0	0.0	0.0	1.0	1.0	1.0
CDH1	0.778289	0.795984	0.329017	0.0	0.0	0.0	PF01049	0	0.006418000000000035	0.01645400000000008	0.040138666666666656	0.0	0.0	0.0
CDH23	0.763256	0.735227	0.309074	0.0	0.0	0.0	PF00028	0	0.1646874285714286	0.08565742857142855	-0.18681599999999998	0.0	0.0	0.0
CDH3	0.785411	0.763704	0.261745	0.0	0.0	0.0	PF01049	0	0.013539999999999996	-0.015825999999999896	-0.027133333333333343	0.0	0.0	0.0
CDHR1	0.699663	0.711908	0.383382	0.0	0.0	0.0	PF00028	0	0.10109442857142859	0.06233842857142857	-0.112508	0.0	0.0	0.0
CDK19	0.3752	0.39953	0.788006	0.0	0.0	0.0	PF00069	0	-0.18509820833333335	-0.18157937499999993	0.27040925000000005	0.0	0.0	0.0
CDK4	0.666352	0.699491	0.363983	0.0	0.0	0.0	PF00069	0	0.10605379166666673	0.11838162500000005	-0.15361374999999994	0.0	0.0	0.0
CDK5RAP2	0.694943	0.545558	0.331566	0.0	0.0	0.0	PF23246	1	0.0	0.0	0.0	1.0	1.0	1.0
CDK6	0.5378	0.593025	0.52591	0.0	0.0	0.0	PF00069	0	-0.02249820833333338	0.011915625000000096	0.00831325000000005	0.0	0.0	0.0
CDKL5	0.371611	0.390262	0.811072	0.0	0.0	0.0	PF00069	0	-0.1886872083333333	-0.19084737499999993	0.2934752500000001	0.0	0.0	0.0
CDKN1B	0.37311	0.340046	0.662055	0.0	0.0	0.0		1	0.0	0.0	0.0	1.0	1.0	1.0
CDKN1C	0.254165	0.487248	0.717466	0.0	0.0	0.0		1	0.0	0.0	0.0	1.0	1.0	1.0
CDKN2A	0.678108	0.868329	0.274503	0.0	0.0	0.0		1	0.0	0.0	0.0	1.0	1.0	1.0
CDT1	0.482942	0.297752	0.489837	0.0	0.0	0.0	PF08839	1	0.0	0.0	0.0	1.0	1.0	1.0
CEBPA	0.487765	0.346361	0.748017	0.0	0.0	0.0	PF07716	1	0.0	0.0	0.0	1.0	1.0	1.0
CELF2	0.405762	0.42158	0.837147	0.0	0.0	0.0		1	0.0	0.0	0.0	1.0	1.0	1.0
CENPE	0.670858	0.62591	0.321837	0.0	0.0	0.0	PF00225	0	0.026429999999999954	0.015587666666666555	-0.16952866666666666	0.0	0.0	0.0
CENPF	0.742681	0.617292	0.274413	0.0	0.0	0.0		1	0.0	0.0	0.0	1.0	1.0	1.0
CEP104	0.568832	0.474079	0.352231	0.0	0.0	0.0		1	0.0	0.0	0.0	1.0	1.0	1.0
CEP120	0.672954	0.575049	0.36397	0.0	0.0	0.0	PF00168	0	0.11233171428571431	-0.004316642857142838	-0.11294057142857139	0.0	0.0	0.0
CEP135	0.726396	0.575553	0.339196	0.0	0.0	0.0		1	0.0	0.0	0.0	1.0	1.0	1.0
CEP152	0.653592	0.574315	0.361588	0.0	0.0	0.0		1	0.0	0.0	0.0	1.0	1.0	1.0
CEP164	0.689605	0.616433	0.273499	0.0	0.0	0.0		1	0.0	0.0	0.0	1.0	1.0	1.0
CEP290	0.637443	0.572236	0.426455	0.0	0.0	0.0	PF16574	1	0.0	0.0	0.0	1.0	1.0	1.0
CEP41	0.729009	0.505257	0.323221	0.0	0.0	0.0		1	0.0	0.0	0.0	1.0	1.0	1.0
CEP57	0.729793	0.581587	0.380514	0.0	0.0	0.0		1	0.0	0.0	0.0	1.0	1.0	1.0
CEP63	0.65354	0.558776	0.434972	0.0	0.0	0.0		1	0.0	0.0	0.0	1.0	1.0	1.0
CEP78	0.623335	0.639588	0.420326	0.0	0.0	0.0		1	0.0	0.0	0.0	1.0	1.0	1.0
CEP83	0.757706	0.64464	0.314954	0.0	0.0	0.0		1	0.0	0.0	0.0	1.0	1.0	1.0
CEP85L	0.682001	0.57415	0.414022	0.0	0.0	0.0	PF24555	1	0.0	0.0	0.0	1.0	1.0	1.0
CERKL	0.550217	0.487807	0.410773	0.0	0.0	0.0	PF19280	1	0.0	0.0	0.0	1.0	1.0	1.0
CERT1	0.627059	0.64413	0.413368	0.0	0.0	0.0	PF00169	0	0.05981924999999999	-0.013116499999999975	-0.11091075	0.0	0.0	0.0
CFAP298	0.590491	0.456191	0.338212	0.0	0.0	0.0	PF11069	1	0.0	0.0	0.0	1.0	1.0	1.0
CFAP300	0.642259	0.343759	0.309485	0.0	0.0	0.0		1	0.0	0.0	0.0	1.0	1.0	1.0
CFAP410	0.683639	0.661859	0.368358	0.0	0.0	0.0		1	0.0	0.0	0.0	1.0	1.0	1.0
CFAP418	0.547349	0.384992	0.382573	0.0	0.0	0.0	PF14996	1	0.0	0.0	0.0	1.0	1.0	1.0
CFB	0.710906	0.727852	0.206735	0.0	0.0	0.0	PF00084	0	-0.006280666666666601	0.012321333333333406	0.011803000000000008	0.0	0.0	0.0
CFC1	0.681935	0.676816	0.307376	0.0	0.0	0.0	PF09443	1	0.0	0.0	0.0	1.0	1.0	1.0
CFI	0.622114	0.661017	0.273736	0.0	0.0	0.0	PF21286	1	0.0	0.0	0.0	1.0	1.0	1.0
CFL2	0.527439	0.587018	0.349395	0.0	0.0	0.0	PF00241	1	0.0	0.0	0.0	1.0	1.0	1.0
CFTR	0.755959	0.783827	0.359094	0.0	0.0	0.0	PF00664	0	-0.008864750000000088	0.005981750000000008	0.09184075000000003	0.0	0.0	0.0
CHAMP1	0.29915	0.130285	0.82095	0.0	0.0	0.0		1	0.0	0.0	0.0	1.0	1.0	1.0
CHAT	0.686872	0.540297	0.299687	0.0	0.0	0.0	PF00755	0	0.02009800000000006	0.05926600000000004	0.007594999999999963	0.0	0.0	0.0
CHD1	0.311842	0.291337	0.7429	0.0	0.0	0.0	PF18375	0	-0.052528500000000033	0.0018674999999999664	0.013702500000000062	0.0	0.0	0.0
CHD2	0.416899	0.287602	0.715495	0.0	0.0	0.0	PF18375	0	0.05252849999999998	-0.001867500000000022	-0.01370249999999995	0.0	0.0	0.0
CHD4	0.264883	0.286283	0.762335	0.0	0.0	0.0	PF08074	1	0.0	0.0	0.0	1.0	1.0	1.0
CHD7	0.278063	0.23906	0.817982	0.0	0.0	0.0	PF07533	0	-0.0014146666666666752	-0.04454199999999997	0.0025969999999999605	0.0	0.0	0.0
CHD8	0.304856	0.277132	0.788342	0.0	0.0	0.0	PF07533	0	0.025378333333333336	-0.006469999999999976	-0.02704300000000004	0.0	0.0	0.0
CHEK2	0.590202	0.612095	0.436446	0.0	0.0	0.0	PF00498	1	0.0	0.0	0.0	1.0	1.0	1.0
CHKB	0.719305	0.661288	0.227246	0.0	0.0	0.0	PF01633	1	0.0	0.0	0.0	1.0	1.0	1.0
CHM	0.217385	0.280383	0.704315	0.0	0.0	0.0	PF00996	1	0.0	0.0	0.0	1.0	1.0	1.0
CHMP1A	0.860487	0.738578	0.200273	0.0	0.0	0.0		1	0.0	0.0	0.0	1.0	1.0	1.0
CHN1	0.622737	0.625948	0.341692	0.0	0.0	0.0	PF00130	0	0.0677996666666667	0.007616499999999915	-0.1824135	0.0	0.0	0.0
CHRDL1	0.61064	0.483261	0.413015	0.0	0.0	0.0		1	0.0	0.0	0.0	1.0	1.0	1.0
CHRNA1	0.809616	0.821307	0.18801	0.0	0.0	0.0	PF02931	0	0.04420499999999994	0.02138450000000014	-0.09404840000000003	0.0	0.0	0.0
CHRNA3	0.825274	0.837499	0.192547	0.0	0.0	0.0		1	0.0	0.0	0.0	1.0	1.0	1.0
CHRNA4	0.83237	0.841119	0.225837	0.0	0.0	0.0	PF02931	0	0.06695899999999999	0.04119650000000008	-0.05622140000000003	0.0	0.0	0.0
CHRNB1	0.800737	0.828899	0.175156	0.0	0.0	0.0	PF02931	0	0.03532599999999997	0.028976500000000183	-0.10690240000000004	0.0	0.0	0.0
CHRNB2	0.823687	0.851209	0.189693	0.0	0.0	0.0	PF02931	0	0.05827599999999988	0.051286500000000124	-0.09236540000000004	0.0	0.0	0.0
CHRNG	0.713215	0.825662	0.260772	0.0	0.0	0.0	PF02931	0	-0.05219600000000002	0.025739500000000137	-0.02128640000000004	0.0	0.0	0.0
CHST14	0.528657	0.65801	0.413992	0.0	0.0	0.0	PF03567	0	0.016557500000000003	0.09922849999999994	-0.017602499999999965	0.0	0.0	0.0
CHST3	0.59465	0.604955	0.31276	0.0	0.0	0.0	PF00685	0	0.011058000000000012	-0.03441499999999997	0.005134499999999986	0.0	0.0	0.0
CHSY1	0.510932	0.506924	0.498405	0.0	0.0	0.0	PF05679	1	0.0	0.0	0.0	1.0	1.0	1.0
CHUK	0.405367	0.553382	0.631811	0.0	0.0	0.0		1	0.0	0.0	0.0	1.0	1.0	1.0
CIB2	0.775152	0.819467	0.216649	0.0	0.0	0.0	PF13499	0	0.11034919999999993	0.1367916	-0.2075582	0.0	0.0	0.0
CIC	0.221082	0.250032	0.837762	0.0	0.0	0.0	PF16090	1	0.0	0.0	0.0	1.0	1.0	1.0
CISD2	0.697675	0.583789	0.305843	0.0	0.0	0.0	PF10660	1	0.0	0.0	0.0	1.0	1.0	1.0
CKAP2L	0.661683	0.312324	0.369511	0.0	0.0	0.0	PF15297	1	0.0	0.0	0.0	1.0	1.0	1.0
CLCN2	0.804497	0.78372	0.229247	0.0	0.0	0.0	PF00654	1	0.0	0.0	0.0	1.0	1.0	1.0
CLCN7	0.708819	0.679545	0.318635	0.0	0.0	0.0	PF00571	0	0.04199759999999997	0.0063957999999999515	-0.044079400000000046	0.0	0.0	0.0
CLCNKB	0.716392	0.68011	0.300764	0.0	0.0	0.0	PF00571	0	0.04957060000000002	0.006960799999999989	-0.06195040000000007	0.0	0.0	0.0
CLDN1	0.765384	0.755092	0.210557	0.0	0.0	0.0		1	0.0	0.0	0.0	1.0	1.0	1.0
CLDN14	0.739183	0.722805	0.27824	0.0	0.0	0.0	PF00822	0	-0.025711999999999957	-0.05735999999999997	0.04045850000000001	0.0	0.0	0.0
CLDN19	0.790607	0.837525	0.197323	0.0	0.0	0.0	PF00822	0	0.025711999999999957	0.05735999999999997	-0.04045849999999998	0.0	0.0	0.0
CLMP	0.741899	0.723093	0.324527	0.0	0.0	0.0	PF13895	0	0.20653566666666667	0.14222066666666666	-0.1951816666666667	0.0	0.0	0.0
CLN3	0.756085	0.691841	0.221048	0.0	0.0	0.0	PF02487	1	0.0	0.0	0.0	1.0	1.0	1.0
CLN5	0.458856	0.576418	0.383113	0.0	0.0	0.0	PF15014	1	0.0	0.0	0.0	1.0	1.0	1.0
CLN6	0.646129	0.601409	0.335787	0.0	0.0	0.0	PF15156	1	0.0	0.0	0.0	1.0	1.0	1.0
CLN8	0.722953	0.709398	0.213559	0.0	0.0	0.0	PF03798	1	0.0	0.0	0.0	1.0	1.0	1.0
CLPB	0.68468	0.54948	0.392824	0.0	0.0	0.0		1	0.0	0.0	0.0	1.0	1.0	1.0
CLPP	0.647009	0.450312	0.504071	0.0	0.0	0.0	PF00574	1	0.0	0.0	0.0	1.0	1.0	1.0
CLRN1	0.563665	0.604571	0.348555	0.0	0.0	0.0	PF25807	1	0.0	0.0	0.0	1.0	1.0	1.0
CLTC	0.296859	0.462516	0.697833	0.0	0.0	0.0	PF00637	1	0.0	0.0	0.0	1.0	1.0	1.0
CNBP	0.32408	0.417437	0.801961	0.0	0.0	0.0		1	0.0	0.0	0.0	1.0	1.0	1.0
CNGA1	0.828328	0.84082	0.253219	0.0	0.0	0.0	PF16526	0	0.026410000000000045	0.0006445000000000478	-0.042018500000000014	0.0	0.0	0.0
CNGA3	0.775508	0.839531	0.337256	0.0	0.0	0.0	PF16526	0	-0.026409999999999934	-0.0006444999999999368	0.04201849999999996	0.0	0.0	0.0
CNGB1	0.646276	0.763438	0.329972	0.0	0.0	0.0	PF00027	0	0.050914666666666664	0.04729983333333332	-0.19824499999999995	0.0	0.0	0.0
CNGB3	0.74221	0.805511	0.345258	0.0	0.0	0.0	PF00027	0	0.14684866666666674	0.08937283333333335	-0.18295899999999993	0.0	0.0	0.0
CNKSR2	0.369568	0.526741	0.800825	0.0	0.0	0.0		1	0.0	0.0	0.0	1.0	1.0	1.0
CNNM2	0.459168	0.617163	0.638569	0.0	0.0	0.0	PF00571	0	-0.2076534	-0.055986199999999986	0.2758546	0.0	0.0	0.0
CNNM4	0.698667	0.742595	0.306438	0.0	0.0	0.0	PF00571	0	0.03184560000000003	0.0694458	-0.05627640000000006	0.0	0.0	0.0
CNOT2	0.233215	0.201043	0.864754	0.0	0.0	0.0		1	0.0	0.0	0.0	1.0	1.0	1.0
CNOT3	0.241316	0.257223	0.835435	0.0	0.0	0.0	PF04153	1	0.0	0.0	0.0	1.0	1.0	1.0
CNPY3	0.60104	0.613474	0.376589	0.0	0.0	0.0	PF11938	1	0.0	0.0	0.0	1.0	1.0	1.0
CNTNAP1	0.656374	0.626086	0.273389	0.0	0.0	0.0	PF00754	0	0.15422049999999998	0.05838050000000006	-0.1726045	0.0	0.0	0.0
CNTNAP2	0.693678	0.594642	0.275166	0.0	0.0	0.0		1	0.0	0.0	0.0	1.0	1.0	1.0
COA8	0.730654	0.573445	0.330384	0.0	0.0	0.0		1	0.0	0.0	0.0	1.0	1.0	1.0
COASY	0.58099	0.538265	0.34694	0.0	0.0	0.0	PF01121	1	0.0	0.0	0.0	1.0	1.0	1.0
COG1	0.598448	0.425295	0.395193	0.0	0.0	0.0		1	0.0	0.0	0.0	1.0	1.0	1.0
COG4	0.63951	0.67597	0.286047	0.0	0.0	0.0		1	0.0	0.0	0.0	1.0	1.0	1.0
COG5	0.567668	0.520532	0.42762	0.0	0.0	0.0		1	0.0	0.0	0.0	1.0	1.0	1.0
COG7	0.645777	0.634271	0.300087	0.0	0.0	0.0	PF10191	1	0.0	0.0	0.0	1.0	1.0	1.0
COG8	0.607713	0.636743	0.359319	0.0	0.0	0.0		1	0.0	0.0	0.0	1.0	1.0	1.0
COL10A1	0.82499	0.535996	0.392079	0.0	0.0	0.0	PF00386	0	0.03225499999999992	-0.06472	0.046119999999999994	0.0	0.0	0.0
COL11A1	0.496774	0.389884	0.663049	0.0	0.0	0.0	PF01410	0	-0.0314058888888889	0.012327444444444391	0.005826444444444467	0.0	0.0	0.0
COL11A2	0.601164	0.445896	0.563303	0.0	0.0	0.0	PF01410	0	0.07298411111111114	0.0683394444444444	-0.09391955555555553	0.0	0.0	0.0
COL13A1	0.796484	0.564854	0.445586	0.0	0.0	0.0		1	0.0	0.0	0.0	1.0	1.0	1.0
COL17A1	0.758785	0.6537	0.343426	0.0	0.0	0.0	PF01391	0	0.018363888888888846	0.01737999999999995	-0.007804777777777827	0.0	0.0	0.0
COL18A1	0.674436	0.583945	0.352139	0.0	0.0	0.0		1	0.0	0.0	0.0	1.0	1.0	1.0
COL1A1	0.466618	0.341732	0.730235	0.0	0.0	0.0	PF01410	0	-0.061561888888888916	-0.03582455555555564	0.07301244444444444	0.0	0.0	0.0
COL1A2	0.596096	0.355379	0.680043	0.0	0.0	0.0	PF01410	0	0.06791611111111107	-0.022177555555555617	0.02282044444444442	0.0	0.0	0.0
COL25A1	0.841398	0.547824	0.45079	0.0	0.0	0.0	PF01391	0	0.10097688888888878	-0.08849600000000002	0.09955922222222219	0.0	0.0	0.0
COL27A1	0.590957	0.429348	0.513669	0.0	0.0	0.0	PF01410	0	0.06277711111111106	0.05179144444444439	-0.1435535555555555	0.0	0.0	0.0
COL2A1	0.52027	0.370192	0.69046	0.0	0.0	0.0	PF01410	0	-0.007909888888888883	-0.007364555555555596	0.03323744444444443	0.0	0.0	0.0
COL3A1	0.506452	0.321863	0.687929	0.0	0.0	0.0	PF01410	0	-0.02172788888888888	-0.05569355555555561	0.03070644444444448	0.0	0.0	0.0
COL4A1	0.540005	0.371257	0.70061	0.0	0.0	0.0	PF01413	0	-0.10895175000000001	-0.10166799999999998	0.18709549999999997	0.0	0.0	0.0
COL4A3	0.772967	0.573264	0.338366	0.0	0.0	0.0	PF01413	0	0.12401024999999999	0.10033900000000001	-0.17514849999999998	0.0	0.0	0.0
COL4A4	0.747801	0.570595	0.331498	0.0	0.0	0.0	PF01413	0	0.09884425000000008	0.09766999999999998	-0.18201649999999997	0.0	0.0	0.0
COL4A5	0.535054	0.376584	0.683584	0.0	0.0	0.0	PF01413	0	-0.11390274999999994	-0.09634100000000001	0.17006949999999998	0.0	0.0	0.0
COL5A1	0.481705	0.426858	0.677911	0.0	0.0	0.0	PF01410	0	-0.0464748888888889	0.0493014444444444	0.02068844444444451	0.0	0.0	0.0
COL5A2	0.493583	0.316857	0.708404	0.0	0.0	0.0	PF01410	0	-0.0345968888888889	-0.06069955555555562	0.0511814444444445	0.0	0.0	0.0
COL6A2	0.770271	0.7228	0.276513	0.0	0.0	0.0	PF01391	0	0.029849888888888843	0.08648	-0.07471777777777783	0.0	0.0	0.0
COL6A3	0.728176	0.742797	0.301931	0.0	0.0	0.0	PF01391	0	-0.012245111111111151	0.10647700000000004	-0.04929977777777783	0.0	0.0	0.0
COL7A1	0.73369	0.668033	0.358375	0.0	0.0	0.0	PF01391	0	-0.006731111111111243	0.03171299999999999	0.007144222222222163	0.0	0.0	0.0
COL9A1	0.792422	0.534641	0.349317	0.0	0.0	0.0		1	0.0	0.0	0.0	1.0	1.0	1.0
COL9A2	0.83682	0.597286	0.321607	0.0	0.0	0.0		1	0.0	0.0	0.0	1.0	1.0	1.0
COL9A3	0.861012	0.613402	0.306036	0.0	0.0	0.0		1	0.0	0.0	0.0	1.0	1.0	1.0
COLEC10	0.703594	0.644481	0.298389	0.0	0.0	0.0	PF01391	0	-0.036827111111111144	0.008160999999999974	-0.05284177777777782	0.0	0.0	0.0
COLEC11	0.771171	0.64768	0.264905	0.0	0.0	0.0	PF01391	0	0.030749888888888854	0.011360000000000037	-0.08632577777777783	0.0	0.0	0.0
COMP	0.61197	0.640382	0.334348	0.0	0.0	0.0	PF11598	1	0.0	0.0	0.0	1.0	1.0	1.0
COPB2	0.355163	0.292045999999999	0.706136	0.0	0.0	0.0	PF04053	1	0.0	0.0	0.0	1.0	1.0	1.0
COQ2	0.76734	0.591176	0.299439	0.0	0.0	0.0	PF01040	1	0.0	0.0	0.0	1.0	1.0	1.0
COQ4	0.547477	0.493567	0.347324	0.0	0.0	0.0	PF05019	1	0.0	0.0	0.0	1.0	1.0	1.0
COQ8A	0.664993	0.649699	0.325036	0.0	0.0	0.0	PF03109	1	0.0	0.0	0.0	1.0	1.0	1.0
COQ9	0.672076	0.480383	0.27654	0.0	0.0	0.0	PF08511	1	0.0	0.0	0.0	1.0	1.0	1.0
CORO1A	0.413714	0.480017	0.633441	0.0	0.0	0.0	PF08953	1	0.0	0.0	0.0	1.0	1.0	1.0
COX15	0.66126	0.510253	0.408026	0.0	0.0	0.0	PF02628	1	0.0	0.0	0.0	1.0	1.0	1.0
COX16	0.780013	0.684624	0.3228	0.0	0.0	0.0		1	0.0	0.0	0.0	1.0	1.0	1.0
COX4I1	0.641073	0.424089	0.325121	0.0	0.0	0.0	PF02936	1	0.0	0.0	0.0	1.0	1.0	1.0
COX6B1	0.642431	0.616496	0.244097	0.0	0.0	0.0	PF02297	1	0.0	0.0	0.0	1.0	1.0	1.0
COX7B	0.665814	0.562628	0.405148	0.0	0.0	0.0		1	0.0	0.0	0.0	1.0	1.0	1.0
CP	0.668447	0.604233	0.295337	0.0	0.0	0.0	PF00394	1	0.0	0.0	0.0	1.0	1.0	1.0
CPAMD8	0.652809	0.596592	0.298565	0.0	0.0	0.0	PF00207	0	0.1593295	0.09389099999999995	-0.11424649999999997	0.0	0.0	0.0
CPAP	0.622559	0.560552	0.372742	1.0	1.0	1.0	PF07202	1	0.0	0.0	0.0	1.0	1.0	1.0
CPLANE1	0.588826	0.522197	0.454449	0.0	0.0	0.0	PF15392	1	0.0	0.0	0.0	1.0	1.0	1.0
CPS1	0.722406	0.575824	0.309355	0.0	0.0	0.0	PF25596	1	0.0	0.0	0.0	1.0	1.0	1.0
CRADD	0.50747	0.58601	0.411576	0.0	0.0	0.0	PF00619	0	-0.06791080000000005	-0.0829434	0.0567762	0.0	0.0	0.0
CRAT	0.646676	0.421765	0.284497	0.0	0.0	0.0	PF00755	0	-0.02009799999999995	-0.059265999999999985	-0.007595000000000018	0.0	0.0	0.0
CRB1	0.712461	0.674096	0.273762	0.0	0.0	0.0	PF00008	0	0.042207555555555554	0.020664333333333396	-0.02250211111111111	0.0	0.0	0.0
CRB2	0.610719	0.711544	0.300664	0.0	0.0	0.0	PF00008	0	-0.059534444444444445	0.05811233333333332	0.00439988888888887	0.0	0.0	0.0
CRBN	0.553779	0.433784	0.348742	0.0	0.0	0.0	PF02190	1	0.0	0.0	0.0	1.0	1.0	1.0
CREBBP	0.157092	0.213808	0.912704	0.0	0.0	0.0	PF00439	0	-0.06440849999999998	-0.06700050000000002	0.06760816666666669	0.0	0.0	0.0
CRLF1	0.721867	0.751681	0.32521	0.0	0.0	0.0	PF09067	0	-0.023620500000000044	0.014444000000000012	0.016000000000000014	0.0	0.0	0.0
CRPPA	0.606598	0.561112	0.266392	0.0	0.0	0.0	PF01128	1	0.0	0.0	0.0	1.0	1.0	1.0
CRX	0.652079	0.309573	0.663502	0.0	0.0	0.0	PF00046	0	0.0542868823529411	-0.10036652941176472	0.005472176470588286	0.0	0.0	0.0
CRYAA	0.790191	0.56212	0.358446	0.0	0.0	0.0	PF00525	0	-0.021320000000000006	-0.012266499999999958	0.009409999999999974	0.0	0.0	0.0
CRYAB	0.832831	0.586653	0.339626	0.0	0.0	0.0	PF00525	0	0.021320000000000006	0.012266500000000069	-0.00941000000000003	0.0	0.0	0.0
CRYBA1	0.709228	0.457404	0.364906	0.0	0.0	0.0	PF00030	0	-0.021016600000000052	0.024666399999999977	-0.020855800000000035	0.0	0.0	0.0
CRYBB1	0.729938	0.546561	0.387458	0.0	0.0	0.0		1	0.0	0.0	0.0	1.0	1.0	1.0
CRYBB2	0.62976	0.453406	0.472629	0.0	0.0	0.0	PF00030	0	-0.10048460000000004	0.020668399999999976	0.08686719999999998	0.0	0.0	0.0
CRYGC	0.767156	0.422709	0.363238	0.0	0.0	0.0	PF00030	0	0.03691139999999993	-0.010028599999999999	-0.022523800000000038	0.0	0.0	0.0
CRYGD	0.7905	0.418806	0.373537	0.0	0.0	0.0	PF00030	0	0.06025539999999996	-0.013931599999999988	-0.012224800000000036	0.0	0.0	0.0
CRYGS	0.754579	0.411363	0.354499	0.0	0.0	0.0	PF00030	0	0.02433439999999998	-0.02137460000000002	-0.031262800000000035	0.0	0.0	0.0
CSF1R	0.763112	0.77519	0.264078	0.0	0.0	0.0	PF00047	0	0.10665575000000005	0.03957250000000001	-0.11837950000000003	0.0	0.0	0.0
CSF2RB	0.72774	0.752916	0.312341	0.0	0.0	0.0	PF21460	1	0.0	0.0	0.0	1.0	1.0	1.0
CSF3R	0.742745	0.752585	0.259108	0.0	0.0	0.0	PF00041	0	0.10841210000000012	0.0786055	-0.17654219999999998	0.0	0.0	0.0
CSNK2A1	0.431757	0.496129	0.676626	0.0	0.0	0.0	PF00069	0	-0.12854120833333332	-0.08498037499999994	0.15902925	0.0	0.0	0.0
CSNK2B	0.352897	0.38788	0.662902	0.0	0.0	0.0	PF01214	1	0.0	0.0	0.0	1.0	1.0	1.0
CSPP1	0.646479	0.452243	0.39475	0.0	0.0	0.0		1	0.0	0.0	0.0	1.0	1.0	1.0
CSRP3	0.77977	0.769073	0.330124	0.0	0.0	0.0	PF00412	0	0.149725	0.1273643333333334	-0.125166	0.0	0.0	0.0
CSTA	0.688553	0.351371	0.337275	0.0	0.0	0.0		1	0.0	0.0	0.0	1.0	1.0	1.0
CSTB	0.728479	0.439984	0.272759	0.0	0.0	0.0	PF00031	1	0.0	0.0	0.0	1.0	1.0	1.0
CTBP1	0.426488	0.536412	0.7087	0.0	0.0	0.0		1	0.0	0.0	0.0	1.0	1.0	1.0
CTC1	0.57642	0.397398	0.402227	0.0	0.0	0.0	PF15489	1	0.0	0.0	0.0	1.0	1.0	1.0
CTCF	0.291041	0.268049	0.836233	0.0	0.0	0.0	PF00096	0	-0.09506313333333338	-0.0009553333333333081	0.030604866666666508	0.0	0.0	0.0
CTDP1	0.487903	0.448922	0.43242	0.0	0.0	0.0		1	0.0	0.0	0.0	1.0	1.0	1.0
CTH	0.721337	0.54659	0.297392	0.0	0.0	0.0	PF01053	1	0.0	0.0	0.0	1.0	1.0	1.0
CTNNA2	0.707342	0.688515	0.381563	0.0	0.0	0.0		1	0.0	0.0	0.0	1.0	1.0	1.0
CTNNB1	0.473655	0.701328	0.878243	0.0	0.0	0.0	PF00514	0	0.047538000000000025	0.141675	0.05429699999999993	0.0	0.0	0.0
CTNND1	0.378579	0.417978	0.769649	0.0	0.0	0.0	PF00514	0	-0.04753799999999997	-0.14167499999999994	-0.05429700000000004	0.0	0.0	0.0
CTNND2	0.377204	0.464761	0.803511	0.0	0.0	0.0		1	0.0	0.0	0.0	1.0	1.0	1.0
CTNS	0.78043	0.705573	0.238267	0.0	0.0	0.0	PF04193	0	0.03382850000000004	0.0031995000000000218	-0.029862	0.0	0.0	0.0
CTSA	0.682321	0.644395	0.24982	0.0	0.0	0.0	PF00450	1	0.0	0.0	0.0	1.0	1.0	1.0
CTSC	0.702826	0.593602	0.263951	0.0	0.0	0.0	PF08773	1	0.0	0.0	0.0	1.0	1.0	1.0
CTSD	0.747025	0.581945	0.285538	0.0	0.0	0.0	PF07966	1	0.0	0.0	0.0	1.0	1.0	1.0
CTSF	0.663996	0.644768	0.362358	0.0	0.0	0.0	PF08246	0	-0.07154299999999991	-0.031245999999999996	0.067166	0.0	0.0	0.0
CTSK	0.807082	0.70726	0.228026	0.0	0.0	0.0	PF08246	0	0.07154300000000002	0.031245999999999996	-0.067166	0.0	0.0	0.0
CTU2	0.584905	0.416661	0.398987	0.0	0.0	0.0		1	0.0	0.0	0.0	1.0	1.0	1.0
CUBN	0.769683	0.72224	0.25547	0.0	0.0	0.0	PF00431	0	0.13624066666666668	0.020420166666666573	-0.08137583333333337	0.0	0.0	0.0
CUL3	0.453233	0.401904	0.660204	0.0	0.0	0.0	PF00888	1	0.0	0.0	0.0	1.0	1.0	1.0
CUL4B	0.346112	0.346019	0.797073	0.0	0.0	0.0		1	0.0	0.0	0.0	1.0	1.0	1.0
CUL7	0.585862	0.568469	0.335595	0.0	0.0	0.0		1	0.0	0.0	0.0	1.0	1.0	1.0
CWC27	0.718625	0.63571	0.33484	0.0	0.0	0.0		1	0.0	0.0	0.0	1.0	1.0	1.0
CXCR4	0.813816	0.821705	0.228891	0.0	0.0	0.0		1	0.0	0.0	0.0	1.0	1.0	1.0
CYB5A	0.681155	0.646831	0.248016	0.0	0.0	0.0	PF00173	0	0.04023433333333326	0.07152599999999998	-0.07053899999999999	0.0	0.0	0.0
CYB5R3	0.722388	0.749651	0.214983	0.0	0.0	0.0	PF00970	1	0.0	0.0	0.0	1.0	1.0	1.0
CYBA	0.686481	0.727864	0.285379	0.0	0.0	0.0	PF05038	1	0.0	0.0	0.0	1.0	1.0	1.0
CYBB	0.606239	0.765869	0.404615	0.0	0.0	0.0	PF08022	1	0.0	0.0	0.0	1.0	1.0	1.0
CYC1	0.683823	0.440323	0.370209	0.0	0.0	0.0	PF02167	1	0.0	0.0	0.0	1.0	1.0	1.0
CYFIP2	0.288782	0.480778	0.729578	0.0	0.0	0.0	PF07159	1	0.0	0.0	0.0	1.0	1.0	1.0
CYLD	0.291927	0.34399	0.691389	0.0	0.0	0.0	PF01302	1	0.0	0.0	0.0	1.0	1.0	1.0
CYP11B2	0.654368	0.62835	0.349191	0.0	0.0	0.0	PF00067	0	-0.05926555555555557	-0.040233222222222365	0.05375511111111114	0.0	0.0	0.0
CYP17A1	0.739042	0.631046	0.244253	0.0	0.0	0.0	PF00067	0	0.025408444444444456	-0.03753722222222233	-0.05118288888888883	0.0	0.0	0.0
CYP1B1	0.724037	0.726575	0.300298	0.0	0.0	0.0	PF00067	0	0.01040344444444452	0.05799177777777764	0.004862111111111178	0.0	0.0	0.0
CYP21A2	0.749752	0.712399	0.235406	0.0	0.0	0.0	PF00067	0	0.03611844444444445	0.043815777777777676	-0.06002988888888883	0.0	0.0	0.0
CYP24A1	0.658287	0.653436	0.363426	0.0	0.0	0.0	PF00067	0	-0.055346555555555565	-0.015147222222222312	0.0679901111111112	0.0	0.0	0.0
CYP27A1	0.653756	0.652177	0.349047	0.0	0.0	0.0	PF00067	0	-0.05987755555555552	-0.016406222222222322	0.053611111111111165	0.0	0.0	0.0
CYP2R1	0.740122	0.685295	0.271217	0.0	0.0	0.0	PF00067	0	0.026488444444444426	0.01671177777777766	-0.024218888888888845	0.0	0.0	0.0
CYP2U1	0.753819	0.686137	0.268723	0.0	0.0	0.0	PF00067	0	0.040185444444444496	0.017553777777777668	-0.02671288888888884	0.0	0.0	0.0
CYP4V2	0.749519	0.641834	0.277362	0.0	0.0	0.0	PF00067	0	0.035885444444444525	-0.026749222222222313	-0.018073888888888834	0.0	0.0	0.0
D2HGDH	0.773531	0.646711	0.276803	0.0	0.0	0.0	PF02913	0	0.22792049999999997	0.14067300000000005	-0.22292649999999997	0.0	0.0	0.0
DAG1	0.316437	0.355935	0.668865	0.0	0.0	0.0	PF18424	1	0.0	0.0	0.0	1.0	1.0	1.0
DARS2	0.685128	0.563234	0.305563	0.0	0.0	0.0	PF02938	1	0.0	0.0	0.0	1.0	1.0	1.0
DBH	0.562555	0.539138	0.330623	0.0	0.0	0.0	PF03712	1	0.0	0.0	0.0	1.0	1.0	1.0
DBT	0.75793	0.549386	0.394668	0.0	0.0	0.0	PF00198	0	0.038296499999999956	-0.021843999999999975	0.002727499999999994	0.0	0.0	0.0
DCAF17	0.555782	0.429575	0.383884	0.0	0.0	0.0	PF15802	1	0.0	0.0	0.0	1.0	1.0	1.0
DCC	0.489116	0.518738	0.687316	0.0	0.0	0.0	PF00041	0	-0.14521689999999987	-0.15524149999999992	0.25166580000000005	0.0	0.0	0.0
DCDC2	0.643239	0.572247	0.396701	0.0	0.0	0.0	PF03607	0	0.021785750000000048	-0.0016800000000000148	-0.04662099999999997	0.0	0.0	0.0
DCHS1	0.522321	0.610355	0.600619	0.0	0.0	0.0	PF00028	0	-0.07624757142857141	-0.03921457142857143	0.10472900000000002	0.0	0.0	0.0
DCLRE1C	0.662957	0.472416	0.340567	0.0	0.0	0.0	PF07522	1	0.0	0.0	0.0	1.0	1.0	1.0
DCN	0.741957	0.601881	0.389527	0.0	0.0	0.0		1	0.0	0.0	0.0	1.0	1.0	1.0
DCPS	0.496139	0.192398	0.393051	0.0	0.0	0.0	PF05652	1	0.0	0.0	0.0	1.0	1.0	1.0
DCX	0.599898	0.459528	0.626956	0.0	0.0	0.0	PF03607	0	-0.021555249999999915	-0.11439899999999997	0.18363399999999996	0.0	0.0	0.0
DDB2	0.667713	0.406505	0.423514	0.0	0.0	0.0	PF00400	0	-0.003544374999999933	-0.10956687499999995	0.024800250000000024	0.0	0.0	0.0
DDC	0.7802	0.698351	0.244284	0.0	0.0	0.0	PF00282	0	0.047063333333333235	0.06789733333333337	-0.06643533333333335	0.0	0.0	0.0
DDHD1	0.357213	0.448597	0.647196	0.0	0.0	0.0	PF02862	0	-0.1291095	-0.08784000000000003	0.18324450000000003	0.0	0.0	0.0
DDHD2	0.615432	0.624277	0.280707	0.0	0.0	0.0	PF02862	0	0.1291095	0.08783999999999992	-0.18324449999999998	0.0	0.0	0.0
DDOST	0.612668	0.537578	0.344261	0.0	0.0	0.0	PF23358	1	0.0	0.0	0.0	1.0	1.0	1.0
DDX11	0.605684	0.422019	0.406424	0.0	0.0	0.0		1	0.0	0.0	0.0	1.0	1.0	1.0
DDX3X	0.47454	0.416381	0.70672	0.0	0.0	0.0	PF00270	0	-0.08584537499999995	-0.0015006250000000332	0.2186435	0.0	0.0	0.0
DDX41	0.775588	0.644718	0.23639	0.0	0.0	0.0	PF00270	0	0.2152026250000001	0.22683637499999998	-0.25168650000000004	0.0	0.0	0.0
DEAF1	0.497224	0.354294	0.51651	0.0	0.0	0.0	PF01342	1	0.0	0.0	0.0	1.0	1.0	1.0
DEGS1	0.632719	0.542947	0.380362	0.0	0.0	0.0	PF00487	1	0.0	0.0	0.0	1.0	1.0	1.0
DENND5A	0.588399	0.650803	0.362274	0.0	0.0	0.0		1	0.0	0.0	0.0	1.0	1.0	1.0
DEPDC5	0.508233	0.527295	0.496931	0.0	0.0	0.0		1	0.0	0.0	0.0	1.0	1.0	1.0
DGAT1	0.676774	0.697922	0.351635	0.0	0.0	0.0	PF03062	0	0.08715899999999999	0.012047333333333299	-0.05194633333333337	0.0	0.0	0.0
DGUOK	0.762054	0.52559	0.270101	0.0	0.0	0.0	PF01712	0	0.027183500000000027	0.009730499999999975	-0.0015410000000000146	0.0	0.0	0.0
DHCR24	0.590471	0.619723	0.29977	0.0	0.0	0.0	PF01565	1	0.0	0.0	0.0	1.0	1.0	1.0
DHCR7	0.623237	0.657174	0.33542	0.0	0.0	0.0	PF01222	0	-0.021152999999999977	0.036283500000000024	0.0018674999999999664	0.0	0.0	0.0
DHFR	0.718331	0.677487	0.173749	0.0	0.0	0.0	PF00186	1	0.0	0.0	0.0	1.0	1.0	1.0
DHH	0.612267	0.517859	0.348519	0.0	0.0	0.0	PF01085	0	0.10216900000000007	0.04132649999999999	-0.148737	0.0	0.0	0.0
DHODH	0.722237	0.463454	0.278099	0.0	0.0	0.0	PF01180	0	0.06319249999999998	-0.031600499999999976	-0.062020500000000034	0.0	0.0	0.0
DHTKD1	0.516721	0.487118	0.441177	0.0	0.0	0.0		1	0.0	0.0	0.0	1.0	1.0	1.0
DICER1	0.321413	0.385331	0.700047	0.0	0.0	0.0	PF00270	0	-0.23897237499999996	-0.032550625000000055	0.21197049999999995	0.0	0.0	0.0
DIS3L2	0.512765	0.551705	0.55953	0.0	0.0	0.0	PF17877	1	0.0	0.0	0.0	1.0	1.0	1.0
DKC1	0.362655	0.285154	0.800803	0.0	0.0	0.0	PF08068	1	0.0	0.0	0.0	1.0	1.0	1.0
DLAT	0.681337	0.593074	0.389213	0.0	0.0	0.0	PF00198	0	-0.03829650000000007	0.021843999999999975	-0.0027275000000000493	0.0	0.0	0.0
DLD	0.726598	0.672693	0.333153	0.0	0.0	0.0	PF07992	0	0.020413999999999932	0.004650000000000043	0.012920666666666691	0.0	0.0	0.0
DLG3	0.396471	0.536808	0.760061	0.0	0.0	0.0		1	0.0	0.0	0.0	1.0	1.0	1.0
DLG4	0.462929	0.620779	0.714988	0.0	0.0	0.0	PF00625	0	-0.022956333333333356	0.025898666666666625	0.08877099999999993	0.0	0.0	0.0
DLL3	0.647289	0.7135	0.351759	0.0	0.0	0.0		1	0.0	0.0	0.0	1.0	1.0	1.0
DLL4	0.354286	0.547608	0.690038	0.0	0.0	0.0	PF01414	0	0.014445999999999959	0.044366499999999975	-0.006373999999999991	0.0	0.0	0.0
DMD	0.723639	0.80185	0.46651	0.0	0.0	0.0	PF00307	0	0.12883450000000007	0.08388612500000003	0.005956875000000028	0.0	0.0	0.0
DMGDH	0.607738	0.701753	0.44685	0.0	0.0	0.0	PF01266	0	-0.03846700000000003	0.11330933333333326	0.04522100000000001	0.0	0.0	0.0
DMP1	0.748818	0.541406	0.195652	0.0	0.0	0.0	PF07263	1	0.0	0.0	0.0	1.0	1.0	1.0
DMPK	0.700234	0.817812	0.269813	0.0	0.0	0.0		1	0.0	0.0	0.0	1.0	1.0	1.0
DNAAF11	0.713638	0.651571	0.229396	0.0	0.0	0.0	PF23602	1	0.0	0.0	0.0	1.0	1.0	1.0
DNAAF19	0.622559	0.560552	0.372742	1.0	1.0	1.0		1	0.0	0.0	0.0	1.0	1.0	1.0
DNAAF3	0.550356	0.51297	0.333615	0.0	0.0	0.0	PF14737	1	0.0	0.0	0.0	1.0	1.0	1.0
DNAAF4	0.807541	0.732007	0.218186	0.0	0.0	0.0		1	0.0	0.0	0.0	1.0	1.0	1.0
DNAAF6	0.549354	0.504848	0.247449	0.0	0.0	0.0		1	0.0	0.0	0.0	1.0	1.0	1.0
DNAH5	0.624447	0.67594	0.215329	0.0	0.0	0.0	PF12774	0	-0.003422666666666685	0.0038040000000000296	0.004631666666666673	0.0	0.0	0.0
DNAH9	0.652639	0.739996	0.187197	0.0	0.0	0.0	PF12774	0	0.02476933333333331	0.06786000000000003	-0.023500333333333318	0.0	0.0	0.0
DNAJB2	0.7913	0.666907	0.221754	0.0	0.0	0.0	PF00226	0	0.075963	0.034693000000000085	-0.10047733333333336	0.0	0.0	0.0
DNAJB6	0.697858	0.438176	0.507004	0.0	0.0	0.0	PF00226	0	-0.017479000000000022	-0.19403799999999993	0.18477266666666664	0.0	0.0	0.0
DNAJC12	0.656853	0.791559	0.237936	0.0	0.0	0.0	PF00226	0	-0.05848399999999998	0.15934500000000007	-0.08429533333333336	0.0	0.0	0.0
DNAJC6	0.365614	0.401544	0.643413	0.0	0.0	0.0	PF10409	0	-0.16147600000000006	-0.12221150000000003	0.1350865	0.0	0.0	0.0
DNM1	0.556364	0.480662	0.618624	0.0	0.0	0.0	PF01031	0	-0.10715600000000003	-0.07812400000000003	0.14785649999999995	0.0	0.0	0.0
DNM1L	0.770676	0.63691	0.322911	0.0	0.0	0.0	PF01031	0	0.10715600000000003	0.07812399999999997	-0.1478565	0.0	0.0	0.0
DNMT3A	0.382309	0.442647	0.583584	0.0	0.0	0.0	PF17980	0	-0.056228	0.05483450000000001	0.02760649999999998	0.0	0.0	0.0
DNMT3B	0.494765	0.332978	0.528371	0.0	0.0	0.0	PF17980	0	0.056228	-0.05483450000000001	-0.02760649999999998	0.0	0.0	0.0
DOCK2	0.416095	0.461045	0.615447	0.0	0.0	0.0	PF06920	0	-0.11965174999999995	-0.08151049999999999	0.161995	0.0	0.0	0.0
DOCK6	0.60476	0.637897	0.350848	0.0	0.0	0.0	PF06920	0	0.06901325000000003	0.09534150000000008	-0.10260399999999997	0.0	0.0	0.0
DOCK7	0.522179	0.543587	0.442454	0.0	0.0	0.0	PF06920	0	-0.01356774999999999	0.001031500000000074	-0.010997999999999952	0.0	0.0	0.0
DOCK8	0.599953	0.527693	0.405059	0.0	0.0	0.0	PF06920	0	0.06420625000000002	-0.0148625	-0.048392999999999964	0.0	0.0	0.0
DOK7	0.640483	0.676042	0.389757	0.0	0.0	0.0	PF02174	1	0.0	0.0	0.0	1.0	1.0	1.0
DOLK	0.686193	0.490735	0.254164	0.0	0.0	0.0		1	0.0	0.0	0.0	1.0	1.0	1.0
DPAGT1	0.828064	0.653944	0.171201	0.0	0.0	0.0	PF21383	1	0.0	0.0	0.0	1.0	1.0	1.0
DPF2	0.32216	0.310235	0.794381	0.0	0.0	0.0	PF14051	1	0.0	0.0	0.0	1.0	1.0	1.0
DPM1	0.727667	0.646938	0.305396	0.0	0.0	0.0	PF00535	0	0.04056699999999991	-0.006008666666666662	0.005898000000000014	0.0	0.0	0.0
DPM3	0.708287	0.696497	0.265556	0.0	0.0	0.0	PF08285	1	0.0	0.0	0.0	1.0	1.0	1.0
DPYD	0.595852	0.526655	0.40214	0.0	0.0	0.0	PF01180	0	-0.06319249999999998	0.03160050000000003	0.06202049999999998	0.0	0.0	0.0
DPYS	0.66149	0.704425	0.394149	0.0	0.0	0.0	PF01979	0	0.11926899999999996	0.15566099999999994	-0.12410199999999999	0.0	0.0	0.0
DRAM2	0.670863	0.652993	0.240865	0.0	0.0	0.0	PF10277	0	0.05932650000000006	0.051510000000000056	-0.10768500000000003	0.0	0.0	0.0
DRC1	0.746314	0.609303	0.290159	0.0	0.0	0.0		1	0.0	0.0	0.0	1.0	1.0	1.0
DRC2	0.622559	0.560552	0.372742	1.0	1.0	1.0		1	0.0	0.0	0.0	1.0	1.0	1.0
DRC4	0.622559	0.560552	0.372742	1.0	1.0	1.0		1	0.0	0.0	0.0	1.0	1.0	1.0
DSE	0.475352	0.488043	0.518742	0.0	0.0	0.0		1	0.0	0.0	0.0	1.0	1.0	1.0
DSG1	0.54166	0.702827	0.552307	0.0	0.0	0.0		1	0.0	0.0	0.0	1.0	1.0	1.0
DSG4	0.751913	0.778902	0.275873	0.0	0.0	0.0	PF01049	0	-0.01995799999999992	-0.0006279999999999619	-0.013005333333333369	0.0	0.0	0.0
DSP	0.580115	0.620709	0.532669	0.0	0.0	0.0	PF00681	1	0.0	0.0	0.0	1.0	1.0	1.0
DSPP	0.807034	0.9117	0.324222	0.0	0.0	0.0		1	0.0	0.0	0.0	1.0	1.0	1.0
DSTYK	0.467917	0.570497	0.51525	0.0	0.0	0.0		1	0.0	0.0	0.0	1.0	1.0	1.0
DTNBP1	0.762788	0.752529	0.245558	0.0	0.0	0.0		1	0.0	0.0	0.0	1.0	1.0	1.0
DUOX2	0.534927	0.692108	0.384681	0.0	0.0	0.0	PF03098	0	-0.07934133333333326	0.059863	0.037061333333333335	0.0	0.0	0.0
DVL1	0.800087	0.708888	0.401191	0.0	0.0	0.0		1	0.0	0.0	0.0	1.0	1.0	1.0
DVL3	0.704335	0.625945	0.522636	0.0	0.0	0.0		1	0.0	0.0	0.0	1.0	1.0	1.0
DYM	0.604256	0.714683	0.308059	0.0	0.0	0.0	PF09742	1	0.0	0.0	0.0	1.0	1.0	1.0
DYNC1I2	0.659742	0.490628	0.434116	0.0	0.0	0.0	PF11540	1	0.0	0.0	0.0	1.0	1.0	1.0
DYNC2H1	0.606523	0.600472	0.229566	0.0	0.0	0.0	PF12774	0	-0.021346666666666625	-0.07166399999999995	0.018868666666666672	0.0	0.0	0.0
DYNC2I1	0.416567	0.382662	0.546816	0.0	0.0	0.0		1	0.0	0.0	0.0	1.0	1.0	1.0
DYRK1A	0.282415	0.276147	0.844876	0.0	0.0	0.0	PF00069	0	-0.2778832083333333	-0.30496237499999995	0.32727925	0.0	0.0	0.0
DYSF	0.661252	0.715458	0.342652	0.0	0.0	0.0	PF00168	0	0.10062971428571421	0.13609235714285717	-0.1342585714285714	0.0	0.0	0.0
EBF3	0.393705	0.316058	0.852753	0.0	0.0	0.0	PF16422	1	0.0	0.0	0.0	1.0	1.0	1.0
EBP	0.498036	0.490818	0.528411	0.0	0.0	0.0	PF05241	1	0.0	0.0	0.0	1.0	1.0	1.0
ECEL1	0.656549	0.740138	0.206041	0.0	0.0	0.0	PF01431	0	0.15144599999999997	0.10578549999999998	-0.154104	0.0	0.0	0.0
ECHS1	0.783363	0.622887	0.268037	0.0	0.0	0.0	PF00378	0	0.03841850000000002	0.0017804999999999627	-0.021787500000000015	0.0	0.0	0.0
ECM1	0.549209	0.544985	0.318413	0.0	0.0	0.0		1	0.0	0.0	0.0	1.0	1.0	1.0
EDA	0.453192	0.476677	0.745987	0.0	0.0	0.0	PF00229	0	-0.12367999999999996	-0.0223545	0.20320699999999992	0.0	0.0	0.0
EDAR	0.676987	0.769461	0.246015	0.0	0.0	0.0	PF24979	1	0.0	0.0	0.0	1.0	1.0	1.0
EDC3	0.623564	0.388523	0.397923	0.0	0.0	0.0	PF16598	1	0.0	0.0	0.0	1.0	1.0	1.0
EDEM3	0.657598	0.581914	0.288018	0.0	0.0	0.0	PF01532	0	0.0010605000000000198	0.004309000000000007	-0.014834499999999973	0.0	0.0	0.0
EDN1	0.524572	0.409009	0.503668	0.0	0.0	0.0	PF00322	0	-0.019406499999999993	-0.12432550000000003	0.07180700000000001	0.0	0.0	0.0
EDN3	0.563385	0.65766	0.360054	0.0	0.0	0.0	PF00322	0	0.019406499999999993	0.12432549999999998	-0.07180700000000001	0.0	0.0	0.0
EDNRA	0.566877	0.686863	0.544529	0.0	0.0	0.0	PF00001	0	-0.14825224999999997	-0.06508175000000005	0.22487000000000001	0.0	0.0	0.0
EDNRB	0.768249	0.788245	0.272599	0.0	0.0	0.0	PF00001	0	0.05311975000000002	0.03630024999999992	-0.047060000000000046	0.0	0.0	0.0
EEF1A2	0.449591	0.433819	0.720381	0.0	0.0	0.0	PF22594	1	0.0	0.0	0.0	1.0	1.0	1.0
EFEMP2	0.695792	0.636361	0.320872	0.0	0.0	0.0	PF12662	0	0.19789	0.10708457142857142	-0.22002971428571433	0.0	0.0	0.0
EFL1	0.668412	0.58281	0.295161	0.0	0.0	0.0	PF00679	0	0.05400333333333329	-0.03370266666666666	-0.11330599999999996	0.0	0.0	0.0
EFNB1	0.391263	0.494522	0.703836	0.0	0.0	0.0	PF00812	1	0.0	0.0	0.0	1.0	1.0	1.0
EFTUD2	0.438882	0.55966	0.638695	0.0	0.0	0.0	PF00679	0	-0.17552666666666672	-0.05685266666666666	0.23022800000000004	0.0	0.0	0.0
EGFR	0.81664	0.922979	0.380236	0.0	0.0	0.0	PF00757	0	0.09706200000000009	0.09147324999999995	0.04978275000000004	0.0	0.0	0.0
EGLN1	0.318832	0.436304	0.673548	0.0	0.0	0.0	PF13640	0	-0.12476349999999997	-0.06102599999999997	0.17506600000000005	0.0	0.0	0.0
EGR2	0.553207	0.387989	0.7571	0.0	0.0	0.0	PF11928	1	0.0	0.0	0.0	1.0	1.0	1.0
EHMT1	0.219882	0.332461	0.812364	0.0	0.0	0.0	PF12796	0	-0.30817454545454537	-0.24588572727272728	0.2960024545454546	0.0	0.0	0.0
EIF2AK3	0.613889	0.475919	0.452159	0.0	0.0	0.0	PF00069	0	0.05359079166666669	-0.10519037499999995	-0.06543774999999996	0.0	0.0	0.0
EIF2AK4	0.616107	0.4787	0.342104	0.0	0.0	0.0	PF12745	1	0.0	0.0	0.0	1.0	1.0	1.0
EIF2B1	0.698813	0.451412	0.314357	0.0	0.0	0.0	PF01008	0	0.13456633333333334	0.090331	-0.14793533333333336	0.0	0.0	0.0
EIF2B2	0.567658	0.356187	0.414498	0.0	0.0	0.0	PF01008	0	0.0034113333333333218	-0.0048940000000000095	-0.04779433333333338	0.0	0.0	0.0
EIF2B3	0.489674	0.385047	0.498474	0.0	0.0	0.0	PF25084	0	-0.07190199999999997	-0.07402199999999998	0.08485699999999996	0.0	0.0	0.0
EIF2B4	0.426269	0.275644	0.658022	0.0	0.0	0.0	PF01008	0	-0.13797766666666667	-0.08543699999999999	0.19572966666666664	0.0	0.0	0.0
EIF2B5	0.633478	0.533091	0.32876	0.0	0.0	0.0	PF25084	0	0.07190200000000002	0.07402200000000003	-0.08485700000000002	0.0	0.0	0.0
EIF2S3	0.367606	0.402671	0.747745	0.0	0.0	0.0	PF09173	1	0.0	0.0	0.0	1.0	1.0	1.0
EIF3F	0.438508	0.478851	0.646498	0.0	0.0	0.0	PF01398	0	-0.11403799999999997	-0.047848	0.1766105	0.0	0.0	0.0
EIF4A3	0.457491	0.3958	0.680349	0.0	0.0	0.0	PF00270	0	-0.10289437499999998	-0.02208162500000005	0.19227249999999996	0.0	0.0	0.0
EIF5A	0.450401	0.267589	0.58728	0.0	0.0	0.0	PF01287	1	0.0	0.0	0.0	1.0	1.0	1.0
ELAC2	0.502948	0.382978	0.461219	0.0	0.0	0.0	PF23023	1	0.0	0.0	0.0	1.0	1.0	1.0
ELANE	0.770886	0.743699	0.21277	0.0	0.0	0.0	PF00089	0	0.04544133333333322	0.025764999999999927	-0.017141333333333342	0.0	0.0	0.0
ELMO2	0.610052	0.703472	0.32479	0.0	0.0	0.0		1	0.0	0.0	0.0	1.0	1.0	1.0
ELN	0.733023	0.74177	0.311077	0.0	0.0	0.0		1	0.0	0.0	0.0	1.0	1.0	1.0
ELOVL4	0.597517	0.592447	0.481531	0.0	0.0	0.0	PF01151	1	0.0	0.0	0.0	1.0	1.0	1.0
ELP1	0.558625	0.399459	0.361147	0.0	0.0	0.0		1	0.0	0.0	0.0	1.0	1.0	1.0
ELP4	0.726038	0.36908	0.345096	0.0	0.0	0.0		1	0.0	0.0	0.0	1.0	1.0	1.0
EMC1	0.467623	0.329974	0.487912	0.0	0.0	0.0	PF25293	1	0.0	0.0	0.0	1.0	1.0	1.0
EMC10	0.427253	0.361796	0.484637	0.0	0.0	0.0		1	0.0	0.0	0.0	1.0	1.0	1.0
EMG1	0.72721	0.3395	0.327873	0.0	0.0	0.0	PF03587	1	0.0	0.0	0.0	1.0	1.0	1.0
EML1	0.443275	0.398552	0.676347	0.0	0.0	0.0	PF23409	1	0.0	0.0	0.0	1.0	1.0	1.0
ENG	0.35926	0.298285	0.65952	0.0	0.0	0.0	PF26060	1	0.0	0.0	0.0	1.0	1.0	1.0
ENO3	0.689529	0.50088	0.407594	0.0	0.0	0.0	PF00113	1	0.0	0.0	0.0	1.0	1.0	1.0
ENPP1	0.505706	0.494971	0.338143	0.0	0.0	0.0	PF01223	1	0.0	0.0	0.0	1.0	1.0	1.0
EOGT	0.610421	0.595171	0.25521	0.0	0.0	0.0	PF04577	0	0.014725500000000058	0.01525399999999999	-0.02815000000000001	0.0	0.0	0.0
EP300	0.262147	0.332759	0.872479	0.0	0.0	0.0	PF00439	0	0.04064650000000003	0.05195050000000001	0.027383166666666736	0.0	0.0	0.0
EPCAM	0.681881	0.603012	0.253803	0.0	0.0	0.0	PF21283	1	0.0	0.0	0.0	1.0	1.0	1.0
EPG5	0.551362	0.568589	0.41574	0.0	0.0	0.0	PF26103	1	0.0	0.0	0.0	1.0	1.0	1.0
EPHA2	0.760009	0.757534	0.243468	0.0	0.0	0.0	PF14575	0	0.08700933333333338	0.018511666666666704	-0.11680633333333337	0.0	0.0	0.0
EPHB2	0.517981	0.668299	0.576925	0.0	0.0	0.0	PF14575	0	-0.15501866666666664	-0.07072333333333336	0.21665066666666666	0.0	0.0	0.0
EPHB4	0.741009	0.791234	0.26043	0.0	0.0	0.0	PF14575	0	0.06800933333333337	0.052211666666666656	-0.09984433333333337	0.0	0.0	0.0
EPRS1	0.614042	0.632179	0.400932	0.0	0.0	0.0	PF21972	1	0.0	0.0	0.0	1.0	1.0	1.0
ERBB3	0.755539	0.833373	0.251175	0.0	0.0	0.0	PF00757	0	0.03596100000000002	0.001867249999999987	-0.07927825	0.0	0.0	0.0
ERCC1	0.68122	0.349163	0.351453	0.0	0.0	0.0	PF14520	0	-0.04352349999999994	-0.04744999999999999	0.028395999999999977	0.0	0.0	0.0
ERCC2	0.637441	0.511622	0.385356	0.0	0.0	0.0	PF06733	1	0.0	0.0	0.0	1.0	1.0	1.0
ERCC3	0.696471	0.42364	0.388169	0.0	0.0	0.0	PF16203	1	0.0	0.0	0.0	1.0	1.0	1.0
ERCC4	0.633265	0.356361	0.322082	0.0	0.0	0.0	PF02732	1	0.0	0.0	0.0	1.0	1.0	1.0
ERCC5	0.648997	0.331472	0.294947	0.0	0.0	0.0	PF00867	1	0.0	0.0	0.0	1.0	1.0	1.0
ERCC6	0.650437	0.3979	0.374142	0.0	0.0	0.0	PF00271	1	0.0	0.0	0.0	1.0	1.0	1.0
ERCC6L2	0.688139	0.408052	0.37061	0.0	0.0	0.0		1	0.0	0.0	0.0	1.0	1.0	1.0
ERCC8	0.621006	0.4892	0.441171	0.0	0.0	0.0	PF00400	0	-0.05025137499999999	-0.026871874999999934	0.04245725	0.0	0.0	0.0
ERF	0.36093	0.348739	0.818389	0.0	0.0	0.0	PF00178	0	0.043332499999999996	0.0800205	0.016987000000000085	0.0	0.0	0.0
ESCO2	0.695469	0.306935	0.440488	0.0	0.0	0.0	PF13880	1	0.0	0.0	0.0	1.0	1.0	1.0
ESPN	0.613565	0.665975	0.394546	0.0	0.0	0.0	PF12796	0	0.08550845454545464	0.0876282727272727	-0.12181554545454537	0.0	0.0	0.0
ESR1	0.507887	0.468599	0.807511	0.0	0.0	0.0	PF12743	1	0.0	0.0	0.0	1.0	1.0	1.0
ESR2	0.680741	0.478007	0.486805	0.0	0.0	0.0	PF12497	1	0.0	0.0	0.0	1.0	1.0	1.0
ESRRB	0.65814	0.482779	0.479753	0.0	0.0	0.0	PF00104	0	0.19169746153846146	0.0940974615384616	-0.16634153846153832	0.0	0.0	0.0
ETFA	0.672255	0.526399	0.347943	0.0	0.0	0.0	PF01012	0	-0.0027334999999999443	0.0030445000000000055	-0.002346999999999988	0.0	0.0	0.0
ETFB	0.677722	0.52031	0.352637	0.0	0.0	0.0	PF01012	0	0.0027335000000000553	-0.0030444999999998945	0.002346999999999988	0.0	0.0	0.0
ETFDH	0.542719	0.542898	0.446203	0.0	0.0	0.0	PF21162	1	0.0	0.0	0.0	1.0	1.0	1.0
ETHE1	0.670688	0.578276	0.431508	0.0	0.0	0.0	PF00753	1	0.0	0.0	0.0	1.0	1.0	1.0
ETV6	0.274265	0.188698	0.784415	0.0	0.0	0.0	PF00178	0	-0.043332499999999996	-0.08002050000000002	-0.016986999999999974	0.0	0.0	0.0
EVC	0.597419	0.705855	0.39652	0.0	0.0	0.0		1	0.0	0.0	0.0	1.0	1.0	1.0
EVC2	0.580286	0.682706	0.411375	0.0	0.0	0.0	PF12297	1	0.0	0.0	0.0	1.0	1.0	1.0
EXOSC2	0.675748	0.421391	0.482043	0.0	0.0	0.0	PF14382	1	0.0	0.0	0.0	1.0	1.0	1.0
EXOSC3	0.63815	0.463395	0.481804	0.0	0.0	0.0	PF15985	1	0.0	0.0	0.0	1.0	1.0	1.0
EXOSC9	0.609113	0.324721	0.411338	0.0	0.0	0.0	PF01138	1	0.0	0.0	0.0	1.0	1.0	1.0
EXPH5	0.580665	0.559172	0.504004	0.0	0.0	0.0		1	0.0	0.0	0.0	1.0	1.0	1.0
EXT1	0.368309	0.324129	0.667025	0.0	0.0	0.0	PF03016	0	-0.125805	-0.10522599999999999	0.17499350000000002	0.0	0.0	0.0
EXT2	0.619919	0.534581	0.317038	0.0	0.0	0.0	PF03016	0	0.125805	0.10522599999999999	-0.17499349999999997	0.0	0.0	0.0
EYA1	0.351538	0.234701	0.756516	0.0	0.0	0.0	PF00702	0	-0.218495	-0.17725200000000002	0.272955	0.0	0.0	0.0
EYA4	0.602105	0.327252	0.487301	0.0	0.0	0.0	PF00702	0	0.03207199999999999	-0.08470100000000003	0.003740000000000021	0.0	0.0	0.0
EYS	0.706132	0.584588	0.308231	0.0	0.0	0.0	PF00008	0	0.035878555555555525	-0.06884366666666664	0.01196688888888886	0.0	0.0	0.0
F10	0.696678	0.7032	0.270717	0.0	0.0	0.0	PF00008	0	0.026424555555555562	0.049768333333333414	-0.02554711111111113	0.0	0.0	0.0
F12	0.644407	0.666748	0.275518	0.0	0.0	0.0	PF00008	0	-0.025846444444444505	0.013316333333333374	-0.020746111111111132	0.0	0.0	0.0
F13A1	0.66603	0.580957	0.242156	0.0	0.0	0.0	PF00927	0	0.047628000000000004	0.05287699999999995	-0.07790866666666665	0.0	0.0	0.0
F7	0.704656	0.724867	0.25365	0.0	0.0	0.0	PF00008	0	0.03440255555555549	0.0714353333333334	-0.04261411111111113	0.0	0.0	0.0
FA2H	0.680593	0.541355	0.313265	0.0	0.0	0.0	PF00173	0	0.03967233333333331	-0.033950000000000036	-0.005289999999999961	0.0	0.0	0.0
FADD	0.598012	0.697564	0.310025	0.0	0.0	0.0	PF00531	0	0.006207666666666722	-0.007188666666666732	-0.0023526666666666696	0.0	0.0	0.0
FAH	0.583287	0.629726	0.445613	0.0	0.0	0.0	PF01557	1	0.0	0.0	0.0	1.0	1.0	1.0
FAM111A	0.750947	0.473491	0.215816	0.0	0.0	0.0	PF13365	1	0.0	0.0	0.0	1.0	1.0	1.0
FAM126A	0.622559	0.560552	0.372742	1.0	1.0	1.0	PF09790	0	-0.01670450000000001	-0.066666	-0.042020999999999975	0.0	0.0	0.0
FAM149B1	0.662032	0.668726	0.369429	0.0	0.0	0.0		1	0.0	0.0	0.0	1.0	1.0	1.0
FAM161A	0.737994	0.751152	0.236509	0.0	0.0	0.0		1	0.0	0.0	0.0	1.0	1.0	1.0
FAM20A	0.674621	0.495842	0.299274	0.0	0.0	0.0		1	0.0	0.0	0.0	1.0	1.0	1.0
FAM20C	0.587603	0.521755	0.400382	0.0	0.0	0.0	PF06702	1	0.0	0.0	0.0	1.0	1.0	1.0
FAN1	0.495384	0.21648	0.478485	0.0	0.0	0.0	PF21315	1	0.0	0.0	0.0	1.0	1.0	1.0
FANCA	0.437929	0.490101	0.519285	0.0	0.0	0.0	PF24783	1	0.0	0.0	0.0	1.0	1.0	1.0
FANCB	0.322845	0.218041	0.691681	0.0	0.0	0.0		1	0.0	0.0	0.0	1.0	1.0	1.0
FANCC	0.520505	0.550622	0.359234	0.0	0.0	0.0	PF02106	1	0.0	0.0	0.0	1.0	1.0	1.0
FANCD2	0.470863	0.350718	0.490829	0.0	0.0	0.0	PF14631	1	0.0	0.0	0.0	1.0	1.0	1.0
FANCE	0.550844	0.474697	0.332316	0.0	0.0	0.0	PF11510	1	0.0	0.0	0.0	1.0	1.0	1.0
FANCF	0.582098	0.598997	0.426364	0.0	0.0	0.0	PF11107	1	0.0	0.0	0.0	1.0	1.0	1.0
FANCG	0.457734	0.591035	0.421739	0.0	0.0	0.0		1	0.0	0.0	0.0	1.0	1.0	1.0
FANCI	0.448723	0.315255	0.548904	0.0	0.0	0.0	PF14679	1	0.0	0.0	0.0	1.0	1.0	1.0
FANCL	0.392211	0.314115	0.385301	0.0	0.0	0.0	PF11793	1	0.0	0.0	0.0	1.0	1.0	1.0
FANCM	0.660836	0.238101	0.38558	0.0	0.0	0.0	PF00270	0	0.10045062500000002	-0.17978062500000003	-0.10249650000000005	0.0	0.0	0.0
FAR1	0.473802	0.420425	0.566881	0.0	0.0	0.0	PF07993	1	0.0	0.0	0.0	1.0	1.0	1.0
FARS2	0.62486	0.420909	0.376276	0.0	0.0	0.0	PF03147	1	0.0	0.0	0.0	1.0	1.0	1.0
FARSB	0.671194	0.54344	0.343336	0.0	0.0	0.0	PF03483	1	0.0	0.0	0.0	1.0	1.0	1.0
FAS	0.574557	0.701429	0.322199	0.0	0.0	0.0	PF00531	0	-0.01724733333333328	-0.0033236666666667247	0.009821333333333349	0.0	0.0	0.0
FAT4	0.454128	0.419016	0.674726	0.0	0.0	0.0	PF00028	0	-0.14444057142857147	-0.2305535714285714	0.17883600000000005	0.0	0.0	0.0
FBLN5	0.483127	0.440612	0.590217	0.0	0.0	0.0	PF12662	0	-0.014774999999999983	-0.08866442857142853	0.04931528571428567	0.0	0.0	0.0
FBN1	0.289477	0.370245	0.743112	0.0	0.0	0.0	PF12662	0	-0.20842499999999997	-0.15903142857142855	0.20221028571428568	0.0	0.0	0.0
FBN2	0.442618	0.505452	0.611403	0.0	0.0	0.0	PF12662	0	-0.055283999999999944	-0.023824428571428524	0.07050128571428571	0.0	0.0	0.0
FBP1	0.757947	0.722018	0.258927	0.0	0.0	0.0	PF00316	1	0.0	0.0	0.0	1.0	1.0	1.0
FBXL3	0.309245	0.430981	0.678796	0.0	0.0	0.0	PF12937	1	0.0	0.0	0.0	1.0	1.0	1.0
FBXL4	0.540332	0.533234	0.314747	0.0	0.0	0.0		1	0.0	0.0	0.0	1.0	1.0	1.0
FBXO11	0.245913	0.385515	0.828691	0.0	0.0	0.0	PF13229	0	-0.21019950000000004	-0.06468349999999995	0.23134350000000004	0.0	0.0	0.0
FDX2	0.622559	0.677977	0.36671	0.0	0.0	0.0	PF00111	1	0.0	0.0	0.0	1.0	1.0	1.0
FDXR	0.68927	0.548418	0.314302	0.0	0.0	0.0	PF13450	1	0.0	0.0	0.0	1.0	1.0	1.0
FECH	0.593486	0.422696	0.360045	0.0	0.0	0.0	PF00762	1	0.0	0.0	0.0	1.0	1.0	1.0
FERMT1	0.669007	0.608594	0.323627	0.0	0.0	0.0	PF00373	0	-0.03134899999999996	-0.02473599999999998	0.02769149999999998	0.0	0.0	0.0
FEZF1	0.49623	0.386829	0.783877	0.0	0.0	0.0	PF00096	0	0.11012586666666663	0.11782466666666669	-0.02175113333333345	0.0	0.0	0.0
FGB	0.462735	0.546033	0.408909	0.0	0.0	0.0	PF08702	0	-0.09521100000000005	-0.0547185	0.08934400000000003	0.0	0.0	0.0
FGD1	0.263512	0.523962	0.759483	0.0	0.0	0.0	PF01363	0	-0.22339966666666666	0.03256966666666666	0.26779699999999995	0.0	0.0	0.0
FGF10	0.391585	0.608309	0.698004	0.0	0.0	0.0	PF00167	0	-0.058362666666666674	-0.012243666666666653	0.08071533333333336	0.0	0.0	0.0
FGF12	0.512627	0.643507	0.585707	0.0	0.0	0.0	PF00167	0	0.06267933333333336	0.02295433333333341	-0.03158166666666662	0.0	0.0	0.0
FGF13	0.37067	0.549744	0.712534	0.0	0.0	0.0	PF00167	0	-0.07927766666666669	-0.07080866666666663	0.0952453333333334	0.0	0.0	0.0
FGF14	0.451289	0.610158	0.65552	0.0	0.0	0.0	PF00167	0	0.0013413333333333055	-0.010394666666666663	0.038231333333333395	0.0	0.0	0.0
FGF3	0.605504	0.664404	0.388423	0.0	0.0	0.0	PF00167	0	0.15555633333333335	0.04385133333333335	-0.22886566666666658	0.0	0.0	0.0
FGF9	0.368011	0.647194	0.663544	0.0	0.0	0.0	PF00167	0	-0.08193666666666671	0.026641333333333406	0.046255333333333426	0.0	0.0	0.0
FGFR1	0.570869	0.664909	0.595364	0.0	0.0	0.0	PF07679	0	0.03202349999999998	0.016907999999999923	0.04624316666666661	0.0	0.0	0.0
FGFR2	0.542473	0.698922	0.594926	0.0	0.0	0.0	PF07679	0	0.0036275000000000057	0.050920999999999994	0.045805166666666564	0.0	0.0	0.0
FGFR3	0.748607	0.804773	0.307147	0.0	0.0	0.0	PF21165	1	0.0	0.0	0.0	1.0	1.0	1.0
FGG	0.653157	0.65547	0.230221	0.0	0.0	0.0	PF08702	0	0.09521099999999993	0.0547185	-0.08934399999999998	0.0	0.0	0.0
FH	0.750285	0.672788	0.401121	0.0	0.0	0.0	PF10415	1	0.0	0.0	0.0	1.0	1.0	1.0
FHL1	0.424829	0.438801	0.701738	0.0	0.0	0.0	PF00412	0	-0.20521599999999995	-0.2029076666666666	0.246448	0.0	0.0	0.0
FIG4	0.455189	0.419412	0.487665	0.0	0.0	0.0	PF02383	1	0.0	0.0	0.0	1.0	1.0	1.0
FKBP14	0.64855	0.626041	0.33486899999999997	0.0	0.0	0.0	PF00254	1	0.0	0.0	0.0	1.0	1.0	1.0
FKBP15	0.658775	0.564268	0.336527	0.0	0.0	0.0		1	0.0	0.0	0.0	1.0	1.0	1.0
FKRP	0.485253	0.555795	0.339726	0.0	0.0	0.0	PF22921	1	0.0	0.0	0.0	1.0	1.0	1.0
FKTN	0.573292	0.392978	0.32783	0.0	0.0	0.0	PF19737	1	0.0	0.0	0.0	1.0	1.0	1.0
FLAD1	0.675808	0.574012	0.348296	0.0	0.0	0.0		1	0.0	0.0	0.0	1.0	1.0	1.0
FLCN	0.331751	0.443141	0.65994	0.0	0.0	0.0	PF11704	1	0.0	0.0	0.0	1.0	1.0	1.0
FLNA	0.316907	0.582095	0.734398	0.0	0.0	0.0	PF00307	0	-0.27789749999999996	-0.1358688749999999	0.27384487500000004	0.0	0.0	0.0
FLNB	0.731022	0.750108	0.295379	0.0	0.0	0.0	PF00307	0	0.1362175	0.03214412500000008	-0.16517412499999995	0.0	0.0	0.0
FLNC	0.491556	0.598567	0.621347	0.0	0.0	0.0	PF00307	0	-0.10324849999999997	-0.11939687499999996	0.16079387500000003	0.0	0.0	0.0
FLT4	0.502995	0.671679	0.545663	0.0	0.0	0.0	PF07679	0	-0.03585050000000001	0.023677999999999977	-0.003457833333333382	0.0	0.0	0.0
FLVCR1	0.702529	0.772007	0.236254	0.0	0.0	0.0	PF07690	0	-0.01185124999999998	0.08039025000000011	-0.03265362499999988	0.0	0.0	0.0
FLVCR2	0.779865	0.812234	0.201756	0.0	0.0	0.0	PF07690	0	0.06548475000000009	0.12061725000000012	-0.06715162499999988	0.0	0.0	0.0
FMN2	0.37863	0.502778	0.67915	0.0	0.0	0.0		1	0.0	0.0	0.0	1.0	1.0	1.0
FMO3	0.68986	0.672277	0.300538	0.0	0.0	0.0	PF00743	1	0.0	0.0	0.0	1.0	1.0	1.0
FMR1	0.504206	0.493869	0.657563	0.0	0.0	0.0	PF05641	1	0.0	0.0	0.0	1.0	1.0	1.0
FOLR1	0.606998	0.599747	0.249502	0.0	0.0	0.0	PF03024	1	0.0	0.0	0.0	1.0	1.0	1.0
FOXC1	0.412274	0.322267	0.831142	0.0	0.0	0.0	PF00250	0	-0.03579345454545463	-0.0615507272727272	0.07390063636363631	0.0	0.0	0.0
FOXC2	0.63651	0.439656	0.602439	0.0	0.0	0.0	PF00250	0	0.18844254545454542	0.055838272727272764	-0.1548023636363638	0.0	0.0	0.0
FOXE1	0.51397	0.372833	0.704914	0.0	0.0	0.0	PF00250	0	0.06590254545454544	-0.010984727272727202	-0.0523273636363637	0.0	0.0	0.0
FOXE3	0.599354	0.651493	0.515367	0.0	0.0	0.0	PF00250	0	0.15128654545454545	0.26767527272727276	-0.24187436363636372	0.0	0.0	0.0
FOXF1	0.400997	0.253584	0.843257	0.0	0.0	0.0	PF00250	0	-0.04707045454545461	-0.13023372727272725	0.0860156363636363	0.0	0.0	0.0
FOXG1	0.258571	0.23548	0.920003	0.0	0.0	0.0	PF00250	0	-0.1894964545454546	-0.14833772727272723	0.16276163636363628	0.0	0.0	0.0
FOXJ1	0.416324	0.47911	0.692522	0.0	0.0	0.0		1	0.0	0.0	0.0	1.0	1.0	1.0
FOXL2	0.465389	0.40342	0.791521	0.0	0.0	0.0	PF00250	0	0.017321545454545395	0.019602272727272774	0.03427963636363629	0.0	0.0	0.0
FOXN1	0.442983	0.422922	0.714871	0.0	0.0	0.0	PF00250	0	-0.005084454545454586	0.03910427272727279	-0.042370363636363706	0.0	0.0	0.0
FOXP1	0.447044	0.388998	0.767188	0.0	0.0	0.0	PF00250	0	-0.0010234545454546051	0.005180272727272783	0.009946636363636241	0.0	0.0	0.0
FOXP2	0.367529	0.397378	0.818647	0.0	0.0	0.0	PF00250	0	-0.08053845454545461	0.013560272727272782	0.06140563636363627	0.0	0.0	0.0
FOXP3	0.384121	0.333964	0.820306	0.0	0.0	0.0	PF00250	0	-0.06394645454545461	-0.049853727272727244	0.06306463636363624	0.0	0.0	0.0
FOXRED1	0.656087	0.508009	0.383237	0.0	0.0	0.0	PF01266	0	0.009881999999999946	-0.08043466666666665	-0.01839200000000002	0.0	0.0	0.0
FRAS1	0.693969	0.526232	0.321453	0.0	0.0	0.0		1	0.0	0.0	0.0	1.0	1.0	1.0
FREM1	0.582825	0.523941	0.466139	0.0	0.0	0.0	PF16184	1	0.0	0.0	0.0	1.0	1.0	1.0
FREM2	0.659029	0.53809	0.352274	0.0	0.0	0.0		1	0.0	0.0	0.0	1.0	1.0	1.0
FRMD7	0.620407	0.6334	0.514974	0.0	0.0	0.0	PF08736	1	0.0	0.0	0.0	1.0	1.0	1.0
FRMPD4	0.275174	0.485454	0.793393	0.0	0.0	0.0		1	0.0	0.0	0.0	1.0	1.0	1.0
FRRS1L	0.656319	0.475932	0.306419	0.0	0.0	0.0		1	0.0	0.0	0.0	1.0	1.0	1.0
FSHB	0.5571	0.576125	0.305927	0.0	0.0	0.0	PF00007	0	0.026308333333333378	0.08788633333333329	-0.09000833333333336	0.0	0.0	0.0
FTCD	0.620473	0.478824	0.352218	0.0	0.0	0.0	PF02971	1	0.0	0.0	0.0	1.0	1.0	1.0
FTL	0.708905	0.624864	0.288233	0.0	0.0	0.0	PF00210	1	0.0	0.0	0.0	1.0	1.0	1.0
FTO	0.479671	0.368643	0.351673	0.0	0.0	0.0	PF12934	1	0.0	0.0	0.0	1.0	1.0	1.0
FTSJ1	0.323423	0.327812	0.690767	0.0	0.0	0.0	PF01728	1	0.0	0.0	0.0	1.0	1.0	1.0
FUCA1	0.625529	0.628267	0.262224	0.0	0.0	0.0	PF01120	1	0.0	0.0	0.0	1.0	1.0	1.0
FUS	0.457315	0.327517	0.791771	0.0	0.0	0.0	PF00076	0	-0.008396499999999973	-0.08377383333333333	0.13092733333333328	0.0	0.0	0.0
FUT8	0.59219	0.495189	0.339869	0.0	0.0	0.0	PF19745	1	0.0	0.0	0.0	1.0	1.0	1.0
FXN	0.647266	0.446324	0.381106	0.0	0.0	0.0	PF01491	1	0.0	0.0	0.0	1.0	1.0	1.0
FXYD2	0.884109	0.738691	0.224344	0.0	0.0	0.0	PF02038	1	0.0	0.0	0.0	1.0	1.0	1.0
FYCO1	0.565868	0.506618	0.349807	0.0	0.0	0.0	PF01363	0	0.07895633333333335	0.015225666666666637	-0.1418790000000001	0.0	0.0	0.0
FZD4	0.51383	0.712692	0.437031	0.0	0.0	0.0	PF01534	0	-0.08090700000000006	-0.0157775	0.04114774999999998	0.0	0.0	0.0
FZD5	0.506914	0.681799	0.503229	0.0	0.0	0.0	PF01534	0	-0.0878230000000001	-0.04667049999999995	0.10734575000000002	0.0	0.0	0.0
FZD6	0.693322	0.749136	0.322731	0.0	0.0	0.0	PF01534	0	0.09858499999999992	0.020666500000000032	-0.07315225000000003	0.0	0.0	0.0
G6PC1	0.741907	0.685456	0.248901	0.0	0.0	0.0	PF01569	1	0.0	0.0	0.0	1.0	1.0	1.0
GAA	0.578842	0.647496	0.297643	0.0	0.0	0.0	PF13802	0	0.016892000000000018	0.047195999999999905	-0.036482000000000014	0.0	0.0	0.0
GABBR2	0.457728	0.63096	0.642367	0.0	0.0	0.0	PF00003	0	-0.13563000000000003	-0.06661119999999998	0.19769840000000005	0.0	0.0	0.0
GABRA1	0.622153	0.722403	0.496323	0.0	0.0	0.0	PF02931	0	-0.1432580000000001	-0.07751949999999985	0.21426459999999997	0.0	0.0	0.0
GABRA5	0.69278	0.753487	0.441512	0.0	0.0	0.0	PF02931	0	-0.07263100000000011	-0.04643549999999985	0.15945359999999997	0.0	0.0	0.0
GABRG2	0.710186	0.728895	0.420176	0.0	0.0	0.0	PF02931	0	-0.05522500000000008	-0.07102749999999991	0.13811759999999995	0.0	0.0	0.0
GAD1	0.690868	0.640383	0.372576	0.0	0.0	0.0	PF00282	0	-0.04226866666666673	0.009929333333333346	0.06185666666666667	0.0	0.0	0.0
GALC	0.573314	0.563647	0.316584	0.0	0.0	0.0	PF02057	1	0.0	0.0	0.0	1.0	1.0	1.0
GALE	0.69425	0.462031	0.382326	0.0	0.0	0.0	PF16363	0	0.006691500000000072	0.011517500000000014	0.006964000000000026	0.0	0.0	0.0
GALK1	0.673216	0.574585	0.283694	0.0	0.0	0.0	PF10509	1	0.0	0.0	0.0	1.0	1.0	1.0
GALM	0.563838	0.480504	0.425746	0.0	0.0	0.0	PF01263	1	0.0	0.0	0.0	1.0	1.0	1.0
GALNS	0.656751	0.6109	0.267126	0.0	0.0	0.0	PF00884	0	0.017174333333333403	0.04150816666666668	-0.09324949999999999	0.0	0.0	0.0
GALNT2	0.641269	0.61398	0.331055	0.0	0.0	0.0	PF00535	0	-0.045831000000000066	-0.038966666666666705	0.031557	0.0	0.0	0.0
GALNT3	0.692364	0.697922	0.262043	0.0	0.0	0.0	PF00535	0	0.005263999999999935	0.04497533333333337	-0.03745499999999996	0.0	0.0	0.0
GALT	0.623392	0.426962	0.353725	0.0	0.0	0.0	PF02744	1	0.0	0.0	0.0	1.0	1.0	1.0
GAMT	0.710807	0.549309	0.20347	0.0	0.0	0.0		1	0.0	0.0	0.0	1.0	1.0	1.0
GAN	0.666603	0.675348	0.290951	0.0	0.0	0.0	PF07707	0	-0.04664199999999996	-0.024407999999999985	0.021528500000000006	0.0	0.0	0.0
GAS2L2	0.773317	0.769812	0.253414	0.0	0.0	0.0	PF00307	0	0.17851250000000007	0.051848125000000134	-0.20713912499999998	0.0	0.0	0.0
GATA2	0.343105	0.187413	0.93153	0.0	0.0	0.0	PF00320	0	-0.02173799999999998	-0.03075739999999999	0.037278799999999945	0.0	0.0	0.0
GATA3	0.457981	0.226168	0.894922	0.0	0.0	0.0	PF00320	0	0.09313800000000005	0.007997600000000021	0.0006707999999999714	0.0	0.0	0.0
GATA4	0.529405	0.247837	0.828071	0.0	0.0	0.0	PF00320	0	0.16456200000000004	0.029666600000000015	-0.06618020000000002	0.0	0.0	0.0
GATA6	0.270065	0.255293	0.925788	0.0	0.0	0.0	PF00320	0	-0.09477799999999997	0.037122600000000006	0.03153680000000003	0.0	0.0	0.0
GATAD2B	0.223659	0.174141	0.890945	0.0	0.0	0.0	PF00320	0	-0.14118399999999998	-0.044029399999999996	-0.003306200000000037	0.0	0.0	0.0
GATM	0.6308	0.478125	0.367817	0.0	0.0	0.0		1	0.0	0.0	0.0	1.0	1.0	1.0
GBA	0.622559	0.560552	0.372742	1.0	1.0	1.0	PF02055	0	-0.008417000000000008	0.043611500000000025	0.03403449999999997	0.0	0.0	0.0
GBA1	0.639393	0.473329	0.304673	0.0	0.0	0.0	PF02055	0	0.008417000000000008	-0.043611500000000025	-0.03403450000000002	0.0	0.0	0.0
GBA2	0.490296	0.486562	0.412387	0.0	0.0	0.0	PF04685	1	0.0	0.0	0.0	1.0	1.0	1.0
GBE1	0.674995	0.554835	0.27709	0.0	0.0	0.0	PF00128	1	0.0	0.0	0.0	1.0	1.0	1.0
GCDH	0.760993	0.712608	0.291684	0.0	0.0	0.0	PF00441	0	0.01889149999999995	0.008735666666666697	-0.024256333333333324	0.0	0.0	0.0
GCNT2	0.638083	0.697882	0.21901	0.0	0.0	0.0	PF02485	0	0.17669466666666667	0.15310400000000002	-0.26770566666666673	0.0	0.0	0.0
GCSH	0.624065	0.509484	0.329957	0.0	0.0	0.0	PF01597	1	0.0	0.0	0.0	1.0	1.0	1.0
GDF1	0.503352	0.444975	0.457078	0.0	0.0	0.0		1	0.0	0.0	0.0	1.0	1.0	1.0
GDF5	0.464563	0.274246	0.636007	0.0	0.0	0.0	PF00019	0	0.0740516	0.026956200000000013	-0.02711219999999992	0.0	0.0	0.0
GEMIN5	0.581036	0.539504	0.372431	0.0	0.0	0.0	PF23770	1	0.0	0.0	0.0	1.0	1.0	1.0
GFAP	0.957328	0.873172	0.144475	0.0	0.0	0.0	PF00038	0	0.04588211764705885	-0.015851882352941327	-0.09436570588235296	0.0	0.0	0.0
GFER	0.673468	0.579762	0.316085	0.0	0.0	0.0	PF04777	1	0.0	0.0	0.0	1.0	1.0	1.0
GFI1	0.684132	0.50774	0.641415	0.0	0.0	0.0	PF00096	0	0.2980278666666666	0.23873566666666668	-0.16421313333333354	0.0	0.0	0.0
GFM1	0.735932	0.707068	0.291545	0.0	0.0	0.0	PF00679	0	0.12152333333333332	0.09055533333333332	-0.11692199999999997	0.0	0.0	0.0
GFPT1	0.412949	0.482519	0.648877	0.0	0.0	0.0	PF13522	1	0.0	0.0	0.0	1.0	1.0	1.0
GGCX	0.584371	0.669789	0.318183	0.0	0.0	0.0	PF05090	1	0.0	0.0	0.0	1.0	1.0	1.0
GHR	0.769108	0.722793	0.29321	0.0	0.0	0.0	PF09067	0	0.023620499999999933	-0.014444000000000012	-0.01599999999999996	0.0	0.0	0.0
GHRHR	0.840132	0.83626	0.17704	0.0	0.0	0.0	PF00002	0	0.08734249999999999	0.107271	-0.11207999999999999	0.0	0.0	0.0
GINS1	0.564356	0.315614	0.34896	0.0	0.0	0.0	PF24997	1	0.0	0.0	0.0	1.0	1.0	1.0
GJA1	0.770875	0.823397	0.32365	0.0	0.0	0.0	PF00029	0	0.029921499999999934	0.032062499999999994	0.003167000000000031	0.0	0.0	0.0
GJB2	0.711032	0.759272	0.317316	0.0	0.0	0.0	PF00029	0	-0.029921500000000045	-0.032062500000000105	-0.0031669999999999754	0.0	0.0	0.0
GK	0.452764	0.589061	0.588332	0.0	0.0	0.0	PF02782	1	0.0	0.0	0.0	1.0	1.0	1.0
GLA	0.265902	0.424678	0.622453	0.0	0.0	0.0	PF16499	0	-0.12406650000000002	-0.07978699999999994	0.1405595	0.0	0.0	0.0
GLB1	0.671072	0.595557	0.224691	0.0	0.0	0.0	PF21317	1	0.0	0.0	0.0	1.0	1.0	1.0
GLDC	0.514604	0.43802	0.537059	0.0	0.0	0.0	PF01212	1	0.0	0.0	0.0	1.0	1.0	1.0
GLDN	0.615761	0.50593	0.4923	0.0	0.0	0.0	PF01391	0	-0.1246601111111112	-0.13039	0.14106922222222218	0.0	0.0	0.0
GLE1	0.607147	0.655699	0.325562	0.0	0.0	0.0	PF07817	1	0.0	0.0	0.0	1.0	1.0	1.0
GLI2	0.394429	0.239158	0.811015	0.0	0.0	0.0		1	0.0	0.0	0.0	1.0	1.0	1.0
GLI3	0.379445	0.206952	0.830556	0.0	0.0	0.0	PF00096	0	-0.0066591333333334	-0.06205233333333329	0.024927866666666465	0.0	0.0	0.0
GLIS2	0.473344	0.391601	0.778945	0.0	0.0	0.0		1	0.0	0.0	0.0	1.0	1.0	1.0
GLIS3	0.714322	0.377682	0.561313	0.0	0.0	0.0		1	0.0	0.0	0.0	1.0	1.0	1.0
GLMN	0.609218	0.500282	0.273504	0.0	0.0	0.0		1	0.0	0.0	0.0	1.0	1.0	1.0
GLRA1	0.831693	0.817558	0.196406	0.0	0.0	0.0	PF02931	0	0.06628199999999995	0.017635500000000137	-0.08565240000000005	0.0	0.0	0.0
GLRB	0.817673	0.808686	0.226699	0.0	0.0	0.0	PF02931	0	0.05226199999999992	0.008763500000000146	-0.05535940000000003	0.0	0.0	0.0
GLRX5	0.533138	0.630167	0.515039	0.0	0.0	0.0	PF00462	0	-0.055856999999999934	-0.010467499999999963	0.020646000000000053	0.0	0.0	0.0
GLUD1	0.647951	0.570144	0.359119	0.0	0.0	0.0	PF00208	1	0.0	0.0	0.0	1.0	1.0	1.0
GLUL	0.37342	0.353243	0.662247	0.0	0.0	0.0	PF00120	1	0.0	0.0	0.0	1.0	1.0	1.0
GM2A	0.682289	0.457073	0.254223	0.0	0.0	0.0	PF02221	0	0.012802499999999939	-0.002645500000000023	-0.02954000000000001	0.0	0.0	0.0
GMNN	0.735909	0.269796	0.354454	0.0	0.0	0.0		1	0.0	0.0	0.0	1.0	1.0	1.0
GMPPA	0.551149	0.509632	0.358258	0.0	0.0	0.0	PF25087	1	0.0	0.0	0.0	1.0	1.0	1.0
GNA11	0.420557	0.636739	0.518208	0.0	0.0	0.0	PF00503	0	-0.1431291666666667	-0.07916999999999996	0.12590799999999996	0.0	0.0	0.0
GNA14	0.678971	0.752044	0.268062	0.0	0.0	0.0	PF00503	0	0.11528483333333328	0.03613500000000003	-0.12423800000000002	0.0	0.0	0.0
GNAO1	0.477051	0.65821	0.525583	0.0	0.0	0.0	PF00503	0	-0.08663516666666671	-0.057699000000000056	0.13328299999999998	0.0	0.0	0.0
GNAQ	0.411786	0.703765	0.565443	0.0	0.0	0.0	PF00503	0	-0.15190016666666672	-0.012144000000000044	0.173143	0.0	0.0	0.0
GNAS	0.339228	0.680117	0.56521	0.0	0.0	0.0		1	0.0	0.0	0.0	1.0	1.0	1.0
GNAT1	0.649151	0.745776	0.290354	0.0	0.0	0.0	PF00503	0	0.08546483333333332	0.029866999999999977	-0.10194600000000004	0.0	0.0	0.0
GNAT2	0.744601	0.79892	0.18615	0.0	0.0	0.0	PF00503	0	0.18091483333333325	0.08301099999999995	-0.20615000000000003	0.0	0.0	0.0
GNB1	0.34585	0.416947	0.866168	0.0	0.0	0.0	PF25391	0	-0.21889633333333336	-0.08594099999999999	0.2792976666666668	0.0	0.0	0.0
GNB3	0.628579	0.522079	0.482419	0.0	0.0	0.0	PF25391	0	0.06383266666666665	0.019190999999999958	-0.10445133333333328	0.0	0.0	0.0
GNB5	0.71981	0.569638	0.412024	0.0	0.0	0.0	PF25391	0	0.1550636666666666	0.06674999999999998	-0.17484633333333327	0.0	0.0	0.0
GNMT	0.646238	0.524935	0.275977	0.0	0.0	0.0	PF13649	1	0.0	0.0	0.0	1.0	1.0	1.0
GNPAT	0.531304	0.418816	0.344618	0.0	0.0	0.0	PF01553	0	-0.04294699999999996	-0.09301466666666663	-0.04011433333333331	0.0	0.0	0.0
GNPTAB	0.589536	0.442939	0.371905	0.0	0.0	0.0	PF06464	1	0.0	0.0	0.0	1.0	1.0	1.0
GNPTG	0.643838	0.49035	0.295605	0.0	0.0	0.0		1	0.0	0.0	0.0	1.0	1.0	1.0
GNRHR	0.80636	0.774141	0.196616	0.0	0.0	0.0	PF00001	0	0.09123075000000003	0.022196249999999917	-0.12304300000000001	0.0	0.0	0.0
GNS	0.690942	0.589836	0.316621	0.0	0.0	0.0		1	0.0	0.0	0.0	1.0	1.0	1.0
GORAB	0.796205	0.745039	0.273112	0.0	0.0	0.0	PF04949	1	0.0	0.0	0.0	1.0	1.0	1.0
GOT2	0.739526	0.48036	0.312757	0.0	0.0	0.0	PF00155	0	0.008898333333333452	-0.029551333333333263	0.018997333333333366	0.0	0.0	0.0
GP1BB	0.645244	0.800277	0.358949	0.0	0.0	0.0		1	0.0	0.0	0.0	1.0	1.0	1.0
GPAA1	0.695122	0.67906	0.275638	0.0	0.0	0.0	PF04114	1	0.0	0.0	0.0	1.0	1.0	1.0
GPC3	0.394572	0.439105	0.579052	0.0	0.0	0.0	PF01153	0	-0.12405700000000003	-0.09375300000000003	0.1498835	0.0	0.0	0.0
GPC4	0.468172	0.462376	0.482608	0.0	0.0	0.0		1	0.0	0.0	0.0	1.0	1.0	1.0
GPC6	0.642686	0.626611	0.279285	0.0	0.0	0.0	PF01153	0	0.12405699999999997	0.09375299999999998	-0.1498835	0.0	0.0	0.0
GPD1	0.77165	0.710198	0.196154	0.0	0.0	0.0	PF07479	1	0.0	0.0	0.0	1.0	1.0	1.0
GPHN	0.337331	0.424413	0.793632	0.0	0.0	0.0	PF00994	1	0.0	0.0	0.0	1.0	1.0	1.0
GPI	0.662472	0.630053	0.252153	0.0	0.0	0.0	PF00342	1	0.0	0.0	0.0	1.0	1.0	1.0
GPIHBP1	0.614826	0.358071	0.281296	0.0	0.0	0.0	PF00087	1	0.0	0.0	0.0	1.0	1.0	1.0
GPR143	0.482674	0.667995	0.52784	0.0	0.0	0.0	PF02101	1	0.0	0.0	0.0	1.0	1.0	1.0
GPR179	0.63692	0.680332	0.299265	0.0	0.0	0.0	PF00003	0	0.04356199999999999	-0.0172391999999999	-0.14540359999999997	0.0	0.0	0.0
GPSM2	0.742808	0.719563	0.309865	0.0	0.0	0.0	PF02188	1	0.0	0.0	0.0	1.0	1.0	1.0
GPT2	0.69363	0.4557	0.321844	0.0	0.0	0.0	PF00155	0	-0.036997666666666595	-0.05421133333333328	0.028084333333333378	0.0	0.0	0.0
GPX4	0.764241	0.647502	0.259643	0.0	0.0	0.0		1	0.0	0.0	0.0	1.0	1.0	1.0
GREB1L	0.207068	0.271054	0.790057	0.0	0.0	0.0	PF20692	1	0.0	0.0	0.0	1.0	1.0	1.0
GRHL3	0.350883	0.309802	0.776172	0.0	0.0	0.0	PF04516	1	0.0	0.0	0.0	1.0	1.0	1.0
GRHPR	0.677794	0.615842	0.332234	0.0	0.0	0.0	PF00389	0	0.010724500000000026	0.07446649999999999	-0.012807500000000027	0.0	0.0	0.0
GRIA2	0.533367	0.673169	0.585216	0.0	0.0	0.0	PF01094	0	-0.020548699999999975	-0.008199900000000038	0.044383699999999915	0.0	0.0	0.0
GRIA3	0.489323	0.573437	0.630018	0.0	0.0	0.0	PF01094	0	-0.0645927	-0.10793190000000008	0.08918569999999992	0.0	0.0	0.0
GRID2	0.472573	0.667349	0.572316	0.0	0.0	0.0	PF01094	0	-0.08134269999999999	-0.014019900000000085	0.0314837	0.0	0.0	0.0
GRIK2	0.570417	0.69549	0.528769	0.0	0.0	0.0	PF01094	0	0.01650129999999994	0.014121099999999998	-0.012063299999999999	0.0	0.0	0.0
GRIN1	0.529775	0.657115	0.578271	0.0	0.0	0.0	PF01094	0	-0.024140700000000015	-0.02425390000000005	0.037438699999999936	0.0	0.0	0.0
GRIN2A	0.545026	0.632698	0.61562	0.0	0.0	0.0	PF01094	0	-0.0088897	-0.04867090000000007	0.0747876999999999	0.0	0.0	0.0
GRIN2B	0.418232	0.584059	0.739299	0.0	0.0	0.0	PF01094	0	-0.13568370000000002	-0.09730990000000006	0.1984667	0.0	0.0	0.0
GRIN2D	0.487415	0.674878	0.660303	0.0	0.0	0.0	PF01094	0	-0.06650070000000002	-0.006490900000000077	0.11947069999999993	0.0	0.0	0.0
GRIP1	0.579144	0.650508	0.566078	0.0	0.0	0.0		1	0.0	0.0	0.0	1.0	1.0	1.0
GRK1	0.63594	0.740332	0.272239	0.0	0.0	0.0		1	0.0	0.0	0.0	1.0	1.0	1.0
GRM1	0.726522	0.787089	0.344509	0.0	0.0	0.0	PF00003	0	0.13316399999999995	0.08951780000000009	-0.10015959999999996	0.0	0.0	0.0
GRM6	0.673965	0.787629	0.346898	0.0	0.0	0.0	PF00003	0	0.08060699999999998	0.09005780000000008	-0.09777059999999999	0.0	0.0	0.0
GRM7	0.471655	0.601846	0.590304	0.0	0.0	0.0	PF00003	0	-0.12170300000000006	-0.09572519999999995	0.14563540000000008	0.0	0.0	0.0
GRN	0.612054	0.499036	0.335562	0.0	0.0	0.0	PF00396	1	0.0	0.0	0.0	1.0	1.0	1.0
GRXCR1	0.644852	0.651102	0.473747	0.0	0.0	0.0	PF00462	0	0.055857000000000046	0.010467499999999963	-0.020645999999999998	0.0	0.0	0.0
GSDME	0.581928	0.547054	0.287763	0.0	0.0	0.0		1	0.0	0.0	0.0	1.0	1.0	1.0
GSR	0.690308	0.723035	0.365077	0.0	0.0	0.0	PF07992	0	-0.015876	0.05499200000000004	0.0448446666666667	0.0	0.0	0.0
GSS	0.559177	0.612457	0.197904	0.0	0.0	0.0	PF03917	1	0.0	0.0	0.0	1.0	1.0	1.0
GTF2E2	0.643287	0.366683	0.466138	0.0	0.0	0.0	PF18121	1	0.0	0.0	0.0	1.0	1.0	1.0
GTF2H5	0.658622	0.894882	0.23885	0.0	0.0	0.0	PF06331	1	0.0	0.0	0.0	1.0	1.0	1.0
GTPBP2	0.64304	0.599276	0.421725	0.0	0.0	0.0		1	0.0	0.0	0.0	1.0	1.0	1.0
GTPBP3	0.611827	0.53906	0.404391	0.0	0.0	0.0	PF01926	1	0.0	0.0	0.0	1.0	1.0	1.0
GUCA1A	0.773239	0.817688	0.211402	0.0	0.0	0.0	PF00036	0	0.03759699999999999	0.023944666666666614	-0.0972686666666667	0.0	0.0	0.0
GUCY1A1	0.658004	0.685004	0.336064	0.0	0.0	0.0	PF00211	0	0.017927999999999944	-0.019748499999999947	-0.0105885	0.0	0.0	0.0
GUCY2C	0.622148	0.724501	0.357241	0.0	0.0	0.0	PF00211	0	-0.017928000000000055	0.019748500000000058	0.0105885	0.0	0.0	0.0
GUCY2D	0.750385	0.83418	0.245701	0.0	0.0	0.0	PF01094	0	0.19646929999999996	0.15281109999999998	-0.29513130000000004	0.0	0.0	0.0
GUSB	0.721798	0.619134	0.244041	0.0	0.0	0.0	PF00703	1	0.0	0.0	0.0	1.0	1.0	1.0
GYG1	0.572035	0.656236	0.369276	0.0	0.0	0.0	PF01501	1	0.0	0.0	0.0	1.0	1.0	1.0
GYS2	0.626572	0.418154	0.425979	0.0	0.0	0.0	PF05693	1	0.0	0.0	0.0	1.0	1.0	1.0
GZF1	0.700576	0.536727	0.388671	0.0	0.0	0.0		1	0.0	0.0	0.0	1.0	1.0	1.0
H1-4	0.569415	0.284359	0.505271	0.0	0.0	0.0		1	0.0	0.0	0.0	1.0	1.0	1.0
HACD1	0.667992	0.678289	0.300269	0.0	0.0	0.0		1	0.0	0.0	0.0	1.0	1.0	1.0
HACE1	0.667279	0.697962	0.286288	0.0	0.0	0.0	PF12796	0	0.13922245454545457	0.11961527272727268	-0.2300735454545454	0.0	0.0	0.0
HADH	0.757186	0.586497	0.312654	0.0	0.0	0.0	PF00725	0	0.01217199999999996	0.007217500000000099	0.008031999999999984	0.0	0.0	0.0
HADHA	0.732842	0.572062	0.29659	0.0	0.0	0.0	PF00725	0	-0.012172000000000072	-0.007217499999999988	-0.008031999999999984	0.0	0.0	0.0
HADHB	0.733183	0.604927	0.413564	0.0	0.0	0.0	PF02803	0	-0.014593999999999996	0.005655999999999994	0.009682000000000024	0.0	0.0	0.0
HAMP	0.751775	0.396439	0.302686	0.0	0.0	0.0	PF06446	1	0.0	0.0	0.0	1.0	1.0	1.0
HARS2	0.757586	0.500686	0.271265	0.0	0.0	0.0	PF03129	1	0.0	0.0	0.0	1.0	1.0	1.0
HAX1	0.682096	0.433082	0.381036	0.0	0.0	0.0		1	0.0	0.0	0.0	1.0	1.0	1.0
HCFC1	0.176737	0.172129	0.869904	0.0	0.0	0.0	PF13854	1	0.0	0.0	0.0	1.0	1.0	1.0
HCN4	0.544262	0.706971	0.691753	0.0	0.0	0.0	PF00027	0	-0.051099333333333274	-0.009167166666666615	0.16353600000000001	0.0	0.0	0.0
HDAC4	0.356309	0.405834	0.770286	0.0	0.0	0.0	PF12203	1	0.0	0.0	0.0	1.0	1.0	1.0
HDAC8	0.340663	0.336484	0.664341	0.0	0.0	0.0	PF00850	1	0.0	0.0	0.0	1.0	1.0	1.0
HERC1	0.303112	0.219299	0.784185	0.0	0.0	0.0	PF00632	0	-0.07487966666666668	-0.13323133333333334	0.13972000000000007	0.0	0.0	0.0
HERC2	0.326115	0.256729	0.75491	0.0	0.0	0.0	PF03256	1	0.0	0.0	0.0	1.0	1.0	1.0
HESX1	0.752144	0.61203	0.376503	0.0	0.0	0.0	PF00046	0	0.15435188235294117	0.20209047058823526	-0.2815268235294118	0.0	0.0	0.0
HEXA	0.634874	0.575773	0.22864	0.0	0.0	0.0	PF00728	0	-0.038439	-0.030809500000000045	0.011129500000000014	0.0	0.0	0.0
HEXB	0.711752	0.637392	0.206381	0.0	0.0	0.0	PF00728	0	0.038439	0.030809499999999934	-0.011129499999999987	0.0	0.0	0.0
HFE	0.73843	0.65891	0.211462	0.0	0.0	0.0	PF07654	1	0.0	0.0	0.0	1.0	1.0	1.0
HGD	0.627452	0.467635	0.370346	0.0	0.0	0.0	PF04209	1	0.0	0.0	0.0	1.0	1.0	1.0
HGSNAT	0.64057	0.606054	0.300834	0.0	0.0	0.0		1	0.0	0.0	0.0	1.0	1.0	1.0
HIBCH	0.724286	0.528431	0.280025	0.0	0.0	0.0	PF16113	1	0.0	0.0	0.0	1.0	1.0	1.0
HIKESHI	0.62986	0.590399	0.427739	0.0	0.0	0.0	PF21057	1	0.0	0.0	0.0	1.0	1.0	1.0
HINT1	0.660156	0.574803	0.352068	0.0	0.0	0.0	PF01230	1	0.0	0.0	0.0	1.0	1.0	1.0
HIVEP2	0.264516	0.205616	0.8602	0.0	0.0	0.0	PF00096	0	-0.1215881333333334	-0.0633883333333333	0.05457186666666647	0.0	0.0	0.0
HJV	0.5508	0.470123	0.35182	0.0	0.0	0.0	PF06534	1	0.0	0.0	0.0	1.0	1.0	1.0
HLCS	0.585212	0.568067	0.36059	0.0	0.0	0.0		1	0.0	0.0	0.0	1.0	1.0	1.0
HMBS	0.478954	0.29569	0.617355	0.0	0.0	0.0	PF01379	1	0.0	0.0	0.0	1.0	1.0	1.0
HMGA2	0.281731	0.098863	0.765961	0.0	0.0	0.0		1	0.0	0.0	0.0	1.0	1.0	1.0
HMGCL	0.823046	0.478257	0.314397	0.0	0.0	0.0	PF00682	1	0.0	0.0	0.0	1.0	1.0	1.0
HMGCS2	0.629454	0.469364	0.407741	0.0	0.0	0.0	PF08540	1	0.0	0.0	0.0	1.0	1.0	1.0
HMX1	0.434458	0.39243	0.761716	0.0	0.0	0.0	PF00046	0	-0.16333411764705885	-0.0175095294117647	0.1036861764705882	0.0	0.0	0.0
HNF1B	0.352884	0.267035	0.815482	0.0	0.0	0.0	PF04814	1	0.0	0.0	0.0	1.0	1.0	1.0
HNF4A	0.610323	0.475966	0.50972	0.0	0.0	0.0	PF00104	0	0.14388046153846146	0.08728446153846159	-0.13637453846153835	0.0	0.0	0.0
HNMT	0.726612	0.486736	0.213662	0.0	0.0	0.0	PF13489	1	0.0	0.0	0.0	1.0	1.0	1.0
HNRNPH1	0.379839	0.445032	0.761159	0.0	0.0	0.0	PF00076	0	-0.08587250000000002	0.033741166666666655	0.10031533333333331	0.0	0.0	0.0
HNRNPK	0.254528	0.245518	0.857348	0.0	0.0	0.0	PF00013	0	-0.176149	-0.144653	0.22105549999999996	0.0	0.0	0.0
HNRNPR	0.302245	0.347869	0.793573	0.0	0.0	0.0	PF18360	1	0.0	0.0	0.0	1.0	1.0	1.0
HNRNPU	0.16206	0.249861	0.844574	0.0	0.0	0.0	PF13671	0	-0.22070149999999997	-0.1069215	0.255405	0.0	0.0	0.0
HOGA1	0.724806	0.552845	0.3415	0.0	0.0	0.0	PF00701	1	0.0	0.0	0.0	1.0	1.0	1.0
HOXA1	0.688916	0.393995	0.634826	0.0	0.0	0.0		1	0.0	0.0	0.0	1.0	1.0	1.0
HOXA13	0.449588	0.311154	0.872327	0.0	0.0	0.0	PF00046	0	-0.14820411764705888	-0.09878552941176472	0.2142971764705882	0.0	0.0	0.0
HOXB1	0.689501	0.44561	0.488662	0.0	0.0	0.0	PF00046	0	0.09170888235294117	0.035670470588235303	-0.16936782352941177	0.0	0.0	0.0
HOXC13	0.589542	0.378086	0.740612	0.0	0.0	0.0		1	0.0	0.0	0.0	1.0	1.0	1.0
HPCA	0.730173	0.747155	0.344361	0.0	0.0	0.0	PF00036	0	-0.005469000000000057	-0.04658833333333334	0.03569033333333327	0.0	0.0	0.0
HPD	0.680143	0.531877	0.276815	0.0	0.0	0.0	PF00903	1	0.0	0.0	0.0	1.0	1.0	1.0
HPDL	0.568013	0.48775	0.323501	0.0	0.0	0.0		1	0.0	0.0	0.0	1.0	1.0	1.0
HPGD	0.769701	0.56473	0.23031	0.0	0.0	0.0	PF00106	0	0.018127875000000016	-0.03794175000000011	-0.026676000000000005	0.0	0.0	0.0
HPRT1	0.29378	0.362544	0.702878	0.0	0.0	0.0	PF00156	0	-0.13607450000000004	-0.09122649999999999	0.15281	0.0	0.0	0.0
HPS1	0.506798	0.543682	0.35971	0.0	0.0	0.0	PF19036	1	0.0	0.0	0.0	1.0	1.0	1.0
HPS3	0.459383	0.391372	0.458671	0.0	0.0	0.0		1	0.0	0.0	0.0	1.0	1.0	1.0
HPS4	0.535332	0.396051	0.370949	0.0	0.0	0.0		1	0.0	0.0	0.0	1.0	1.0	1.0
HPS5	0.569961	0.453257	0.399549	0.0	0.0	0.0	PF23756	0	0.07202450000000005	0.034277500000000016	-0.09561550000000002	0.0	0.0	0.0
HPS6	0.468878	0.534047	0.387182	0.0	0.0	0.0	PF15702	1	0.0	0.0	0.0	1.0	1.0	1.0
HPSE2	0.606217	0.488829	0.350458	0.0	0.0	0.0	PF03662	1	0.0	0.0	0.0	1.0	1.0	1.0
HR	0.464746	0.433348	0.522866	0.0	0.0	0.0	PF02373	0	0.187801	0.08652150000000003	-0.2142242499999999	0.0	0.0	0.0
HRAS	0.850813	0.852377	0.298369	0.0	0.0	0.0	PF00071	0	0.1375123076923077	0.12137315384615399	-0.11182330769230775	0.0	0.0	0.0
HS2ST1	0.495542	0.459553	0.449197	0.0	0.0	0.0	PF03567	0	-0.01655750000000006	-0.09922850000000005	0.01760250000000002	0.0	0.0	0.0
HSD11B1	0.757207	0.593883	0.252969	0.0	0.0	0.0	PF00106	0	0.00563387500000001	-0.008788750000000012	-0.004016999999999993	0.0	0.0	0.0
HSD17B4	0.824916	0.705652	0.232795	0.0	0.0	0.0	PF00106	0	0.07334287500000003	0.10298024999999988	-0.02419099999999999	0.0	0.0	0.0
HSD3B7	0.685954	0.613097	0.284073	0.0	0.0	0.0	PF01073	0	0.07811199999999996	0.08504849999999997	-0.128533	0.0	0.0	0.0
HSPD1	0.428309	0.441199	0.614635	0.0	0.0	0.0	PF00118	0	-0.1582131999999999	-0.05129200000000006	0.19491939999999996	0.0	0.0	0.0
HSPG2	0.722646	0.557441	0.334545	0.0	0.0	0.0	PF00008	0	0.05239255555555555	-0.09599066666666667	0.038280888888888864	0.0	0.0	0.0
HYAL1	0.726866	0.596678	0.205155	0.0	0.0	0.0		1	0.0	0.0	0.0	1.0	1.0	1.0
HYCC1	0.655968	0.693884	0.456784	0.0	0.0	0.0	PF09790	0	0.01670450000000001	0.06666599999999989	0.04202100000000003	0.0	0.0	0.0
HYDIN	0.667466	0.4549	0.348718	0.0	0.0	0.0	PF17213	1	0.0	0.0	0.0	1.0	1.0	1.0
IARS1	0.582829	0.639083	0.28603	0.0	0.0	0.0	PF08264	1	0.0	0.0	0.0	1.0	1.0	1.0
IBA57	0.680479	0.531709	0.386927	0.0	0.0	0.0	PF25455	1	0.0	0.0	0.0	1.0	1.0	1.0
ICOS	0.759582	0.649606	0.218012	0.0	0.0	0.0	PF15910	1	0.0	0.0	0.0	1.0	1.0	1.0
IDH3A	0.68367	0.577034	0.410434	0.0	0.0	0.0	PF00180	0	-0.013047999999999949	0.0352595	-0.013304999999999956	0.0	0.0	0.0
IDH3B	0.709766	0.506515	0.437044	0.0	0.0	0.0	PF00180	0	0.01304800000000006	-0.0352595	0.013305000000000011	0.0	0.0	0.0
IDS	0.380934	0.364113	0.572437	0.0	0.0	0.0	PF00884	0	-0.2586426666666666	-0.2052788333333333	0.2120615	0.0	0.0	0.0
IDUA	0.530307	0.582896	0.418344	0.0	0.0	0.0	PF01229	1	0.0	0.0	0.0	1.0	1.0	1.0
IFIH1	0.604505	0.599148	0.307421	0.0	0.0	0.0	PF16739	1	0.0	0.0	0.0	1.0	1.0	1.0
IFNGR2	0.500724	0.60835	0.504274	0.0	0.0	0.0	PF09294	1	0.0	0.0	0.0	1.0	1.0	1.0
IFT122	0.595964	0.449831	0.380047	0.0	0.0	0.0	PF23381	1	0.0	0.0	0.0	1.0	1.0	1.0
IFT140	0.615335	0.459468	0.349169	0.0	0.0	0.0	PF23383	1	0.0	0.0	0.0	1.0	1.0	1.0
IFT172	0.63392	0.50787	0.342931	0.0	0.0	0.0	PF24762	1	0.0	0.0	0.0	1.0	1.0	1.0
IFT38	0.622559	0.560552	0.372742	1.0	1.0	1.0		1	0.0	0.0	0.0	1.0	1.0	1.0
IFT52	0.631116	0.523906	0.30379	0.0	0.0	0.0	PF23352	1	0.0	0.0	0.0	1.0	1.0	1.0
IFT74	0.829458	0.523907	0.199825	0.0	0.0	0.0		1	0.0	0.0	0.0	1.0	1.0	1.0
IGF1	0.51831	0.382726	0.536235	0.0	0.0	0.0	PF00049	1	0.0	0.0	0.0	1.0	1.0	1.0
IGF1R	0.56223	0.753203	0.460839	0.0	0.0	0.0	PF00757	0	-0.15734799999999993	-0.07830275000000009	0.13038575000000002	0.0	0.0	0.0
IGF2	0.733704	0.493972	0.34173	0.0	0.0	0.0	PF08365	1	0.0	0.0	0.0	1.0	1.0	1.0
IGFBP7	0.659402	0.594936	0.380591	0.0	0.0	0.0	PF07679	0	0.12055650000000007	-0.05306500000000003	-0.16852983333333338	0.0	0.0	0.0
IGHMBP2	0.663511	0.536609	0.311751	0.0	0.0	0.0	PF13086	1	0.0	0.0	0.0	1.0	1.0	1.0
IGSF1	0.471116	0.483043	0.605866	0.0	0.0	0.0	PF13895	0	-0.06424733333333332	-0.09782933333333332	0.08615733333333331	0.0	0.0	0.0
IKBKG	0.741246	0.594587	0.296684	0.0	0.0	0.0	PF16516	1	0.0	0.0	0.0	1.0	1.0	1.0
IL10RA	0.748187	0.766356	0.281071	0.0	0.0	0.0	PF01108	1	0.0	0.0	0.0	1.0	1.0	1.0
IL11RA	0.64386	0.713137	0.3879	0.0	0.0	0.0		1	0.0	0.0	0.0	1.0	1.0	1.0
IL17RA	0.632841	0.739158	0.287527	0.0	0.0	0.0	PF16556	1	0.0	0.0	0.0	1.0	1.0	1.0
IL1RAPL1	0.306638	0.546596	0.715616	0.0	0.0	0.0		1	0.0	0.0	0.0	1.0	1.0	1.0
IL21	0.557465	0.41217	0.433462	0.0	0.0	0.0	PF02372	1	0.0	0.0	0.0	1.0	1.0	1.0
IL2RA	0.664297	0.673619	0.170727	0.0	0.0	0.0	PF00084	0	-0.05288966666666661	-0.04191166666666668	-0.024205000000000004	0.0	0.0	0.0
IL36RN	0.592147	0.616476	0.31878	0.0	0.0	0.0	PF00340	1	0.0	0.0	0.0	1.0	1.0	1.0
IL6R	0.74444	0.732875	0.284698	0.0	0.0	0.0	PF00047	0	0.08798375000000003	-0.002742499999999981	-0.0977595	0.0	0.0	0.0
IL6ST	0.534891	0.634223	0.543028	0.0	0.0	0.0	PF00041	0	-0.09944189999999986	-0.03975649999999997	0.10737779999999997	0.0	0.0	0.0
IL7R	0.740795	0.761398	0.29115	0.0	0.0	0.0	PF00041	0	0.10646210000000011	0.08741850000000007	-0.14450019999999997	0.0	0.0	0.0
ILDR1	0.754586	0.679014	0.362198	0.0	0.0	0.0	PF05624	1	0.0	0.0	0.0	1.0	1.0	1.0
IMPDH1	0.736195	0.655254	0.276394	0.0	0.0	0.0		1	0.0	0.0	0.0	1.0	1.0	1.0
IMPG1	0.57815	0.574944	0.35168	0.0	0.0	0.0	PF01390	0	-0.048666499999999946	-0.01665899999999998	0.0430335	0.0	0.0	0.0
IMPG2	0.675483	0.608262	0.265613	0.0	0.0	0.0	PF01390	0	0.048666499999999946	0.01665899999999998	-0.0430335	0.0	0.0	0.0
INPP5E	0.633613	0.644547	0.387	0.0	0.0	0.0	PF22669	0	0.18202200000000002	0.14175349999999998	-0.15648050000000002	0.0	0.0	0.0
INPPL1	0.558071	0.649502	0.384278	0.0	0.0	0.0	PF24147	1	0.0	0.0	0.0	1.0	1.0	1.0
INSR	0.743903	0.816468	0.229563	0.0	0.0	0.0	PF00757	0	0.02432500000000004	-0.015037750000000072	-0.10089024999999999	0.0	0.0	0.0
INTS1	0.501386	0.47126	0.453355	0.0	0.0	0.0	PF22927	1	0.0	0.0	0.0	1.0	1.0	1.0
IPO13	0.402161	0.48349	0.557838	0.0	0.0	0.0		1	0.0	0.0	0.0	1.0	1.0	1.0
IPO8	0.604995	0.579951	0.347359	0.0	0.0	0.0		1	0.0	0.0	0.0	1.0	1.0	1.0
IQCB1	0.57051	0.720211	0.251056	0.0	0.0	0.0		1	0.0	0.0	0.0	1.0	1.0	1.0
IQSEC2	0.311047	0.435163	0.834551	0.0	0.0	0.0	PF16453	1	0.0	0.0	0.0	1.0	1.0	1.0
IRF2BPL	0.291503	0.283698	0.854538	0.0	0.0	0.0	PF11261	1	0.0	0.0	0.0	1.0	1.0	1.0
IRF6	0.304001	0.328921	0.748015	0.0	0.0	0.0	PF00605	1	0.0	0.0	0.0	1.0	1.0	1.0
ITCH	0.356407	0.479657	0.682919	0.0	0.0	0.0		1	0.0	0.0	0.0	1.0	1.0	1.0
ITGA3	0.657407	0.657852	0.302097	0.0	0.0	0.0		1	0.0	0.0	0.0	1.0	1.0	1.0
ITGA8	0.685067	0.67056	0.299389	0.0	0.0	0.0	PF01839	1	0.0	0.0	0.0	1.0	1.0	1.0
ITGB2	0.682523	0.688709	0.294636	0.0	0.0	0.0	PF23105	1	0.0	0.0	0.0	1.0	1.0	1.0
ITGB4	0.660814	0.723263	0.326925	0.0	0.0	0.0	PF03160	1	0.0	0.0	0.0	1.0	1.0	1.0
ITGB6	0.57627	0.674414	0.370012	0.0	0.0	0.0	PF07974	0	0.06885033333333335	0.106178	-0.13620033333333337	0.0	0.0	0.0
ITK	0.720328	0.763595	0.264103	0.0	0.0	0.0	PF00779	1	0.0	0.0	0.0	1.0	1.0	1.0
ITPA	0.674726	0.361698	0.30172	0.0	0.0	0.0	PF01725	1	0.0	0.0	0.0	1.0	1.0	1.0
ITPR1	0.414961	0.619055	0.639585	0.0	0.0	0.0	PF08709	0	-0.11564049999999992	-0.030390000000000028	0.13993650000000002	0.0	0.0	0.0
IVD	0.731008	0.665267	0.361728	0.0	0.0	0.0	PF00441	0	-0.01109350000000009	-0.03860533333333327	0.04578766666666667	0.0	0.0	0.0
IYD	0.683626	0.4995	0.276675	0.0	0.0	0.0	PF00881	1	0.0	0.0	0.0	1.0	1.0	1.0
JAG1	0.325394	0.458875	0.702786	0.0	0.0	0.0	PF01414	0	-0.014446000000000014	-0.04436650000000003	0.006373999999999991	0.0	0.0	0.0
JAG2	0.381306	0.543977	0.622768	0.0	0.0	0.0		1	0.0	0.0	0.0	1.0	1.0	1.0
JAGN1	0.679471	0.642164	0.257587	0.0	0.0	0.0	PF07086	1	0.0	0.0	0.0	1.0	1.0	1.0
JAK1	0.397075	0.542548	0.600348	0.0	0.0	0.0	PF18379	0	-0.13659349999999998	-0.11499550000000003	0.17069499999999999	0.0	0.0	0.0
JAK3	0.670262	0.772539	0.258958	0.0	0.0	0.0	PF18379	0	0.13659350000000003	0.11499549999999992	-0.17069499999999999	0.0	0.0	0.0
JAM3	0.699279	0.67298	0.300467	0.0	0.0	0.0	PF13927	1	0.0	0.0	0.0	1.0	1.0	1.0
JARID2	0.18603	0.191641	0.837235	0.0	0.0	0.0		1	0.0	0.0	0.0	1.0	1.0	1.0
KANK2	0.597199	0.613751	0.431838	0.0	0.0	0.0	PF00023	0	0.03841718181818188	-0.048107727272727385	-0.006960999999999995	0.0	0.0	0.0
KANSL1	0.222934	0.226936	0.881842	0.0	0.0	0.0	PF15275	1	0.0	0.0	0.0	1.0	1.0	1.0
KARS1	0.695844	0.603958	0.324406	0.0	0.0	0.0	PF00152	0	-0.03235050000000006	0.017023999999999928	0.04088950000000002	0.0	0.0	0.0
KAT6A	0.114892	0.164676	0.893325	0.0	0.0	0.0		1	0.0	0.0	0.0	1.0	1.0	1.0
KAT6B	0.159457	0.194398	0.860317	0.0	0.0	0.0		1	0.0	0.0	0.0	1.0	1.0	1.0
KATNB1	0.581106	0.405892	0.456665	0.0	0.0	0.0	PF13925	1	0.0	0.0	0.0	1.0	1.0	1.0
KCNA1	0.812318	0.858877	0.216375	0.0	0.0	0.0	PF02214	0	0.14218283333333348	0.10592183333333338	-0.20004749999999996	0.0	0.0	0.0
KCNA2	0.628018	0.783938	0.465749	0.0	0.0	0.0	PF02214	0	-0.04211716666666654	0.030982833333333404	0.04932650000000005	0.0	0.0	0.0
KCNB1	0.577489	0.709195	0.661741	0.0	0.0	0.0	PF02214	0	-0.09264616666666647	-0.0437601666666666	0.24531850000000005	0.0	0.0	0.0
KCNC1	0.579385	0.74886	0.589162	0.0	0.0	0.0	PF02214	0	-0.09075016666666647	-0.00409516666666665	0.1727395	0.0	0.0	0.0
KCNE2	0.775461	0.83425	0.180559	0.0	0.0	0.0	PF02060	1	0.0	0.0	0.0	1.0	1.0	1.0
KCNH1	0.719267	0.813297	0.427509	0.0	0.0	0.0	PF00027	0	0.12390566666666669	0.09715883333333342	-0.10070799999999996	0.0	0.0	0.0
KCNH2	0.577783	0.740648	0.652823	0.0	0.0	0.0	PF00027	0	-0.01757833333333325	0.024509833333333342	0.1246060000000001	0.0	0.0	0.0
KCNJ10	0.778597	0.851622	0.239658	0.0	0.0	0.0	PF01007	0	-0.004315500000000028	0.0014107500000000162	0.015864749999999983	0.0	0.0	0.0
KCNJ11	0.806492	0.874438	0.219422	0.0	0.0	0.0	PF01007	0	0.023579499999999975	0.024226750000000075	-0.004371250000000021	0.0	0.0	0.0
KCNJ13	0.759293	0.823044	0.195104	0.0	0.0	0.0	PF01007	0	-0.023619500000000015	-0.027167249999999976	-0.028689250000000027	0.0	0.0	0.0
KCNJ5	0.787268	0.851741	0.240989	0.0	0.0	0.0	PF01007	0	0.004355499999999957	0.0015297499999999964	0.017195749999999982	0.0	0.0	0.0
KCNJ8	0.701411	0.801567	0.380283	0.0	0.0	0.0		1	0.0	0.0	0.0	1.0	1.0	1.0
KCNK4	0.851705	0.924807	0.1901	0.0	0.0	0.0	PF07885	1	0.0	0.0	0.0	1.0	1.0	1.0
KCNMA1	0.469144	0.600492	0.674938	0.0	0.0	0.0	PF03493	1	0.0	0.0	0.0	1.0	1.0	1.0
KCNN3	0.581823	0.710264	0.706425	0.0	0.0	0.0	PF02888	1	0.0	0.0	0.0	1.0	1.0	1.0
KCNQ1	0.87163	0.876114	0.301192	0.0	0.0	0.0	PF00520	0	0.1823383125000001	0.07543862499999998	-0.09774	0.0	0.0	0.0
KCNQ2	0.650946	0.719701	0.675633	0.0	0.0	0.0	PF00520	0	-0.03834568749999989	-0.08097437499999993	0.27670100000000003	0.0	0.0	0.0
KCNQ4	0.785374	0.838818	0.410647	0.0	0.0	0.0	PF00520	0	0.0960823125000001	0.038142624999999986	0.011714999999999975	0.0	0.0	0.0
KCNQ5	0.685621	0.76007	0.649339	0.0	0.0	0.0	PF00520	0	-0.0036706874999998806	-0.040605374999999944	0.250407	0.0	0.0	0.0
KCNT1	0.674821	0.725069	0.303566	0.0	0.0	0.0		1	0.0	0.0	0.0	1.0	1.0	1.0
KCNV2	0.729371	0.834012	0.29648	0.0	0.0	0.0	PF02214	0	0.05923583333333349	0.08105683333333336	-0.11994249999999995	0.0	0.0	0.0
KCTD7	0.69423	0.582849	0.269028	0.0	0.0	0.0	PF02214	0	0.02409483333333351	-0.17010616666666667	-0.14739449999999998	0.0	0.0	0.0
KDELR2	0.827695	0.773043	0.244751	0.0	0.0	0.0	PF00810	1	0.0	0.0	0.0	1.0	1.0	1.0
KDM3B	0.143753	0.228557	0.872408	0.0	0.0	0.0	PF22989	1	0.0	0.0	0.0	1.0	1.0	1.0
KDM4B	0.236888	0.335702	0.742297	0.0	0.0	0.0	PF02373	0	-0.04005700000000001	-0.011124499999999982	0.005206750000000038	0.0	0.0	0.0
KDM5B	0.503697	0.570384	0.426698	0.0	0.0	0.0	PF01388	0	0.24152174999999998	0.2162345	-0.314524	0.0	0.0	0.0
KDM5C	0.247975	0.528551	0.720764	0.0	0.0	0.0	PF01388	0	-0.01420024999999997	0.1744015	-0.020458000000000087	0.0	0.0	0.0
KDM6A	0.226179	0.344822	0.813209	0.0	0.0	0.0	PF02373	0	-0.050766000000000006	-0.0020044999999999646	0.07611875000000001	0.0	0.0	0.0
KDM6B	0.179967	0.273434	0.869989	0.0	0.0	0.0	PF02373	0	-0.09697800000000001	-0.07339249999999997	0.13289875000000007	0.0	0.0	0.0
KERA	0.649532	0.56406	0.402048	0.0	0.0	0.0	PF13516	0	-0.020455	-0.05413000000000001	0.08786250000000001	0.0	0.0	0.0
KIAA0586	0.6623	0.623164	0.385377	0.0	0.0	0.0		1	0.0	0.0	0.0	1.0	1.0	1.0
KIDINS220	0.555674	0.560067	0.444458	0.0	0.0	0.0		1	0.0	0.0	0.0	1.0	1.0	1.0
KIF11	0.601243	0.659026	0.548676	0.0	0.0	0.0	PF00225	0	-0.04318500000000003	0.04870366666666659	0.05731033333333341	0.0	0.0	0.0
KIF14	0.746809	0.574158	0.359256	0.0	0.0	0.0	PF23313	1	0.0	0.0	0.0	1.0	1.0	1.0
KIF1A	0.536964	0.571484	0.656593	0.0	0.0	0.0	PF12473	1	0.0	0.0	0.0	1.0	1.0	1.0
KIF22	0.713336	0.615724	0.355791	0.0	0.0	0.0	PF12836	1	0.0	0.0	0.0	1.0	1.0	1.0
KIF2A	0.474498	0.450638	0.689204	0.0	0.0	0.0	PF22923	1	0.0	0.0	0.0	1.0	1.0	1.0
KIF5A	0.661183	0.546031	0.603584	0.0	0.0	0.0	PF00225	0	0.016754999999999964	-0.06429133333333337	0.11221833333333336	0.0	0.0	0.0
KIF7	0.658268	0.660364	0.370919	0.0	0.0	0.0	PF25764	1	0.0	0.0	0.0	1.0	1.0	1.0
KIFBP	0.600027	0.633566	0.291285	0.0	0.0	0.0		1	0.0	0.0	0.0	1.0	1.0	1.0
KIT	0.560047	0.682218	0.511348	0.0	0.0	0.0	PF00047	0	-0.09640925	-0.053399500000000044	0.12889050000000002	0.0	0.0	0.0
KITLG	0.414325	0.595708	0.523737	0.0	0.0	0.0	PF02404	1	0.0	0.0	0.0	1.0	1.0	1.0
KIZ	0.618961	0.415865	0.418946	0.0	0.0	0.0		1	0.0	0.0	0.0	1.0	1.0	1.0
KL	0.72666	0.633394	0.272168	0.0	0.0	0.0	PF00232	1	0.0	0.0	0.0	1.0	1.0	1.0
KLF1	0.684163	0.54156	0.505861	0.0	0.0	0.0	PF16832	1	0.0	0.0	0.0	1.0	1.0	1.0
KLHL40	0.748031	0.747107	0.248025	0.0	0.0	0.0	PF07707	0	0.034786000000000095	0.04735100000000003	-0.021397500000000014	0.0	0.0	0.0
KLHL41	0.747264	0.720177	0.254776	0.0	0.0	0.0	PF07707	0	0.03401900000000013	0.020421000000000022	-0.014646500000000007	0.0	0.0	0.0
KLHL7	0.691082	0.656392	0.283938	0.0	0.0	0.0	PF07707	0	-0.022162999999999933	-0.04336399999999996	0.014515500000000015	0.0	0.0	0.0
KLKB1	0.695154	0.632471	0.302022	0.0	0.0	0.0	PF00024	1	0.0	0.0	0.0	1.0	1.0	1.0
KMT2A	0.141053	0.142529	0.917802	0.0	0.0	0.0	PF05965	0	-0.04673533333333332	-0.018974666666666695	0.05344899999999997	0.0	0.0	0.0
KMT2B	0.15969	0.249341	0.86628	0.0	0.0	0.0	PF05965	0	-0.028098333333333336	0.08783733333333332	0.001927000000000012	0.0	0.0	0.0
KMT2C	0.222544	0.064232	0.835444	0.0	0.0	0.0		1	0.0	0.0	0.0	1.0	1.0	1.0
KMT2D	0.262622	0.092641	0.808977	0.0	0.0	0.0	PF05965	0	0.07483366666666669	-0.06886266666666668	-0.05537600000000009	0.0	0.0	0.0
KMT2E	0.155594	0.177792	0.916343	0.0	0.0	0.0	PF20826	1	0.0	0.0	0.0	1.0	1.0	1.0
KMT5B	0.204352	0.16003	0.881625	0.0	0.0	0.0	PF00856	0	-0.011951000000000017	-0.021944999999999992	0.0017975000000000074	0.0	0.0	0.0
KNL1	0.401041	0.147267	0.648423	0.0	0.0	0.0	PF18210	1	0.0	0.0	0.0	1.0	1.0	1.0
KPTN	0.556152	0.493707	0.331235	0.0	0.0	0.0		1	0.0	0.0	0.0	1.0	1.0	1.0
KRAS	0.770903	0.745268	0.379435	0.0	0.0	0.0	PF00071	0	0.057602307692307675	0.014264153846153982	-0.030757307692307723	0.0	0.0	0.0
KREMEN1	0.623545	0.7257	0.283438	0.0	0.0	0.0	PF00431	0	-0.009897333333333314	0.02388016666666659	-0.05340783333333332	0.0	0.0	0.0
KRIT1	0.537001	0.555232	0.372415	0.0	0.0	0.0	PF24521	1	0.0	0.0	0.0	1.0	1.0	1.0
KRT1	0.868483	0.907259	0.333067	0.0	0.0	0.0	PF00038	0	-0.0429628823529411	0.018235117647058763	0.09422629411764705	0.0	0.0	0.0
KRT10	0.936063	0.947935	0.196388	0.0	0.0	0.0	PF00038	0	0.024617117647058873	0.0589111176470587	-0.04245270588235295	0.0	0.0	0.0
KRT12	0.915207	0.843267	0.247804	0.0	0.0	0.0	PF00038	0	0.003761117647058887	-0.045756882352941286	0.008963294117647042	0.0	0.0	0.0
KRT13	0.951491	0.937233	0.151504	0.0	0.0	0.0	PF00038	0	0.04004511764705887	0.04820911764705871	-0.08733670588235296	0.0	0.0	0.0
KRT14	0.960615	0.925534	0.161763	0.0	0.0	0.0	PF00038	0	0.04916911764705889	0.03651011764705869	-0.07707770588235296	0.0	0.0	0.0
KRT16	0.940765	0.912296	0.234614	0.0	0.0	0.0	PF00038	0	0.029319117647058857	0.02327211764705872	-0.004226705882352966	0.0	0.0	0.0
KRT17	0.944738	0.891825	0.214557	0.0	0.0	0.0	PF00038	0	0.03329211764705886	0.002801117647058704	-0.024283705882352957	0.0	0.0	0.0
KRT2	0.940328	0.937802	0.171006	0.0	0.0	0.0	PF00038	0	0.028882117647058947	0.04877811764705875	-0.06783470588235296	0.0	0.0	0.0
KRT3	0.934418	0.903854	0.244493	0.0	0.0	0.0	PF00038	0	0.022972117647058865	0.014830117647058771	0.005652294117647033	0.0	0.0	0.0
KRT4	0.945309	0.895292	0.192542	0.0	0.0	0.0	PF00038	0	0.03386311764705885	0.006268117647058702	-0.046298705882352964	0.0	0.0	0.0
KRT5	0.92497	0.900622	0.33441	0.0	0.0	0.0	PF00038	0	0.013524117647058853	0.011598117647058759	0.09556929411764703	0.0	0.0	0.0
KRT6A	0.963047	0.92674	0.166643	0.0	0.0	0.0	PF00038	0	0.05160111764705888	0.03771611764705873	-0.07219770588235294	0.0	0.0	0.0
KRT6B	0.946083	0.897826	0.250038	0.0	0.0	0.0	PF00038	0	0.0346371176470589	0.008802117647058738	0.011197294117647028	0.0	0.0	0.0
KRT85	0.938054	0.884276	0.176914	0.0	0.0	0.0		1	0.0	0.0	0.0	1.0	1.0	1.0
KRT9	0.925843	0.948342	0.168185	0.0	0.0	0.0	PF00038	0	0.014397117647058866	0.05931811764705874	-0.07065570588235295	0.0	0.0	0.0
KYNU	0.620827	0.501838	0.387464	0.0	0.0	0.0	PF22580	1	0.0	0.0	0.0	1.0	1.0	1.0
L1CAM	0.410283	0.487646	0.672417	0.0	0.0	0.0	PF13882	0	-0.04168250000000001	-0.022991500000000054	0.014622499999999983	0.0	0.0	0.0
L2HGDH	0.67479	0.555569	0.3748	0.0	0.0	0.0	PF01266	0	0.02858499999999997	-0.03287466666666672	-0.026828999999999992	0.0	0.0	0.0
LAMA1	0.70824	0.689363	0.247719	0.0	0.0	0.0		1	0.0	0.0	0.0	1.0	1.0	1.0
LAMA2	0.724117	0.693808	0.234408	0.0	0.0	0.0	PF00053	0	0.03593512500000007	-0.005320500000000061	-0.04020849999999998	0.0	0.0	0.0
LAMA3	0.718955	0.61244	0.244077	0.0	0.0	0.0	PF00053	0	0.030773125000000068	-0.08668850000000006	-0.030539499999999997	0.0	0.0	0.0
LAMB1	0.688159	0.770403	0.212464	0.0	0.0	0.0	PF00053	0	-2.2874999999977774e-05	0.07127449999999991	-0.0621525	0.0	0.0	0.0
LAMB2	0.735396	0.809184	0.190716	0.0	0.0	0.0	PF00053	0	0.04721412500000011	0.11005549999999997	-0.08390049999999999	0.0	0.0	0.0
LAMB3	0.763328	0.751518	0.179404	0.0	0.0	0.0	PF00053	0	0.07514612500000006	0.05238949999999998	-0.09521249999999998	0.0	0.0	0.0
LAMC2	0.782607	0.742246	0.159491	0.0	0.0	0.0	PF00053	0	0.09442512500000011	0.04311749999999992	-0.11512549999999999	0.0	0.0	0.0
LAMC3	0.690696	0.777155	0.217396	0.0	0.0	0.0		1	0.0	0.0	0.0	1.0	1.0	1.0
LAMP2	0.569692	0.663378	0.379469	0.0	0.0	0.0	PF01299	1	0.0	0.0	0.0	1.0	1.0	1.0
LARGE1	0.538454	0.60924	0.367808	0.0	0.0	0.0	PF13896	1	0.0	0.0	0.0	1.0	1.0	1.0
LARP7	0.664141	0.467958	0.443585	0.0	0.0	0.0	PF05383	1	0.0	0.0	0.0	1.0	1.0	1.0
LBR	0.665543	0.584607	0.331685	0.0	0.0	0.0	PF01222	0	0.021152999999999977	-0.036283500000000024	-0.001867500000000022	0.0	0.0	0.0
LCA5	0.71523	0.612035	0.371771	0.0	0.0	0.0		1	0.0	0.0	0.0	1.0	1.0	1.0
LCAT	0.608865	0.615233	0.231251	0.0	0.0	0.0	PF02450	1	0.0	0.0	0.0	1.0	1.0	1.0
LCK	0.501226	0.674064	0.517871	0.0	0.0	0.0	PF07714	0	-0.06177700000000008	-0.015242333333333469	0.02724450000000006	0.0	0.0	0.0
LDLR	0.609636	0.720414	0.411813	0.0	0.0	0.0	PF07645	0	-0.02753400000000006	-0.012140499999999999	0.046255500000000005	0.0	0.0	0.0
LDLRAP1	0.681784	0.613583	0.342954	0.0	0.0	0.0		1	0.0	0.0	0.0	1.0	1.0	1.0
LEMD3	0.282026	0.338615	0.735443	0.0	0.0	0.0	PF03020	1	0.0	0.0	0.0	1.0	1.0	1.0
LEP	0.643231	0.622669	0.343223	0.0	0.0	0.0	PF02024	1	0.0	0.0	0.0	1.0	1.0	1.0
LEPR	0.56126	0.665844	0.547907	0.0	0.0	0.0	PF00041	0	-0.07307289999999989	-0.008135499999999962	0.11225680000000005	0.0	0.0	0.0
LGI4	0.726526	0.69736	0.27874	0.0	0.0	0.0	PF03736	1	0.0	0.0	0.0	1.0	1.0	1.0
LHB	0.684513	0.646579	0.262141	0.0	0.0	0.0	PF00007	0	0.15372133333333338	0.1583403333333333	-0.13379433333333335	0.0	0.0	0.0
LHFPL5	0.716938	0.751444	0.251338	0.0	0.0	0.0	PF10242	1	0.0	0.0	0.0	1.0	1.0	1.0
LHX3	0.744184	0.667797	0.436979	0.0	0.0	0.0	PF00046	0	0.1463918823529411	0.25785747058823527	-0.22105082352941174	0.0	0.0	0.0
LHX4	0.735852	0.543794	0.458549	0.0	0.0	0.0	PF00046	0	0.1380598823529411	0.1338544705882353	-0.19948082352941177	0.0	0.0	0.0
LIFR	0.7219	0.767074	0.246199	0.0	0.0	0.0		1	0.0	0.0	0.0	1.0	1.0	1.0
LIG4	0.643948	0.544415	0.255438	0.0	0.0	0.0	PF00533	0	0.0057114999999999805	0.07198399999999999	-0.15007900000000002	0.0	0.0	0.0
LIMS2	0.685536	0.717252	0.334008	0.0	0.0	0.0	PF00412	0	0.05549100000000007	0.0755433333333334	-0.12128199999999995	0.0	0.0	0.0
LINGO1	0.435042	0.566863	0.65814	0.0	0.0	0.0	PF07679	0	-0.10380349999999999	-0.08113800000000004	0.10901916666666656	0.0	0.0	0.0
LINS1	0.625762	0.519266	0.404177	0.0	0.0	0.0		1	0.0	0.0	0.0	1.0	1.0	1.0
LIPA	0.701431	0.679377	0.204169	0.0	0.0	0.0	PF00561	0	0.017776333333333394	0.07180566666666666	-0.052497000000000016	0.0	0.0	0.0
LIPI	0.58235	0.442854	0.314417	0.0	0.0	0.0		1	0.0	0.0	0.0	1.0	1.0	1.0
LIPN	0.733394	0.653375	0.174616	0.0	0.0	0.0		1	0.0	0.0	0.0	1.0	1.0	1.0
LIPT1	0.57099	0.353319	0.478179	0.0	0.0	0.0	PF21948	1	0.0	0.0	0.0	1.0	1.0	1.0
LMBRD1	0.628629	0.7031	0.289856	0.0	0.0	0.0		1	0.0	0.0	0.0	1.0	1.0	1.0
LMNA	0.760645	0.661355	0.539976	0.0	0.0	0.0	PF00038	0	-0.1508008823529411	-0.22766888235294125	0.30113529411764706	0.0	0.0	0.0
LMOD3	0.752426	0.660909	0.28108	0.0	0.0	0.0	PF03250	1	0.0	0.0	0.0	1.0	1.0	1.0
LMX1B	0.526011	0.438056	0.683329	0.0	0.0	0.0	PF00046	0	-0.07178111764705886	0.0281164705882353	0.025299176470588214	0.0	0.0	0.0
LONP1	0.529194	0.3969	0.628997	0.0	0.0	0.0	PF00004	0	-0.10293209090909083	-0.0838210909090909	0.19837627272727276	0.0	0.0	0.0
LOXHD1	0.494216	0.624699	0.443469	0.0	0.0	0.0		1	0.0	0.0	0.0	1.0	1.0	1.0
LPL	0.588278	0.491618	0.339454	0.0	0.0	0.0	PF00151	0	-0.11470999999999998	-0.16535	0.15616449999999998	0.0	0.0	0.0
LRAT	0.726037	0.777039	0.267268	0.0	0.0	0.0	PF04970	1	0.0	0.0	0.0	1.0	1.0	1.0
LRBA	0.593426	0.4991	0.413561	0.0	0.0	0.0	PF02138	0	0.10011600000000004	0.052595	-0.10819400000000007	0.0	0.0	0.0
LRIG2	0.723803	0.766711	0.318403	0.0	0.0	0.0		1	0.0	0.0	0.0	1.0	1.0	1.0
LRIT3	0.671837	0.669166	0.381621	0.0	0.0	0.0		1	0.0	0.0	0.0	1.0	1.0	1.0
LRMDA	0.700676	0.735777	0.319661	0.0	0.0	0.0		1	0.0	0.0	0.0	1.0	1.0	1.0
LRP2	0.44146	0.545476	0.660491	0.0	0.0	0.0		1	0.0	0.0	0.0	1.0	1.0	1.0
LRP4	0.675174	0.736496	0.358642	0.0	0.0	0.0	PF12662	0	0.1772720000000001	0.2072195714285715	-0.1822597142857143	0.0	0.0	0.0
LRP5	0.599883	0.758811	0.486118	0.0	0.0	0.0	PF14670	1	0.0	0.0	0.0	1.0	1.0	1.0
LRPAP1	0.682119	0.603368	0.300998	0.0	0.0	0.0		1	0.0	0.0	0.0	1.0	1.0	1.0
LRPPRC	0.702782	0.551894	0.222409	0.0	0.0	0.0	PF01535	1	0.0	0.0	0.0	1.0	1.0	1.0
LRRC56	0.588241	0.719646	0.419372	0.0	0.0	0.0	PF12799	1	0.0	0.0	0.0	1.0	1.0	1.0
LSS	0.604891	0.747319	0.299403	0.0	0.0	0.0	PF13243	1	0.0	0.0	0.0	1.0	1.0	1.0
LTBP1	0.576083	0.532974	0.411551	0.0	0.0	0.0		1	0.0	0.0	0.0	1.0	1.0	1.0
LTBP2	0.589525	0.579714	0.363445	0.0	0.0	0.0	PF00008	0	-0.08072844444444449	-0.07371766666666668	0.0671808888888889	0.0	0.0	0.0
LTBP3	0.472641	0.524469	0.513245	0.0	0.0	0.0	PF12662	0	-0.025260999999999978	-0.004807428571428574	-0.027656714285714368	0.0	0.0	0.0
LYRM4	0.86009	0.671383	0.264616	0.0	0.0	0.0	PF05347	0	0.06931449999999995	-0.023612500000000036	0.02603850000000002	0.0	0.0	0.0
LYSET	0.729044	0.811613	0.260592	0.0	0.0	0.0	PF15190	1	0.0	0.0	0.0	1.0	1.0	1.0
LYST	0.56236	0.427241	0.419622	0.0	0.0	0.0	PF02138	0	0.06905	-0.019264000000000003	-0.10213300000000008	0.0	0.0	0.0
LZTFL1	0.715496	0.584238	0.290894	0.0	0.0	0.0	PF15294	1	0.0	0.0	0.0	1.0	1.0	1.0
LZTR1	0.607402	0.623543	0.479355	0.0	0.0	0.0	PF00651	0	0.04435325000000001	0.18070024999999995	-0.03850775000000006	0.0	0.0	0.0
MAB21L1	0.550649	0.482361	0.475966	0.0	0.0	0.0	PF03281	0	0.036468999999999974	0.047989000000000004	-0.045459999999999945	0.0	0.0	0.0
MAB21L2	0.477711	0.386383	0.566886	0.0	0.0	0.0	PF03281	0	-0.036469000000000085	-0.047989000000000004	0.045460000000000056	0.0	0.0	0.0
MAD2L2	0.54366	0.518009	0.299551	0.0	0.0	0.0	PF02301	1	0.0	0.0	0.0	1.0	1.0	1.0
MADD	0.62358	0.613563	0.386528	0.0	0.0	0.0	PF23629	1	0.0	0.0	0.0	1.0	1.0	1.0
MAFB	0.428559	0.274843	0.840886	0.0	0.0	0.0	PF03131	0	-0.15044066666666667	-0.09990100000000002	0.2647866666666667	0.0	0.0	0.0
MAG	0.636482	0.661115	0.367795	0.0	0.0	0.0	PF08205	0	-0.024745333333333397	-0.05303133333333332	0.03316033333333335	0.0	0.0	0.0
MAGEL2	0.410552	0.306703	0.582499	0.0	0.0	0.0	PF01454	0	-0.072324	0.007895000000000041	0.14041349999999997	0.0	0.0	0.0
MAK	0.681779	0.566875	0.482892	0.0	0.0	0.0	PF00069	0	0.1214807916666667	-0.01423437499999991	-0.03470474999999995	0.0	0.0	0.0
MALT1	0.393075	0.536481	0.628733	0.0	0.0	0.0	PF13895	0	-0.1422883333333333	-0.04439133333333334	0.10902433333333328	0.0	0.0	0.0
MAMLD1	0.327925	0.273824	0.765652	0.0	0.0	0.0		1	0.0	0.0	0.0	1.0	1.0	1.0
MAN1B1	0.655477	0.573296	0.317687	0.0	0.0	0.0	PF01532	0	-0.0010605000000000198	-0.004309000000000007	0.014834500000000028	0.0	0.0	0.0
MAN2B1	0.424757	0.462284	0.401888	0.0	0.0	0.0	PF09261	1	0.0	0.0	0.0	1.0	1.0	1.0
MANBA	0.623014	0.604574	0.257311	0.0	0.0	0.0	PF02836	1	0.0	0.0	0.0	1.0	1.0	1.0
MAOA	0.378017	0.566214	0.606446	0.0	0.0	0.0	PF01593	1	0.0	0.0	0.0	1.0	1.0	1.0
MAP2K1	0.461465	0.618552	0.62473	0.0	0.0	0.0	PF00069	0	-0.09883320833333331	0.03744262500000006	0.10713325000000007	0.0	0.0	0.0
MAP2K2	0.48092	0.674209	0.603016	0.0	0.0	0.0	PF00069	0	-0.07937820833333331	0.09309962500000002	0.08541925000000006	0.0	0.0	0.0
MAP3K1	0.346236	0.43706	0.766908	0.0	0.0	0.0	PF21040	0	-0.15633600000000003	-0.024639500000000036	0.19400300000000004	0.0	0.0	0.0
MAPK8IP3	0.415304	0.399428	0.738501	0.0	0.0	0.0		1	0.0	0.0	0.0	1.0	1.0	1.0
MAPKAPK5	0.630128	0.676518	0.427066	0.0	0.0	0.0	PF00069	0	0.0698297916666667	0.09540862500000002	-0.09053074999999994	0.0	0.0	0.0
MARVELD2	0.692448	0.657134	0.426597	0.0	0.0	0.0		1	0.0	0.0	0.0	1.0	1.0	1.0
MASP1	0.641869	0.704755	0.303617	0.0	0.0	0.0		1	0.0	0.0	0.0	1.0	1.0	1.0
MAT1A	0.778155	0.685987	0.269391	0.0	0.0	0.0	PF02773	1	0.0	0.0	0.0	1.0	1.0	1.0
MAX	0.494735	0.281428	0.699617	0.0	0.0	0.0	PF00010	0	-0.0056436249999999855	-0.051379375000000005	-0.0031884999999999275	0.0	0.0	0.0
MBD5	0.281477	0.190869	0.850084	0.0	0.0	0.0		1	0.0	0.0	0.0	1.0	1.0	1.0
MBOAT7	0.673209	0.757418	0.268579	0.0	0.0	0.0	PF03062	0	0.08359399999999995	0.07154333333333329	-0.13500233333333334	0.0	0.0	0.0
MBTPS2	0.381566	0.370147	0.696149	0.0	0.0	0.0	PF02163	1	0.0	0.0	0.0	1.0	1.0	1.0
MC2R	0.731679	0.772676	0.262912	0.0	0.0	0.0	PF00001	0	0.01654975000000003	0.02073124999999998	-0.05674700000000005	0.0	0.0	0.0
MCCC1	0.74348	0.603274	0.275608	0.0	0.0	0.0	PF02785	0	0.04541066666666671	0.008241333333333323	-0.02829733333333334	0.0	0.0	0.0
MCCC2	0.799163	0.553883	0.246877	0.0	0.0	0.0	PF01039	0	0.003934999999999911	0.004162499999999958	-0.013444000000000011	0.0	0.0	0.0
MCEE	0.789058	0.500329	0.340888	0.0	0.0	0.0		1	0.0	0.0	0.0	1.0	1.0	1.0
MCM5	0.755069	0.43831	0.398856	0.0	0.0	0.0	PF00493	1	0.0	0.0	0.0	1.0	1.0	1.0
MCOLN1	0.727662	0.817441	0.225102	0.0	0.0	0.0	PF21381	1	0.0	0.0	0.0	1.0	1.0	1.0
MCPH1	0.601098	0.322148	0.476284	0.0	0.0	0.0	PF12258	1	0.0	0.0	0.0	1.0	1.0	1.0
MDH1	0.432774	0.389178	0.623007	0.0	0.0	0.0	PF02866	0	-0.14138850000000003	-0.028994999999999993	0.12278800000000001	0.0	0.0	0.0
MDH2	0.715551	0.447168	0.377431	0.0	0.0	0.0	PF02866	0	0.14138850000000003	0.028994999999999993	-0.12278799999999995	0.0	0.0	0.0
MECOM	0.220021	0.167522	0.887722	0.0	0.0	0.0		1	0.0	0.0	0.0	1.0	1.0	1.0
MECP2	0.218475	0.230588	0.88568	0.0	0.0	0.0	PF01429	1	0.0	0.0	0.0	1.0	1.0	1.0
MECR	0.800255	0.627371	0.270651	0.0	0.0	0.0	PF08240	0	0.005186000000000024	-0.018226500000000034	0.0074305000000000065	0.0	0.0	0.0
MED12	0.173222	0.268479	0.887637	0.0	0.0	0.0	PF09497	1	0.0	0.0	0.0	1.0	1.0	1.0
MED13	0.139587	0.175725	0.896151	0.0	0.0	0.0	PF06333	0	-0.009452500000000003	-0.01495100000000002	0.007638000000000034	0.0	0.0	0.0
MED13L	0.158492	0.205627	0.880875	0.0	0.0	0.0	PF06333	0	0.009452500000000003	0.014950999999999992	-0.007638000000000034	0.0	0.0	0.0
MED23	0.530583	0.587515	0.485329	0.0	0.0	0.0	PF11573	1	0.0	0.0	0.0	1.0	1.0	1.0
MED27	0.572139	0.4136	0.519978	0.0	0.0	0.0	PF11571	1	0.0	0.0	0.0	1.0	1.0	1.0
MEF2C	0.746833	0.355248	0.563664	0.0	0.0	0.0	PF12347	1	0.0	0.0	0.0	1.0	1.0	1.0
MEFV	0.712434	0.727382	0.243922	0.0	0.0	0.0	PF13765	1	0.0	0.0	0.0	1.0	1.0	1.0
MEGF10	0.624395	0.64749	0.437858	0.0	0.0	0.0	PF07974	0	0.11697533333333343	0.07925400000000005	-0.06835433333333335	0.0	0.0	0.0
MEGF8	0.568605	0.655165	0.341316	0.0	0.0	0.0	PF24981	1	0.0	0.0	0.0	1.0	1.0	1.0
MEIS2	0.39611	0.281053	0.828153	0.0	0.0	0.0	PF05920	0	-0.1101935	-0.06216325	0.10519800000000001	0.0	0.0	0.0
MEN1	0.208014	0.490415	0.729096	0.0	0.0	0.0	PF05053	1	0.0	0.0	0.0	1.0	1.0	1.0
MEOX1	0.61194	0.33433	0.620955	0.0	0.0	0.0		1	0.0	0.0	0.0	1.0	1.0	1.0
MERTK	0.767125	0.792051	0.269976	0.0	0.0	0.0	PF00041	0	0.13279210000000008	0.1180715	-0.1656742	0.0	0.0	0.0
MESD	0.598965	0.5107	0.362788	0.0	0.0	0.0		1	0.0	0.0	0.0	1.0	1.0	1.0
MESP2	0.528529	0.565417	0.556768	0.0	0.0	0.0		1	0.0	0.0	0.0	1.0	1.0	1.0
MET	0.517756	0.56944	0.527315	0.0	0.0	0.0	PF07714	0	-0.04524700000000004	-0.11986633333333352	0.03668850000000007	0.0	0.0	0.0
METTL23	0.586203	0.620034	0.263069	0.0	0.0	0.0		1	0.0	0.0	0.0	1.0	1.0	1.0
METTL5	0.653692	0.404594	0.355144	0.0	0.0	0.0		1	0.0	0.0	0.0	1.0	1.0	1.0
MFF	0.772841	0.568357	0.383523	0.0	0.0	0.0		1	0.0	0.0	0.0	1.0	1.0	1.0
MFRP	0.639638	0.769111	0.331658	0.0	0.0	0.0	PF00431	0	0.00619566666666671	0.06729116666666657	-0.005187833333333336	0.0	0.0	0.0
MFSD8	0.718391	0.614587	0.275796	0.0	0.0	0.0	PF07690	0	0.004010750000000063	-0.0770297499999999	0.006888375000000113	0.0	0.0	0.0
MGAT2	0.54432	0.44331	0.331349	0.0	0.0	0.0	PF05060	1	0.0	0.0	0.0	1.0	1.0	1.0
MGME1	0.687949	0.440963	0.320396	0.0	0.0	0.0	PF12705	1	0.0	0.0	0.0	1.0	1.0	1.0
MGP	0.77923	0.513185	0.23258	0.0	0.0	0.0		1	0.0	0.0	0.0	1.0	1.0	1.0
MICU1	0.580105	0.661877	0.451624	0.0	0.0	0.0	PF13202	1	0.0	0.0	0.0	1.0	1.0	1.0
MID1	0.487425	0.576536	0.594813	0.0	0.0	0.0	PF22586	0	-0.06567650000000003	-0.010924999999999963	0.12917900000000004	0.0	0.0	0.0
MIP	0.848521	0.855641	0.163096	0.0	0.0	0.0	PF00230	1	0.0	0.0	0.0	1.0	1.0	1.0
MIR17HG	0.694946	0.756994	0.336585	0.0	0.0	0.0		1	0.0	0.0	0.0	1.0	1.0	1.0
MITF	0.556654	0.345355	0.752308	0.0	0.0	0.0	PF11851	1	0.0	0.0	0.0	1.0	1.0	1.0
MKKS	0.819222	0.817368	0.296105	0.0	0.0	0.0	PF00118	0	0.23269980000000012	0.3248769999999999	-0.12361060000000007	0.0	0.0	0.0
MKS1	0.511676	0.542788	0.447446	0.0	0.0	0.0	PF07162	1	0.0	0.0	0.0	1.0	1.0	1.0
MLC1	0.637843	0.691886	0.304661	0.0	0.0	0.0		1	0.0	0.0	0.0	1.0	1.0	1.0
MLH1	0.688453	0.511305	0.354285	0.0	0.0	0.0	PF01119	0	0.007256499999999999	0.08107949999999997	-0.058564499999999964	0.0	0.0	0.0
MLPH	0.698261	0.681748	0.335688	0.0	0.0	0.0	PF02318	1	0.0	0.0	0.0	1.0	1.0	1.0
MLYCD	0.64164	0.495892	0.243952	0.0	0.0	0.0	PF05292	1	0.0	0.0	0.0	1.0	1.0	1.0
MMAA	0.7209	0.547597	0.3953	0.0	0.0	0.0	PF03308	1	0.0	0.0	0.0	1.0	1.0	1.0
MMAB	0.70331	0.551956	0.2979	0.0	0.0	0.0	PF01923	1	0.0	0.0	0.0	1.0	1.0	1.0
MMACHC	0.422207	0.397306	0.41366	0.0	0.0	0.0	PF16690	1	0.0	0.0	0.0	1.0	1.0	1.0
MMADHC	0.573569	0.341554	0.356494	0.0	0.0	0.0	PF10229	1	0.0	0.0	0.0	1.0	1.0	1.0
MMP2	0.53819	0.546452	0.461176	0.0	0.0	0.0	PF00040	1	0.0	0.0	0.0	1.0	1.0	1.0
MMP20	0.749662	0.537574	0.26379	0.0	0.0	0.0	PF00045	0	0.043433000000000055	-0.015881000000000034	-0.05070400000000003	0.0	0.0	0.0
MMP21	0.662796	0.569336	0.365198	0.0	0.0	0.0	PF00045	0	-0.043432999999999944	0.015880999999999923	0.05070399999999997	0.0	0.0	0.0
MMUT	0.680448	0.631912	0.34704	0.0	0.0	0.0	PF02310	0	0.0035290000000000044	0.04417599999999999	0.042289999999999994	0.0	0.0	0.0
MN1	0.220859	0.195573	0.880733	0.0	0.0	0.0		1	0.0	0.0	0.0	1.0	1.0	1.0
MNX1	0.366263	0.285205	0.826902	0.0	0.0	0.0	PF00046	0	-0.23152911764705886	-0.12473452941176472	0.16887217647058828	0.0	0.0	0.0
MOCS1	0.706889	0.510299	0.396138	0.0	0.0	0.0	PF01967	1	0.0	0.0	0.0	1.0	1.0	1.0
MOCS2	0.757909	0.665741	0.30699	0.0	0.0	0.0	PF02391	1	0.0	0.0	0.0	1.0	1.0	1.0
MOGS	0.581515	0.477846	0.322563	0.0	0.0	0.0	PF03200	1	0.0	0.0	0.0	1.0	1.0	1.0
MORC2	0.27006	0.285298	0.698891	0.0	0.0	0.0	PF23327	1	0.0	0.0	0.0	1.0	1.0	1.0
MPDU1	0.712773	0.699174	0.297991	0.0	0.0	0.0	PF04193	0	-0.03382849999999993	-0.0031995000000000218	0.029862	0.0	0.0	0.0
MPI	0.527211	0.436959	0.331365	0.0	0.0	0.0	PF01238	1	0.0	0.0	0.0	1.0	1.0	1.0
MPLKIP	0.629741	0.406263	0.458352	0.0	0.0	0.0		1	0.0	0.0	0.0	1.0	1.0	1.0
MPO	0.614222	0.607625	0.351471	0.0	0.0	0.0	PF03098	0	-4.63333333332594e-05	-0.024619999999999975	0.0038513333333333177	0.0	0.0	0.0
MPV17	0.722947	0.710915	0.351761	0.0	0.0	0.0	PF04117	1	0.0	0.0	0.0	1.0	1.0	1.0
MRAP	0.711083	0.805314	0.301999	0.0	0.0	0.0	PF15183	1	0.0	0.0	0.0	1.0	1.0	1.0
MRAS	0.608031	0.662117	0.547745	0.0	0.0	0.0	PF00071	0	-0.10526969230769234	-0.0688868461538461	0.1375526923076923	0.0	0.0	0.0
MRE11	0.670284	0.348035	0.430715	0.0	0.0	0.0	PF00149	0	0.14086850000000006	-0.11894850000000007	-0.09581224999999999	0.0	0.0	0.0
MRPL3	0.487836	0.528649	0.47779	0.0	0.0	0.0	PF00297	1	0.0	0.0	0.0	1.0	1.0	1.0
MRPL44	0.512093	0.528965	0.430369	0.0	0.0	0.0	PF22892	1	0.0	0.0	0.0	1.0	1.0	1.0
MRPS14	0.60764	0.472484	0.371333	0.0	0.0	0.0	PF00253	1	0.0	0.0	0.0	1.0	1.0	1.0
MRPS2	0.578452	0.425454	0.424931	0.0	0.0	0.0	PF00318	1	0.0	0.0	0.0	1.0	1.0	1.0
MRPS22	0.667378999999999	0.638842	0.284084	0.0	0.0	0.0	PF10245	1	0.0	0.0	0.0	1.0	1.0	1.0
MRPS23	0.724248	0.761957	0.236559	0.0	0.0	0.0	PF10484	1	0.0	0.0	0.0	1.0	1.0	1.0
MRPS28	0.711582	0.517033	0.444642	0.0	0.0	0.0	PF10246	1	0.0	0.0	0.0	1.0	1.0	1.0
MRPS34	0.47589	0.76714	0.353726	0.0	0.0	0.0		1	0.0	0.0	0.0	1.0	1.0	1.0
MRPS7	0.723507	0.469941	0.29998	0.0	0.0	0.0	PF00177	1	0.0	0.0	0.0	1.0	1.0	1.0
MSH2	0.455564	0.321013	0.598656	0.0	0.0	0.0	PF01624	0	-0.08027000000000001	-0.053976000000000024	0.12774999999999997	0.0	0.0	0.0
MSH6	0.616104	0.428965	0.343156	0.0	0.0	0.0	PF01624	0	0.08026999999999995	0.05397599999999997	-0.12774999999999997	0.0	0.0	0.0
MSL2	0.262693	0.190973	0.772265	0.0	0.0	0.0	PF16682	1	0.0	0.0	0.0	1.0	1.0	1.0
MSL3	0.235585	0.182143	0.812009	0.0	0.0	0.0	PF05712	1	0.0	0.0	0.0	1.0	1.0	1.0
MSRB3	0.675612	0.600506	0.32416	0.0	0.0	0.0	PF01641	1	0.0	0.0	0.0	1.0	1.0	1.0
MSX1	0.650889	0.37162	0.650071	0.0	0.0	0.0	PF00046	0	0.05309688235294119	-0.0383195294117647	-0.007958823529411796	0.0	0.0	0.0
MSX2	0.681619	0.356984	0.606429	0.0	0.0	0.0	PF00046	0	0.08382688235294111	-0.05295552941176468	-0.051600823529411755	0.0	0.0	0.0
MT-TP	0.622559	0.560552	0.372742	1.0	1.0	1.0		1	0.0	0.0	0.0	1.0	1.0	1.0
MTAP	0.636347	0.553727	0.426679	0.0	0.0	0.0		1	0.0	0.0	0.0	1.0	1.0	1.0
MTFMT	0.623879	0.489561	0.315993	0.0	0.0	0.0	PF02911	1	0.0	0.0	0.0	1.0	1.0	1.0
MTHFD1	0.694578	0.579152	0.328493	0.0	0.0	0.0	PF01268	1	0.0	0.0	0.0	1.0	1.0	1.0
MTHFR	0.668856	0.514201	0.248587	0.0	0.0	0.0	PF02219	1	0.0	0.0	0.0	1.0	1.0	1.0
MTHFS	0.659031	0.539234	0.250284	0.0	0.0	0.0	PF01812	1	0.0	0.0	0.0	1.0	1.0	1.0
MTM1	0.389116	0.404612	0.616304	0.0	0.0	0.0	PF02893	0	-0.15321300000000004	-0.09072350000000001	0.17133349999999997	0.0	0.0	0.0
MTMR2	0.695542	0.586059	0.273637	0.0	0.0	0.0	PF02893	0	0.15321299999999993	0.09072349999999996	-0.17133349999999997	0.0	0.0	0.0
MTO1	0.730116	0.524602	0.352084	0.0	0.0	0.0		1	0.0	0.0	0.0	1.0	1.0	1.0
MTOR	0.447199	0.493637	0.671594	0.0	0.0	0.0	PF02259	0	-0.12325666666666668	0.029385333333333263	0.227551	0.0	0.0	0.0
MTR	0.67339	0.54356	0.26246	0.0	0.0	0.0	PF02310	0	-0.0035290000000000044	-0.04417599999999999	-0.042289999999999994	0.0	0.0	0.0
MTRFR	0.708477	0.710952	0.321539	0.0	0.0	0.0		1	0.0	0.0	0.0	1.0	1.0	1.0
MTRR	0.617864	0.724171	0.26832	0.0	0.0	0.0	PF00667	0	0.03056749999999997	0.014068999999999998	-0.009203500000000031	0.0	0.0	0.0
MTTP	0.656018	0.377847	0.32553	0.0	0.0	0.0	PF19444	1	0.0	0.0	0.0	1.0	1.0	1.0
MUSK	0.742812	0.745652	0.276819	0.0	0.0	0.0	PF01392	0	0.09142600000000001	0.07612166666666664	-0.11199833333333337	0.0	0.0	0.0
MUTYH	0.516311	0.285059	0.417017	0.0	0.0	0.0	PF00633	1	0.0	0.0	0.0	1.0	1.0	1.0
MVK	0.708168	0.590887	0.271488	0.0	0.0	0.0	PF08544	1	0.0	0.0	0.0	1.0	1.0	1.0
MYBPC1	0.681683	0.653284	0.368101	0.0	0.0	0.0		1	0.0	0.0	0.0	1.0	1.0	1.0
MYBPC3	0.708422	0.689463	0.355927	0.0	0.0	0.0	PF00041	0	0.07408910000000013	0.015483500000000094	-0.0797232	0.0	0.0	0.0
MYCN	0.386174	0.288499	0.767684	0.0	0.0	0.0	PF00010	0	-0.11420462499999995	-0.04430837500000001	0.06487850000000006	0.0	0.0	0.0
MYF5	0.701567	0.309152	0.522819	0.0	0.0	0.0	PF01586	1	0.0	0.0	0.0	1.0	1.0	1.0
MYH3	0.879699	0.652799	0.22126	0.0	0.0	0.0	PF00063	0	0.1363926666666666	0.09803833333333334	-0.15812333333333334	0.0	0.0	0.0
MYH8	0.820164	0.607689	0.325594	0.0	0.0	0.0	PF00063	0	0.0768576666666666	0.052928333333333355	-0.053789333333333356	0.0	0.0	0.0
MYH9	0.530056	0.403794	0.591296	0.0	0.0	0.0	PF00063	0	-0.21325033333333343	-0.1509666666666667	0.2119126666666667	0.0	0.0	0.0
MYL1	0.739672	0.735581	0.271422	0.0	0.0	0.0		1	0.0	0.0	0.0	1.0	1.0	1.0
MYLK	0.659203	0.685443	0.371608	0.0	0.0	0.0	PF16620	1	0.0	0.0	0.0	1.0	1.0	1.0
MYO15A	0.731705	0.658066	0.268244	0.0	0.0	0.0	PF00373	0	0.03134900000000007	0.02473600000000009	-0.027691500000000036	0.0	0.0	0.0
MYO18B	0.731048	0.655383	0.328208	0.0	0.0	0.0		1	0.0	0.0	0.0	1.0	1.0	1.0
MYO5A	0.543785	0.555288	0.52575	0.0	0.0	0.0	PF01843	0	-0.0912695	-0.05393800000000004	0.1270635	0.0	0.0	0.0
MYO5B	0.726324	0.663164	0.271623	0.0	0.0	0.0	PF01843	0	0.0912695	0.05393799999999993	-0.12706350000000005	0.0	0.0	0.0
MYO7A	0.702777	0.670655	0.300226	0.0	0.0	0.0	PF21998	1	0.0	0.0	0.0	1.0	1.0	1.0
MYOC	0.635789	0.492637	0.392688	0.0	0.0	0.0	PF02191	1	0.0	0.0	0.0	1.0	1.0	1.0
MYOCD	0.541058	0.322344	0.61121	0.0	0.0	0.0		1	0.0	0.0	0.0	1.0	1.0	1.0
MYPN	0.700057	0.668123	0.418117	0.0	0.0	0.0		1	0.0	0.0	0.0	1.0	1.0	1.0
MYRF	0.376827	0.289251	0.79929	0.0	0.0	0.0	PF13888	1	0.0	0.0	0.0	1.0	1.0	1.0
MYT1L	0.22724	0.182885	0.869417	0.0	0.0	0.0	PF08474	1	0.0	0.0	0.0	1.0	1.0	1.0
NAA10	0.422496	0.568015	0.563255	0.0	0.0	0.0	PF00583	1	0.0	0.0	0.0	1.0	1.0	1.0
NAA15	0.44718	0.560671	0.539675	0.0	0.0	0.0	PF12569	1	0.0	0.0	0.0	1.0	1.0	1.0
NACC1	0.257605	0.297669	0.828383	0.0	0.0	0.0	PF10523	1	0.0	0.0	0.0	1.0	1.0	1.0
NADSYN1	0.715465	0.520534	0.31314	0.0	0.0	0.0	PF00795	0	0.06376099999999996	0.008094999999999963	-0.02188800000000002	0.0	0.0	0.0
NAGA	0.514035	0.584252	0.341334	0.0	0.0	0.0	PF16499	0	0.12406649999999997	0.07978700000000005	-0.1405595	0.0	0.0	0.0
NAGLU	0.591036	0.600173	0.247754	0.0	0.0	0.0	PF05089	1	0.0	0.0	0.0	1.0	1.0	1.0
NAGS	0.582712	0.455655	0.380496	0.0	0.0	0.0	PF00696	0	-0.073542	-0.056506	0.0011730000000000351	0.0	0.0	0.0
NALCN	0.767221	0.860201	0.2102	0.0	0.0	0.0	PF00520	0	0.07792931250000013	0.059525625000000026	-0.188732	0.0	0.0	0.0
NANS	0.600906	0.384146	0.313597	0.0	0.0	0.0	PF03102	1	0.0	0.0	0.0	1.0	1.0	1.0
NAPB	0.769917	0.580437	0.24624	0.0	0.0	0.0		1	0.0	0.0	0.0	1.0	1.0	1.0
NARS1	0.668826	0.617857	0.29199	0.0	0.0	0.0		1	0.0	0.0	0.0	1.0	1.0	1.0
NARS2	0.760545	0.56991	0.242627	0.0	0.0	0.0	PF00152	0	0.03235049999999995	-0.01702400000000004	-0.040889499999999995	0.0	0.0	0.0
NAXD	0.78055	0.541479	0.270572	0.0	0.0	0.0		1	0.0	0.0	0.0	1.0	1.0	1.0
NAXE	0.698567	0.557218	0.333128	0.0	0.0	0.0	PF03853	1	0.0	0.0	0.0	1.0	1.0	1.0
NBAS	0.634562	0.489942	0.380909	0.0	0.0	0.0	PF22913	1	0.0	0.0	0.0	1.0	1.0	1.0
NBEA	0.324144	0.413174	0.732082	0.0	0.0	0.0	PF02138	0	-0.16916599999999998	-0.033331	0.21032699999999993	0.0	0.0	0.0
NBN	0.536777	0.298454	0.499022	0.0	0.0	0.0		1	0.0	0.0	0.0	1.0	1.0	1.0
NCF1	0.652631	0.608622	0.377684	0.0	0.0	0.0	PF16621	1	0.0	0.0	0.0	1.0	1.0	1.0
NCF2	0.6615	0.653576	0.297668	0.0	0.0	0.0	PF00564	0	0.02083400000000002	0.011746499999999993	-0.0072289999999999854	0.0	0.0	0.0
NCF4	0.619832	0.630083	0.312126	0.0	0.0	0.0	PF00564	0	-0.020833999999999908	-0.011746500000000104	0.007229000000000041	0.0	0.0	0.0
NDE1	0.80333	0.570673	0.34736	0.0	0.0	0.0		1	0.0	0.0	0.0	1.0	1.0	1.0
NDNF	0.565049	0.401722	0.45238	0.0	0.0	0.0		1	0.0	0.0	0.0	1.0	1.0	1.0
NDP	0.350762	0.242012	0.619738	0.0	0.0	0.0	PF00007	0	-0.18002966666666664	-0.2462266666666667	0.22380266666666665	0.0	0.0	0.0
NDST1	0.325279	0.456616	0.581917	0.0	0.0	0.0	PF12062	1	0.0	0.0	0.0	1.0	1.0	1.0
NDUFA1	1.0	1.0	0.0	0.0	0.0	0.0	PF15879	1	0.0	0.0	0.0	1.0	1.0	1.0
NDUFA10	0.707687	0.506129	0.273183	0.0	0.0	0.0	PF01712	0	-0.027183500000000027	-0.009730499999999975	0.0015410000000000146	0.0	0.0	0.0
NDUFA12	0.673183	0.41261	0.311997	0.0	0.0	0.0	PF05071	1	0.0	0.0	0.0	1.0	1.0	1.0
NDUFA13	0.68007	0.729268	0.294299	0.0	0.0	0.0	PF06212	1	0.0	0.0	0.0	1.0	1.0	1.0
NDUFA2	0.609056	0.330665	0.59129	0.0	0.0	0.0	PF05047	1	0.0	0.0	0.0	1.0	1.0	1.0
NDUFA6	0.726832	0.653281	0.336947	0.0	0.0	0.0	PF13233	1	0.0	0.0	0.0	1.0	1.0	1.0
NDUFA8	0.622761	0.58377	0.233704	0.0	0.0	0.0	PF06747	1	0.0	0.0	0.0	1.0	1.0	1.0
NDUFA9	0.712527	0.562146	0.328878	0.0	0.0	0.0	PF01370	1	0.0	0.0	0.0	1.0	1.0	1.0
NDUFAF2	0.770012	0.560395	0.172033	0.0	0.0	0.0		1	0.0	0.0	0.0	1.0	1.0	1.0
NDUFAF8	0.655264	0.621914	0.265405	0.0	0.0	0.0		1	0.0	0.0	0.0	1.0	1.0	1.0
NDUFB11	0.431921	0.513288	0.523202	0.0	0.0	0.0		1	0.0	0.0	0.0	1.0	1.0	1.0
NDUFB3	0.710855	0.501268	0.367863	0.0	0.0	0.0	PF08122	1	0.0	0.0	0.0	1.0	1.0	1.0
NDUFB8	0.634468	0.573878	0.295308	0.0	0.0	0.0	PF05821	1	0.0	0.0	0.0	1.0	1.0	1.0
NDUFB9	0.721461	0.718608	0.212539	0.0	0.0	0.0	PF05347	0	-0.06931450000000006	0.023612500000000036	-0.026038499999999992	0.0	0.0	0.0
NDUFS1	0.619239	0.511484	0.402802	0.0	0.0	0.0	PF13510	1	0.0	0.0	0.0	1.0	1.0	1.0
NDUFS2	0.734664	0.656959	0.326941	0.0	0.0	0.0	PF00346	1	0.0	0.0	0.0	1.0	1.0	1.0
NDUFS3	0.617888	0.650007	0.356156	0.0	0.0	0.0	PF00329	1	0.0	0.0	0.0	1.0	1.0	1.0
NDUFS4	0.682119	0.349494	0.304375	0.0	0.0	0.0	PF04800	1	0.0	0.0	0.0	1.0	1.0	1.0
NDUFS6	0.644241	0.405225	0.297405	0.0	0.0	0.0	PF10276	1	0.0	0.0	0.0	1.0	1.0	1.0
NDUFS7	0.638766	0.37732	0.589317	0.0	0.0	0.0	PF01058	1	0.0	0.0	0.0	1.0	1.0	1.0
NDUFS8	0.625582	0.629643	0.393366	0.0	0.0	0.0	PF12838	1	0.0	0.0	0.0	1.0	1.0	1.0
NDUFV1	0.655252	0.598747	0.44079	0.0	0.0	0.0	PF01512	1	0.0	0.0	0.0	1.0	1.0	1.0
NDUFV2	0.68613	0.580436	0.376773	0.0	0.0	0.0	PF01257	1	0.0	0.0	0.0	1.0	1.0	1.0
NEB	0.633517	0.701431	0.212375	0.0	0.0	0.0	PF00880	1	0.0	0.0	0.0	1.0	1.0	1.0
NECTIN4	0.650815	0.723471	0.346216	0.0	0.0	0.0	PF08205	0	-0.010412333333333357	0.009324666666666648	0.011581333333333388	0.0	0.0	0.0
NEK1	0.686864	0.621807	0.363912	0.0	0.0	0.0	PF00069	0	0.1265657916666667	0.04069762500000007	-0.15368474999999993	0.0	0.0	0.0
NEK8	0.691618	0.710444	0.350121	0.0	0.0	0.0	PF00069	0	0.13131979166666663	0.12933462500000004	-0.16747574999999992	0.0	0.0	0.0
NEU1	0.576309	0.492052	0.376915	0.0	0.0	0.0	PF13088	1	0.0	0.0	0.0	1.0	1.0	1.0
NEXMIF	0.260565	0.331918	0.872046	0.0	0.0	0.0		1	0.0	0.0	0.0	1.0	1.0	1.0
NF1	0.42998	0.515709	0.66302	0.0	0.0	0.0	PF13716	0	0.0029569999999999874	-0.0419235	0.007904500000000092	0.0	0.0	0.0
NF2	0.477881	0.530656	0.603711	0.0	0.0	0.0	PF00769	1	0.0	0.0	0.0	1.0	1.0	1.0
NFASC	0.493648	0.533629	0.643172	0.0	0.0	0.0	PF13882	0	0.041682499999999956	0.022991499999999943	-0.014622500000000094	0.0	0.0	0.0
NFE2L2	0.583595	0.389688	0.454775	0.0	0.0	0.0	PF03131	0	0.004595333333333285	0.014943999999999957	-0.12132433333333331	0.0	0.0	0.0
NFIA	0.307079	0.318337	0.867248	0.0	0.0	0.0	PF00859	0	-0.07416166666666663	-0.026130000000000042	0.02234333333333327	0.0	0.0	0.0
NFIB	0.409632	0.334731	0.823288	0.0	0.0	0.0	PF00859	0	0.02839133333333338	-0.009736000000000022	-0.02161666666666673	0.0	0.0	0.0
NFIX	0.427011	0.380333	0.844178	0.0	0.0	0.0	PF00859	0	0.04577033333333336	0.035865999999999953	-0.0007266666666667643	0.0	0.0	0.0
NFU1	0.67034	0.572873	0.316064	0.0	0.0	0.0	PF08712	1	0.0	0.0	0.0	1.0	1.0	1.0
NGF	0.480173	0.180433	0.734978	0.0	0.0	0.0	PF00243	1	0.0	0.0	0.0	1.0	1.0	1.0
NGLY1	0.57838	0.448605	0.325908	0.0	0.0	0.0	PF04721	1	0.0	0.0	0.0	1.0	1.0	1.0
NHLRC2	0.638191	0.593234	0.323141	0.0	0.0	0.0	PF01436	0	-0.039317000000000046	-0.06247349999999996	0.034275500000000014	0.0	0.0	0.0
NHS	0.223657	0.364356	0.860424	0.0	0.0	0.0	PF15273	1	0.0	0.0	0.0	1.0	1.0	1.0
NIPAL4	0.774455	0.819726	0.199892	0.0	0.0	0.0	PF05653	1	0.0	0.0	0.0	1.0	1.0	1.0
NIPBL	0.163401	0.135885	0.904289	0.0	0.0	0.0	PF12765	1	0.0	0.0	0.0	1.0	1.0	1.0
NKX2-1	0.663614	0.362012	0.733131	0.0	0.0	0.0	PF00046	0	0.06582188235294117	-0.0479275294117647	0.07510117647058823	0.0	0.0	0.0
NKX2-5	0.452153	0.260173	0.814665	0.0	0.0	0.0	PF00046	0	-0.14563911764705884	-0.14976652941176472	0.15663517647058822	0.0	0.0	0.0
NKX3-2	0.451188	0.342835	0.725299	0.0	0.0	0.0		1	0.0	0.0	0.0	1.0	1.0	1.0
NKX6-2	0.742881	0.404531	0.582963	0.0	0.0	0.0	PF00046	0	0.14508888235294115	-0.005408529411764729	-0.07506682352941174	0.0	0.0	0.0
NLGN3	0.37924	0.558638	0.645252	0.0	0.0	0.0	PF00135	0	-0.08611133333333337	0.022363000000000022	0.11079266666666676	0.0	0.0	0.0
NLGN4X	0.453143	0.612143	0.579182	0.0	0.0	0.0	PF00135	0	-0.012208333333333377	0.07586800000000005	0.04472266666666669	0.0	0.0	0.0
NLRP2	0.690442	0.67232	0.226323	0.0	0.0	0.0	PF13516	0	0.020455	0.05413000000000001	-0.08786250000000001	0.0	0.0	0.0
NLRP3	0.760414	0.768694	0.150657	0.0	0.0	0.0	PF14484	1	0.0	0.0	0.0	1.0	1.0	1.0
NMNAT1	0.740022	0.583925	0.26269	0.0	0.0	0.0	PF01467	0	0.033499999999999974	-0.06547466666666668	-0.04674166666666674	0.0	0.0	0.0
NNT	0.52958	0.398325	0.612997	0.0	0.0	0.0	PF01262	1	0.0	0.0	0.0	1.0	1.0	1.0
NOD2	0.655894	0.696579	0.267817	0.0	0.0	0.0	PF00619	0	0.08051319999999995	0.027625599999999917	-0.08698279999999997	0.0	0.0	0.0
NODAL	0.388615	0.296802	0.618429	0.0	0.0	0.0		1	0.0	0.0	0.0	1.0	1.0	1.0
NOG	0.367138	0.170078	0.677685	0.0	0.0	0.0	PF05806	1	0.0	0.0	0.0	1.0	1.0	1.0
NONO	0.314047	0.33573	0.822422	0.0	0.0	0.0	PF08075	1	0.0	0.0	0.0	1.0	1.0	1.0
NOTCH1	0.39062	0.576571	0.721438	0.0	0.0	0.0	PF00023	0	-0.16816181818181813	-0.08528772727272749	0.28263900000000003	0.0	0.0	0.0
NOTCH2	0.342816	0.482184	0.678811	0.0	0.0	0.0	PF00023	0	-0.21596581818181815	-0.17967472727272743	0.24001200000000006	0.0	0.0	0.0
NOTCH3	0.431163	0.603298	0.521644	0.0	0.0	0.0	PF00023	0	-0.12761881818181814	-0.05856072727272743	0.082845	0.0	0.0	0.0
NPC1	0.767536	0.756584	0.192328	0.0	0.0	0.0	PF22314	1	0.0	0.0	0.0	1.0	1.0	1.0
NPC2	0.656684	0.462364	0.313303	0.0	0.0	0.0	PF02221	0	-0.01280250000000005	0.0026454999999999673	0.02954000000000001	0.0	0.0	0.0
NPHP1	0.578951	0.563042	0.386917	0.0	0.0	0.0		1	0.0	0.0	0.0	1.0	1.0	1.0
NPHP3	0.61497	0.621957	0.331884	0.0	0.0	0.0	PF25022	1	0.0	0.0	0.0	1.0	1.0	1.0
NPHP4	0.469041	0.35519	0.536777	0.0	0.0	0.0	PF26015	1	0.0	0.0	0.0	1.0	1.0	1.0
NPHS1	0.696385	0.757853	0.289893	0.0	0.0	0.0	PF08205	0	0.03515766666666664	0.04370666666666667	-0.044741666666666624	0.0	0.0	0.0
NPHS2	0.75232	0.623781	0.352209	0.0	0.0	0.0	PF01145	1	0.0	0.0	0.0	1.0	1.0	1.0
NPR2	0.742644	0.821314	0.25281	0.0	0.0	0.0	PF01094	0	0.18872829999999996	0.13994509999999993	-0.28802230000000006	0.0	0.0	0.0
NPR3	0.708145	0.795356	0.24561	0.0	0.0	0.0		1	0.0	0.0	0.0	1.0	1.0	1.0
NPRL2	0.447587	0.420016	0.401483	0.0	0.0	0.0	PF06218	1	0.0	0.0	0.0	1.0	1.0	1.0
NPRL3	0.433959	0.371715	0.451616	0.0	0.0	0.0	PF24064	1	0.0	0.0	0.0	1.0	1.0	1.0
NR0B1	0.290985	0.420694	0.75997	0.0	0.0	0.0	PF00104	0	-0.1754575384615385	0.0320124615384616	0.11387546153846173	0.0	0.0	0.0
NR2E3	0.500784	0.34799	0.713388	0.0	0.0	0.0	PF00104	0	0.034341461538461515	-0.04069153846153839	0.06729346153846172	0.0	0.0	0.0
NR2F1	0.25518	0.235608	0.881248	0.0	0.0	0.0	PF00104	0	-0.21126253846153847	-0.1530735384615384	0.23515346153846173	0.0	0.0	0.0
NR2F2	0.263445	0.273285	0.875071	0.0	0.0	0.0	PF00104	0	-0.2029975384615385	-0.11539653846153841	0.22897646153846174	0.0	0.0	0.0
NR3C1	0.382626	0.341314	0.781925	0.0	0.0	0.0	PF02155	1	0.0	0.0	0.0	1.0	1.0	1.0
NR3C2	0.359493	0.257363	0.789171	0.0	0.0	0.0	PF00104	0	-0.10694953846153848	-0.1313185384615384	0.14307646153846165	0.0	0.0	0.0
NR4A2	0.294656	0.225431	0.829228	0.0	0.0	0.0	PF00104	0	-0.17178653846153852	-0.16325053846153842	0.18313346153846166	0.0	0.0	0.0
NR5A1	0.394568	0.336121	0.71639	0.0	0.0	0.0	PF00104	0	-0.07187453846153852	-0.05256053846153841	0.07029546153846167	0.0	0.0	0.0
NRAS	0.752175	0.758138	0.368878	0.0	0.0	0.0	PF00071	0	0.03887430769230771	0.02713415384615392	-0.04131430769230776	0.0	0.0	0.0
NRL	0.724845	0.459701	0.432637	0.0	0.0	0.0	PF03131	0	0.14584533333333327	0.084957	-0.1434623333333333	0.0	0.0	0.0
NRROS	0.598772	0.689269	0.358736	0.0	0.0	0.0	PF00560	1	0.0	0.0	0.0	1.0	1.0	1.0
NRXN1	0.497373	0.572593	0.580086	0.0	0.0	0.0		1	0.0	0.0	0.0	1.0	1.0	1.0
NSD1	0.227757	0.230004	0.860092	0.0	0.0	0.0	PF17907	0	-0.012587000000000015	0.002070333333333313	0.03168833333333343	0.0	0.0	0.0
NSD2	0.255679	0.236167	0.816074	0.0	0.0	0.0	PF17907	0	0.015334999999999988	0.008233333333333315	-0.012329666666666572	0.0	0.0	0.0
NSDHL	0.52973	0.443	0.541139	0.0	0.0	0.0	PF01073	0	-0.07811199999999996	-0.08504850000000003	0.128533	0.0	0.0	0.0
NSMCE3	0.5552	0.290913	0.301672	0.0	0.0	0.0	PF01454	0	0.07232400000000005	-0.007894999999999985	-0.14041350000000002	0.0	0.0	0.0
NSRP1	0.770246	0.407102	0.316583	0.0	0.0	0.0		1	0.0	0.0	0.0	1.0	1.0	1.0
NT5C3A	0.666426	0.631138	0.215492	0.0	0.0	0.0	PF05822	1	0.0	0.0	0.0	1.0	1.0	1.0
NT5E	0.652138	0.59781	0.358895	0.0	0.0	0.0	PF02872	1	0.0	0.0	0.0	1.0	1.0	1.0
NTHL1	0.566721	0.35023	0.389308	0.0	0.0	0.0		1	0.0	0.0	0.0	1.0	1.0	1.0
NTNG2	0.414837	0.599979	0.554841	0.0	0.0	0.0	PF00053	0	-0.27334487499999993	-0.0991495	0.28022450000000004	0.0	0.0	0.0
NTRK1	0.779881	0.848836	0.249238	0.0	0.0	0.0	PF13855	0	0.09231849999999997	0.10727525000000004	-0.10421850000000002	0.0	0.0	0.0
NUBPL	0.725712	0.547553	0.329976	0.0	0.0	0.0	PF10609	1	0.0	0.0	0.0	1.0	1.0	1.0
NUDT2	0.608374	0.54753	0.280446	0.0	0.0	0.0		1	0.0	0.0	0.0	1.0	1.0	1.0
NUP107	0.545296	0.330415	0.407069	0.0	0.0	0.0	PF04121	1	0.0	0.0	0.0	1.0	1.0	1.0
NUP133	0.538655	0.255526	0.416915	0.0	0.0	0.0	PF03177	1	0.0	0.0	0.0	1.0	1.0	1.0
NUP188	0.375309	0.410842	0.664519	0.0	0.0	0.0		1	0.0	0.0	0.0	1.0	1.0	1.0
NUP214	0.517695	0.29416	0.484437	0.0	0.0	0.0		1	0.0	0.0	0.0	1.0	1.0	1.0
NUP62	0.381575	0.224981	0.738698	0.0	0.0	0.0	PF05064	1	0.0	0.0	0.0	1.0	1.0	1.0
NUS1	0.353619	0.295729	0.72171	0.0	0.0	0.0	PF01255	1	0.0	0.0	0.0	1.0	1.0	1.0
NYX	0.6668	0.78182	0.315641	0.0	0.0	0.0	PF13855	0	-0.020762500000000128	0.04025924999999997	-0.0378155	0.0	0.0	0.0
OAT	0.727566	0.642489	0.323489	0.0	0.0	0.0	PF00202	0	-0.010122999999999993	0.037030999999999925	0.009988500000000011	0.0	0.0	0.0
OBSL1	0.67018	0.670258	0.391549	0.0	0.0	0.0		1	0.0	0.0	0.0	1.0	1.0	1.0
OCA2	0.78369	0.730362	0.262399	0.0	0.0	0.0	PF03600	1	0.0	0.0	0.0	1.0	1.0	1.0
OCLN	0.799358	0.653863	0.244797	0.0	0.0	0.0	PF01284	0	0.14982549999999994	-0.008222000000000063	-0.14260650000000002	0.0	0.0	0.0
OCRL	0.269569	0.36104	0.699961	0.0	0.0	0.0	PF22669	0	-0.18202199999999996	-0.14175349999999998	0.15648050000000002	0.0	0.0	0.0
ODAD1	0.781878	0.819081	0.232311	0.0	0.0	0.0		1	0.0	0.0	0.0	1.0	1.0	1.0
ODAD2	0.659595	0.648984	0.369023	0.0	0.0	0.0		1	0.0	0.0	0.0	1.0	1.0	1.0
ODAD3	0.767566	0.647749	0.268133	0.0	0.0	0.0		1	0.0	0.0	0.0	1.0	1.0	1.0
ODAD4	0.633172	0.749227	0.396074	0.0	0.0	0.0		1	0.0	0.0	0.0	1.0	1.0	1.0
ODC1	0.702516	0.477768	0.298547	0.0	0.0	0.0		1	0.0	0.0	0.0	1.0	1.0	1.0
OFD1	0.512183	0.502047	0.581803	0.0	0.0	0.0	PF16045	1	0.0	0.0	0.0	1.0	1.0	1.0
OGT	0.241323	0.447147	0.754747	0.0	0.0	0.0	PF13844	1	0.0	0.0	0.0	1.0	1.0	1.0
ONECUT1	0.55399	0.295707	0.786368	0.0	0.0	0.0		1	0.0	0.0	0.0	1.0	1.0	1.0
OPA1	0.522373	0.436689	0.636806	0.0	0.0	0.0	PF00350	1	0.0	0.0	0.0	1.0	1.0	1.0
OPA3	0.65864	0.700893	0.312015	0.0	0.0	0.0	PF07047	1	0.0	0.0	0.0	1.0	1.0	1.0
OPHN1	0.395542	0.501125	0.695818	0.0	0.0	0.0	PF16746	1	0.0	0.0	0.0	1.0	1.0	1.0
OPN1LW	0.540532	0.655266	0.560293	0.0	0.0	0.0	PF00001	0	-0.17459724999999993	-0.09667875000000004	0.24063400000000001	0.0	0.0	0.0
ORC1	0.605736	0.282577	0.407909	0.0	0.0	0.0	PF00004	0	-0.026390090909090835	-0.19814409090909085	-0.022711727272727245	0.0	0.0	0.0
ORC4	0.659681	0.335414	0.399714	0.0	0.0	0.0	PF13191	1	0.0	0.0	0.0	1.0	1.0	1.0
ORC6	0.535272	0.351488	0.451585	0.0	0.0	0.0	PF05460	1	0.0	0.0	0.0	1.0	1.0	1.0
OSGEP	0.73116	0.692729	0.333997	0.0	0.0	0.0	PF00814	1	0.0	0.0	0.0	1.0	1.0	1.0
OTC	0.600446	0.40896	0.53511	0.0	0.0	0.0	PF00185	1	0.0	0.0	0.0	1.0	1.0	1.0
OTOF	0.553802	0.628674	0.506572	0.0	0.0	0.0	PF00168	0	-0.006820285714285723	0.049308357142857084	0.029661428571428616	0.0	0.0	0.0
OTOGL	0.568244	0.616208	0.342269	0.0	0.0	0.0		1	0.0	0.0	0.0	1.0	1.0	1.0
OTUD6B	0.710947	0.531064	0.240163	0.0	0.0	0.0		1	0.0	0.0	0.0	1.0	1.0	1.0
OTULIN	0.39533	0.467513	0.310249	0.0	0.0	0.0	PF16218	1	0.0	0.0	0.0	1.0	1.0	1.0
OTX2	0.56805	0.27541	0.848313	0.0	0.0	0.0	PF00046	0	-0.029742117647058808	-0.13452952941176471	0.19028317647058823	0.0	0.0	0.0
OXCT1	0.674406	0.578059	0.372472	0.0	0.0	0.0	PF01144	1	0.0	0.0	0.0	1.0	1.0	1.0
OXR1	0.435359	0.43239	0.608701	0.0	0.0	0.0		1	0.0	0.0	0.0	1.0	1.0	1.0
P3H1	0.498838	0.566476	0.293981	0.0	0.0	0.0		1	0.0	0.0	0.0	1.0	1.0	1.0
P3H2	0.499861	0.551303	0.353348	0.0	0.0	0.0		1	0.0	0.0	0.0	1.0	1.0	1.0
P4HTM	0.568359	0.558356	0.323416	0.0	0.0	0.0	PF13640	0	0.12476349999999997	0.06102599999999997	-0.175066	0.0	0.0	0.0
PACS1	0.405728	0.361637	0.8024	0.0	0.0	0.0	PF25332	1	0.0	0.0	0.0	1.0	1.0	1.0
PADI3	0.551449	0.392033	0.330403	0.0	0.0	0.0	PF03068	1	0.0	0.0	0.0	1.0	1.0	1.0
PAFAH1B1	0.277354	0.267674	0.825808	0.0	0.0	0.0	PF24951	1	0.0	0.0	0.0	1.0	1.0	1.0
PAH	0.65016	0.543821	0.341864	0.0	0.0	0.0	PF01842	1	0.0	0.0	0.0	1.0	1.0	1.0
PAK1	0.797221	0.774952	0.288897	0.0	0.0	0.0	PF00786	0	0.15995249999999994	0.07828350000000006	-0.18260099999999996	0.0	0.0	0.0
PAK3	0.477316	0.618385	0.654099	0.0	0.0	0.0	PF00786	0	-0.1599525	-0.07828349999999995	0.182601	0.0	0.0	0.0
PALB2	0.512611	0.379577	0.543493	0.0	0.0	0.0	PF16756	1	0.0	0.0	0.0	1.0	1.0	1.0
PANK2	0.670888	0.500477	0.435971	0.0	0.0	0.0	PF03630	1	0.0	0.0	0.0	1.0	1.0	1.0
PAPSS2	0.610681	0.532965	0.366234	0.0	0.0	0.0	PF01583	1	0.0	0.0	0.0	1.0	1.0	1.0
PARK7	0.562989	0.529111	0.450955	0.0	0.0	0.0	PF01965	1	0.0	0.0	0.0	1.0	1.0	1.0
PARN	0.551995	0.403301	0.363742	0.0	0.0	0.0	PF04857	0	0.07983850000000003	0.06314600000000004	-0.08865099999999998	0.0	0.0	0.0
PAX1	0.616933	0.481113	0.693428	0.0	0.0	0.0	PF00292	0	-0.020435750000000086	0.05301900000000004	-0.01556174999999993	0.0	0.0	0.0
PAX2	0.646559	0.404544	0.721803	0.0	0.0	0.0	PF00292	0	0.009190249999999955	-0.02354999999999996	0.012813249999999998	0.0	0.0	0.0
PAX3	0.733646	0.51133	0.564397	0.0	0.0	0.0	PF00046	0	0.13585388235294116	0.10139047058823525	-0.09363282352941171	0.0	0.0	0.0
PAX6	0.583032	0.384698	0.785511	0.0	0.0	0.0	PF00046	0	-0.014760117647058868	-0.025241529411764718	0.1274811764705882	0.0	0.0	0.0
PAX8	0.570683	0.340635	0.783472	0.0	0.0	0.0	PF00292	0	-0.06668574999999999	-0.08745899999999995	0.07448224999999997	0.0	0.0	0.0
PAX9	0.7153	0.486084	0.637256	0.0	0.0	0.0	PF00292	0	0.07793125000000001	0.05799000000000004	-0.07173374999999993	0.0	0.0	0.0
PBX1	0.451482	0.201577	0.843863	0.0	0.0	0.0	PF05920	0	-0.05482150000000002	-0.14163925	0.12090800000000002	0.0	0.0	0.0
PC	0.662936	0.597412	0.315099	0.0	0.0	0.0	PF02785	0	-0.03513333333333335	0.0023793333333334	0.011193666666666657	0.0	0.0	0.0
PCARE	0.638382	0.662591	0.410968	0.0	0.0	0.0		1	0.0	0.0	0.0	1.0	1.0	1.0
PCBD1	0.707905	0.64308	0.337157	0.0	0.0	0.0	PF01329	1	0.0	0.0	0.0	1.0	1.0	1.0
PCCA	0.687792	0.584412	0.321009	0.0	0.0	0.0	PF02785	0	-0.01027733333333336	-0.010620666666666612	0.017103666666666628	0.0	0.0	0.0
PCCB	0.791293	0.545558	0.273765	0.0	0.0	0.0	PF01039	0	-0.003935000000000022	-0.004162500000000069	0.013443999999999956	0.0	0.0	0.0
PCDH12	0.772848	0.813683	0.297802	0.0	0.0	0.0		1	0.0	0.0	0.0	1.0	1.0	1.0
PCDH15	0.786888	0.810459	0.284102	0.0	0.0	0.0	PF00028	0	0.18831942857142858	0.16088942857142863	-0.21178799999999998	0.0	0.0	0.0
PCDH19	0.519838	0.645521	0.668056	0.0	0.0	0.0	PF00028	0	-0.07873057142857143	-0.004048571428571401	0.17216599999999999	0.0	0.0	0.0
PCGF2	0.443337	0.442888	0.696916	0.0	0.0	0.0		1	0.0	0.0	0.0	1.0	1.0	1.0
PCK1	0.548927	0.571656	0.394379	0.0	0.0	0.0	PF00821	1	0.0	0.0	0.0	1.0	1.0	1.0
PCNA	0.347197	0.185494	0.733285	0.0	0.0	0.0	PF02747	1	0.0	0.0	0.0	1.0	1.0	1.0
PCNT	0.686102	0.518152	0.34021	0.0	0.0	0.0	PF10495	1	0.0	0.0	0.0	1.0	1.0	1.0
PCSK9	0.576311	0.542267	0.417698	0.0	0.0	0.0	PF05922	1	0.0	0.0	0.0	1.0	1.0	1.0
PCYT1A	0.672608	0.615185	0.395079	0.0	0.0	0.0	PF01467	0	-0.033914	-0.034214666666666727	0.0856473333333333	0.0	0.0	0.0
PCYT2	0.706936	0.749089	0.270526	0.0	0.0	0.0	PF01467	0	0.00041400000000002546	0.0996893333333333	-0.03890566666666673	0.0	0.0	0.0
PDCD10	0.455751	0.464446	0.635373	0.0	0.0	0.0		1	0.0	0.0	0.0	1.0	1.0	1.0
PDE4D	0.52797	0.615294	0.671212	0.0	0.0	0.0	PF18100	1	0.0	0.0	0.0	1.0	1.0	1.0
PDE6A	0.631128	0.770059	0.341161	0.0	0.0	0.0	PF01590	0	-0.02138966666666664	0.0011910000000000531	0.020320666666666654	0.0	0.0	0.0
PDE6B	0.614568	0.742399	0.366852	0.0	0.0	0.0	PF01590	0	-0.03794966666666666	-0.026468999999999965	0.04601166666666667	0.0	0.0	0.0
PDE6C	0.711857	0.794146	0.254508	0.0	0.0	0.0	PF01590	0	0.0593393333333333	0.025278000000000023	-0.06633233333333333	0.0	0.0	0.0
PDE6G	0.752005	0.6466	0.427043	0.0	0.0	0.0		1	0.0	0.0	0.0	1.0	1.0	1.0
PDE6H	0.785844	0.597242	0.364217	0.0	0.0	0.0		1	0.0	0.0	0.0	1.0	1.0	1.0
PDGFRA	0.522292	0.690697	0.520041	0.0	0.0	0.0	PF07679	0	-0.0165535	0.042695999999999956	-0.029079833333333416	0.0	0.0	0.0
PDGFRB	0.558226	0.752187	0.469706	0.0	0.0	0.0	PF00047	0	-0.09823024999999996	0.016569500000000015	0.0872485	0.0	0.0	0.0
PDHA1	0.381857	0.375502	0.686608	0.0	0.0	0.0	PF00676	0	-0.1613715	-0.1170425	0.19089250000000002	0.0	0.0	0.0
PDHB	0.742168	0.599404	0.312038	0.0	0.0	0.0	PF02779	0	0.03462966666666667	-0.004534666666666687	-0.004727333333333361	0.0	0.0	0.0
PDHX	0.673836	0.572643	0.39752	0.0	0.0	0.0		1	0.0	0.0	0.0	1.0	1.0	1.0
PDSS2	0.676392	0.467755	0.390287	0.0	0.0	0.0		1	0.0	0.0	0.0	1.0	1.0	1.0
PDX1	0.66757	0.598083	0.489807	0.0	0.0	0.0	PF00046	0	0.06977788235294113	0.18814347058823533	-0.16822282352941176	0.0	0.0	0.0
PDXK	0.53477	0.412787	0.477563	0.0	0.0	0.0	PF08543	1	0.0	0.0	0.0	1.0	1.0	1.0
PDYN	0.754482	0.608957	0.316759	0.0	0.0	0.0	PF01160	1	0.0	0.0	0.0	1.0	1.0	1.0
PDZD7	0.627181	0.664974	0.504353	0.0	0.0	0.0	PF00595	0	-0.03569599999999995	-0.05146800000000007	0.08342550000000004	0.0	0.0	0.0
PEPD	0.578965	0.698972	0.365426	0.0	0.0	0.0	PF05195	0	-0.035706000000000016	0.0453055	0.03737299999999999	0.0	0.0	0.0
PET100	0.7526	0.762543	0.244885	0.0	0.0	0.0	PF09803	1	0.0	0.0	0.0	1.0	1.0	1.0
PEX1	0.684209	0.466153	0.323743	0.0	0.0	0.0	PF00004	0	0.05208290909090907	-0.014568090909090892	-0.10687772727272726	0.0	0.0	0.0
PEX10	0.681499	0.568528	0.306206	0.0	0.0	0.0	PF04757	0	0.0332256666666666	0.07929000000000003	-0.05485033333333339	0.0	0.0	0.0
PEX11B	0.796254	0.669441	0.256782	0.0	0.0	0.0		1	0.0	0.0	0.0	1.0	1.0	1.0
PEX12	0.549118	0.418022	0.453801	0.0	0.0	0.0	PF04757	0	-0.09915533333333337	-0.071216	0.09274466666666664	0.0	0.0	0.0
PEX13	0.692873	0.623879	0.332923	0.0	0.0	0.0	PF04088	1	0.0	0.0	0.0	1.0	1.0	1.0
PEX14	0.496707	0.430422	0.461609	0.0	0.0	0.0		1	0.0	0.0	0.0	1.0	1.0	1.0
PEX16	0.697428	0.518162	0.322354	0.0	0.0	0.0	PF08610	1	0.0	0.0	0.0	1.0	1.0	1.0
PEX19	0.667126	0.64086	0.155165	0.0	0.0	0.0	PF04614	1	0.0	0.0	0.0	1.0	1.0	1.0
PEX2	0.714203	0.481164	0.323162	0.0	0.0	0.0	PF04757	0	0.06592966666666666	-0.008074000000000026	-0.03789433333333336	0.0	0.0	0.0
PEX26	0.381263	0.473552	0.495762	0.0	0.0	0.0	PF07163	1	0.0	0.0	0.0	1.0	1.0	1.0
PEX3	0.686486	0.596714	0.299063	0.0	0.0	0.0	PF04882	1	0.0	0.0	0.0	1.0	1.0	1.0
PEX5	0.615575	0.673928	0.309224	0.0	0.0	0.0	PF13432	0	-0.01866650000000003	0.037926499999999974	-0.00857150000000001	0.0	0.0	0.0
PEX6	0.684624	0.555594	0.318958	0.0	0.0	0.0	PF00004	0	0.05249790909090912	0.07487290909090916	-0.11166272727272725	0.0	0.0	0.0
PEX7	0.644942	0.509305	0.429868	0.0	0.0	0.0	PF00400	0	-0.02631537499999992	-0.00676687499999995	0.031154249999999994	0.0	0.0	0.0
PFKM	0.622349	0.461615	0.404956	0.0	0.0	0.0	PF00365	1	0.0	0.0	0.0	1.0	1.0	1.0
PGAM2	0.625814	0.497477	0.36185	0.0	0.0	0.0	PF00300	0	0.013223499999999944	-0.02112750000000002	0.044679000000000024	0.0	0.0	0.0
PGAP1	0.633998	0.406215	0.343376	0.0	0.0	0.0		1	0.0	0.0	0.0	1.0	1.0	1.0
PGAP2	0.55221	0.549973	0.456235	0.0	0.0	0.0	PF10277	0	-0.05932649999999995	-0.051509999999999945	0.10768499999999998	0.0	0.0	0.0
PGAP3	0.728107	0.709167	0.222126	0.0	0.0	0.0	PF04080	1	0.0	0.0	0.0	1.0	1.0	1.0
PGK1	0.572716	0.416728	0.490385	0.0	0.0	0.0	PF00162	1	0.0	0.0	0.0	1.0	1.0	1.0
PGM1	0.647091	0.437658	0.372742	0.0	0.0	0.0	PF24947	1	0.0	0.0	0.0	1.0	1.0	1.0
PGM2L1	0.684036	0.471201	0.27539	0.0	0.0	0.0		1	0.0	0.0	0.0	1.0	1.0	1.0
PGM3	0.792749	0.471104	0.204969	0.0	0.0	0.0	PF21405	1	0.0	0.0	0.0	1.0	1.0	1.0
PHACTR1	0.569464	0.546613	0.605949	0.0	0.0	0.0	PF02755	1	0.0	0.0	0.0	1.0	1.0	1.0
PHEX	0.353657	0.528567	0.514249	0.0	0.0	0.0	PF01431	0	-0.15144600000000008	-0.10578549999999998	0.15410399999999996	0.0	0.0	0.0
PHF12	0.251094	0.201411	0.839176	0.0	0.0	0.0		1	0.0	0.0	0.0	1.0	1.0	1.0
PHF21A	0.254533	0.206198	0.857669	0.0	0.0	0.0		1	0.0	0.0	0.0	1.0	1.0	1.0
PHF6	0.170375	0.204764	0.790552	0.0	0.0	0.0	PF13771	0	-0.01736600000000002	0.04556833333333332	-0.06744533333333336	0.0	0.0	0.0
PHF8	0.280264	0.284956	0.818354	0.0	0.0	0.0		1	0.0	0.0	0.0	1.0	1.0	1.0
PHGDH	0.656345	0.466909	0.357849	0.0	0.0	0.0	PF00389	0	-0.010724500000000026	-0.07446649999999999	0.012807499999999972	0.0	0.0	0.0
PHIP	0.26132	0.312408	0.809112	0.0	0.0	0.0	PF00439	0	0.03981950000000001	0.0315995	-0.035983833333333215	0.0	0.0	0.0
PHKG2	0.707088	0.819846	0.261866	0.0	0.0	0.0	PF00069	0	0.14678979166666672	0.23873662500000004	-0.25573074999999995	0.0	0.0	0.0
PHOX2A	0.675815	0.496054	0.662613	0.0	0.0	0.0		1	0.0	0.0	0.0	1.0	1.0	1.0
PHOX2B	0.412138	0.282512	0.867321	0.0	0.0	0.0	PF00046	0	-0.18565411764705886	-0.12742752941176472	0.20929117647058826	0.0	0.0	0.0
PHYH	0.587677	0.516483	0.385609	0.0	0.0	0.0	PF05721	1	0.0	0.0	0.0	1.0	1.0	1.0
PI4KA	0.6429	0.608305	0.381183	0.0	0.0	0.0	PF00454	0	0.20542466666666664	0.09490633333333331	-0.18239033333333338	0.0	0.0	0.0
PIBF1	0.791377	0.67875	0.265291999999999	0.0	0.0	0.0		1	0.0	0.0	0.0	1.0	1.0	1.0
PIDD1	0.602844	0.715265	0.304909	0.0	0.0	0.0	PF00531	0	0.011039666666666781	0.010512333333333346	-0.007468666666666679	0.0	0.0	0.0
PIEZO1	0.733662	0.833117	0.242942	0.0	0.0	0.0	PF12166	0	0.004369500000000026	0.02270150000000004	-0.021704	0.0	0.0	0.0
PIEZO2	0.724923	0.787714	0.28635	0.0	0.0	0.0	PF12166	0	-0.004369500000000026	-0.02270149999999993	0.021704	0.0	0.0	0.0
PIGA	0.447863	0.438983	0.641722	0.0	0.0	0.0	PF00534	0	-0.06652849999999999	-0.03831849999999998	0.1347465	0.0	0.0	0.0
PIGB	0.710263	0.504866	0.31942	0.0	0.0	0.0	PF03901	0	0.0444739999999999	-0.036546666666666616	0.003975333333333331	0.0	0.0	0.0
PIGG	0.606614	0.547392	0.377448	0.0	0.0	0.0	PF01663	0	-0.04720800000000003	-0.0008710000000000662	0.02619633333333332	0.0	0.0	0.0
PIGH	0.521403	0.571333	0.329487	0.0	0.0	0.0	PF10181	1	0.0	0.0	0.0	1.0	1.0	1.0
PIGK	0.686193	0.603279	0.268811	0.0	0.0	0.0	PF01650	1	0.0	0.0	0.0	1.0	1.0	1.0
PIGL	0.647745	0.485995	0.345892	0.0	0.0	0.0	PF02585	1	0.0	0.0	0.0	1.0	1.0	1.0
PIGN	0.64831	0.531942	0.385644	0.0	0.0	0.0	PF01663	0	-0.005511999999999961	-0.01632100000000003	0.0343923333333333	0.0	0.0	0.0
PIGO	0.706542	0.565455	0.290663	0.0	0.0	0.0	PF01663	0	0.05271999999999999	0.017191999999999985	-0.06058866666666668	0.0	0.0	0.0
PIGS	0.571983	0.354457	0.361436	0.0	0.0	0.0	PF10510	1	0.0	0.0	0.0	1.0	1.0	1.0
PIGV	0.672484	0.510332	0.29173	0.0	0.0	0.0	PF04188	1	0.0	0.0	0.0	1.0	1.0	1.0
PIK3CA	0.305026	0.474265	0.689374	0.0	0.0	0.0	PF00454	0	-0.13244933333333336	-0.03913366666666668	0.12580066666666667	0.0	0.0	0.0
PIK3CD	0.3645	0.457626	0.620163	0.0	0.0	0.0	PF00454	0	-0.07297533333333339	-0.05577266666666669	0.05658966666666665	0.0	0.0	0.0
PIK3R2	0.644367	0.720953	0.308441	0.0	0.0	0.0	PF16454	1	0.0	0.0	0.0	1.0	1.0	1.0
PIKFYVE	0.568703	0.464291	0.432305	0.0	0.0	0.0	PF00118	0	-0.017819199999999924	-0.02820000000000006	0.012589399999999917	0.0	0.0	0.0
PITX1	0.516343	0.267729	0.80903	0.0	0.0	0.0	PF00046	0	-0.08144911764705887	-0.1422105294117647	0.15100017647058828	0.0	0.0	0.0
PITX2	0.596071	0.263399	0.809088	0.0	0.0	0.0	PF00046	0	-0.0017211176470588452	-0.1465405294117647	0.15105817647058828	0.0	0.0	0.0
PITX3	0.584811	0.35086	0.739128	0.0	0.0	0.0		1	0.0	0.0	0.0	1.0	1.0	1.0
PJVK	0.591398	0.55144	0.263879	0.0	0.0	0.0	PF04598	1	0.0	0.0	0.0	1.0	1.0	1.0
PKD1	0.41216	0.600948	0.593636	0.0	0.0	0.0	PF00059	0	-0.047504999999999964	0.045182500000000014	0.03096549999999998	0.0	0.0	0.0
PKD1L1	0.714528	0.646244	0.283221	0.0	0.0	0.0		1	0.0	0.0	0.0	1.0	1.0	1.0
PKD2	0.763173	0.84501	0.252225	0.0	0.0	0.0	PF18109	1	0.0	0.0	0.0	1.0	1.0	1.0
PKHD1	0.666312	0.514882	0.366004	0.0	0.0	0.0	PF13229	0	0.21019949999999998	0.0646835	-0.23134349999999992	0.0	0.0	0.0
PKP1	0.749747	0.566142	0.403579	0.0	0.0	0.0		1	0.0	0.0	0.0	1.0	1.0	1.0
PKP2	0.622382	0.566633	0.538036	0.0	0.0	0.0		1	0.0	0.0	0.0	1.0	1.0	1.0
PLA2G4A	0.556791	0.64778	0.275633	0.0	0.0	0.0	PF00168	0	-0.0038312857142857037	0.06841435714285715	-0.2012775714285714	0.0	0.0	0.0
PLA2G5	0.69762	0.573315	0.151134	0.0	0.0	0.0		1	0.0	0.0	0.0	1.0	1.0	1.0
PLA2G6	0.664547	0.673902	0.274066	0.0	0.0	0.0	PF00023	0	0.10576518181818184	0.01204327272727257	-0.16473300000000002	0.0	0.0	0.0
PLA2G7	0.654321	0.561253	0.337562	0.0	0.0	0.0	PF03403	1	0.0	0.0	0.0	1.0	1.0	1.0
PLAA	0.576167	0.365654	0.442781	0.0	0.0	0.0	PF09070	1	0.0	0.0	0.0	1.0	1.0	1.0
PLCB1	0.393427	0.518625	0.600365	0.0	0.0	0.0	PF17787	1	0.0	0.0	0.0	1.0	1.0	1.0
PLCE1	0.619899	0.589756	0.434026	0.0	0.0	0.0	PF00168	0	0.05927671428571424	0.010390357142857076	-0.04288457142857138	0.0	0.0	0.0
PLCG2	0.391203	0.52286	0.558395	0.0	0.0	0.0	PF00168	0	-0.16941928571428572	-0.05650564285714288	0.08148442857142857	0.0	0.0	0.0
PLD1	0.675653	0.704036	0.300826	0.0	0.0	0.0	PF00169	0	0.1084132499999999	0.04678950000000004	-0.22345275000000003	0.0	0.0	0.0
PLEC	0.78703	0.785595	0.211765	0.0	0.0	0.0		1	0.0	0.0	0.0	1.0	1.0	1.0
PLG	0.613697	0.601364	0.255649	0.0	0.0	0.0	PF00051	1	0.0	0.0	0.0	1.0	1.0	1.0
PLK4	0.702491	0.436312	0.40761	0.0	0.0	0.0		1	0.0	0.0	0.0	1.0	1.0	1.0
PLOD1	0.612441	0.591072	0.275142	0.0	0.0	0.0	PF03171	0	0.02889799999999998	-0.006065999999999905	-0.007714500000000013	0.0	0.0	0.0
PLOD2	0.596518	0.522922	0.29138	0.0	0.0	0.0		1	0.0	0.0	0.0	1.0	1.0	1.0
PLOD3	0.554645	0.603204	0.290571	0.0	0.0	0.0	PF03171	0	-0.02889799999999998	0.006066000000000016	0.007714500000000013	0.0	0.0	0.0
PLP1	0.447829	0.593623	0.626139	0.0	0.0	0.0	PF01275	1	0.0	0.0	0.0	1.0	1.0	1.0
PLPBP	0.629588	0.440538	0.333474	0.0	0.0	0.0	PF01168	1	0.0	0.0	0.0	1.0	1.0	1.0
PLS3	0.278867	0.673982	0.54301	0.0	0.0	0.0		1	0.0	0.0	0.0	1.0	1.0	1.0
PMM2	0.660256	0.525598	0.29908	0.0	0.0	0.0	PF03332	1	0.0	0.0	0.0	1.0	1.0	1.0
PMS2	0.67394	0.349146	0.471414	0.0	0.0	0.0	PF01119	0	-0.007256499999999999	-0.08107950000000003	0.05856450000000002	0.0	0.0	0.0
PNKP	0.603463	0.463704	0.333764	0.0	0.0	0.0	PF13671	0	0.2207015	0.1069215	-0.25540500000000005	0.0	0.0	0.0
PNLIP	0.817698	0.822318	0.027125	0.0	0.0	0.0	PF00151	0	0.11471000000000009	0.16535	-0.15616449999999998	0.0	0.0	0.0
PNP	0.760442	0.539156	0.277524	0.0	0.0	0.0	PF01048	1	0.0	0.0	0.0	1.0	1.0	1.0
PNPLA2	0.653082	0.809345	0.309333	0.0	0.0	0.0	PF01734	0	-0.012180999999999997	0.107688	-0.03512399999999999	0.0	0.0	0.0
PNPLA6	0.700453	0.752474	0.331847	0.0	0.0	0.0		1	0.0	0.0	0.0	1.0	1.0	1.0
PNPLA8	0.677444	0.593969	0.379581	0.0	0.0	0.0	PF01734	0	0.012180999999999997	-0.107688	0.03512399999999999	0.0	0.0	0.0
PNPO	0.501822	0.428935	0.405555	0.0	0.0	0.0	PF10590	1	0.0	0.0	0.0	1.0	1.0	1.0
PNPT1	0.606826	0.534824	0.415237	0.0	0.0	0.0	PF00013	0	0.176149	0.14465299999999998	-0.22105550000000002	0.0	0.0	0.0
POC1A	0.768946	0.631507	0.356219	0.0	0.0	0.0	PF00400	0	0.09768862500000008	0.11543512500000008	-0.04249474999999997	0.0	0.0	0.0
POC1B	0.757687	0.633272	0.332016	0.0	0.0	0.0	PF00400	0	0.08642962500000007	0.11720012499999999	-0.06669775	0.0	0.0	0.0
POGZ	0.16864	0.180728	0.837405	0.0	0.0	0.0	PF03184	1	0.0	0.0	0.0	1.0	1.0	1.0
POLA1	0.265441	0.219089	0.7226	0.0	0.0	0.0	PF12254	1	0.0	0.0	0.0	1.0	1.0	1.0
POLE	0.623118	0.401931	0.341706	0.0	0.0	0.0	PF03104	1	0.0	0.0	0.0	1.0	1.0	1.0
POLG	0.533044	0.458359	0.322932	0.0	0.0	0.0	PF18136	1	0.0	0.0	0.0	1.0	1.0	1.0
POLH	0.704609	0.346743	0.346585	0.0	0.0	0.0		1	0.0	0.0	0.0	1.0	1.0	1.0
POLR1A	0.371443	0.271307	0.627927	0.0	0.0	0.0	PF04997	0	-0.15618749999999998	-0.10202450000000002	0.1365455	0.0	0.0	0.0
POLR1C	0.508476	0.39162	0.414314	0.0	0.0	0.0	PF01000	1	0.0	0.0	0.0	1.0	1.0	1.0
POLR1D	0.597859	0.404575	0.384168	0.0	0.0	0.0	PF13656	1	0.0	0.0	0.0	1.0	1.0	1.0
POLR3A	0.683818	0.475356	0.354836	0.0	0.0	0.0	PF04997	0	0.15618750000000003	0.10202449999999996	-0.13654550000000004	0.0	0.0	0.0
POLR3B	0.695697	0.490597	0.416023	0.0	0.0	0.0	PF04563	1	0.0	0.0	0.0	1.0	1.0	1.0
POMGNT1	0.495609	0.437162	0.408735	0.0	0.0	0.0	PF03071	1	0.0	0.0	0.0	1.0	1.0	1.0
POMGNT2	0.58097	0.564663	0.31151	0.0	0.0	0.0	PF04577	0	-0.014725499999999947	-0.01525399999999999	0.02815000000000001	0.0	0.0	0.0
POMK	0.535655	0.689635	0.405886	0.0	0.0	0.0	PF07714	0	-0.02734800000000004	0.00032866666666653277	-0.08474049999999989	0.0	0.0	0.0
POMT1	0.63085	0.46013	0.381026	0.0	0.0	0.0	PF02815	0	-0.017011	-0.042527499999999996	0.025827500000000003	0.0	0.0	0.0
POMT2	0.664872	0.545185	0.329371	0.0	0.0	0.0	PF02815	0	0.017011	0.04252750000000005	-0.025827499999999948	0.0	0.0	0.0
POP1	0.540102	0.254076	0.507034	0.0	0.0	0.0	PF22770	1	0.0	0.0	0.0	1.0	1.0	1.0
POR	0.556729	0.696033	0.286727	0.0	0.0	0.0	PF00667	0	-0.03056749999999997	-0.014068999999999998	0.009203499999999976	0.0	0.0	0.0
PORCN	0.418862	0.602284	0.59053	0.0	0.0	0.0	PF03062	0	-0.170753	-0.0835906666666667	0.18694866666666665	0.0	0.0	0.0
POU1F1	0.728903	0.501181	0.477332	0.0	0.0	0.0	PF00046	0	0.1311108823529411	0.09124147058823528	-0.18069782352941177	0.0	0.0	0.0
POU3F3	0.324977	0.306046	0.898696	0.0	0.0	0.0	PF00046	0	-0.27281511764705885	-0.10389352941176472	0.2406661764705883	0.0	0.0	0.0
POU4F1	0.419127	0.270966	0.872699	0.0	0.0	0.0	PF00046	0	-0.17866511764705884	-0.13897352941176472	0.21466917647058825	0.0	0.0	0.0
PPARG	0.717774	0.599732	0.405416	0.0	0.0	0.0	PF00104	0	0.25133146153846153	0.21105046153846163	-0.2406785384615383	0.0	0.0	0.0
PPCS	0.715453	0.458447	0.222314	0.0	0.0	0.0	PF04127	1	0.0	0.0	0.0	1.0	1.0	1.0
PPIB	0.701802	0.663821	0.342485	0.0	0.0	0.0	PF00160	1	0.0	0.0	0.0	1.0	1.0	1.0
PPIL1	0.768118	0.693576	0.274326	0.0	0.0	0.0		1	0.0	0.0	0.0	1.0	1.0	1.0
PPM1D	0.522771	0.577556	0.564166	0.0	0.0	0.0		1	0.0	0.0	0.0	1.0	1.0	1.0
PPP1R12A	0.341985	0.399109	0.822245	0.0	0.0	0.0		1	0.0	0.0	0.0	1.0	1.0	1.0
PPP1R13L	0.644029	0.637797	0.453068	0.0	0.0	0.0		1	0.0	0.0	0.0	1.0	1.0	1.0
PPP1R15B	0.61604	0.628092	0.398785	0.0	0.0	0.0	PF10472	1	0.0	0.0	0.0	1.0	1.0	1.0
PPP1R21	0.703634	0.522734	0.405219	0.0	0.0	0.0	PF10205	1	0.0	0.0	0.0	1.0	1.0	1.0
PPP2CA	0.45103	0.428867	0.673972	0.0	0.0	0.0	PF00149	0	-0.07838549999999994	-0.03811650000000005	0.14744475	0.0	0.0	0.0
PPP2R1A	0.543827	0.541039	0.586596	0.0	0.0	0.0	PF02985	0	0.03498749999999995	0.0006085000000000118	0.12381249999999999	0.0	0.0	0.0
PPP2R5D	0.454191	0.329943	0.696906	0.0	0.0	0.0	PF01603	1	0.0	0.0	0.0	1.0	1.0	1.0
PPP3CA	0.304621	0.472949	0.729445	0.0	0.0	0.0	PF00149	0	-0.22479449999999995	0.005965499999999957	0.20291775	0.0	0.0	0.0
PPT1	0.649108	0.562388	0.233053	0.0	0.0	0.0	PF02089	1	0.0	0.0	0.0	1.0	1.0	1.0
PQBP1	0.351713	0.469301	0.733634	0.0	0.0	0.0		1	0.0	0.0	0.0	1.0	1.0	1.0
PRCD	0.687395	0.802892	0.267336	0.0	0.0	0.0	PF15201	1	0.0	0.0	0.0	1.0	1.0	1.0
PRDM12	0.424361	0.455293	0.72684	0.0	0.0	0.0	PF21549	0	-0.11167499999999997	-0.037612000000000034	0.19051450000000003	0.0	0.0	0.0
PRDM5	0.679118	0.632898	0.347495	0.0	0.0	0.0		1	0.0	0.0	0.0	1.0	1.0	1.0
PREPL	0.612876	0.549818	0.353761	0.0	0.0	0.0		1	0.0	0.0	0.0	1.0	1.0	1.0
PRIM1	0.627052	0.286172	0.331313	0.0	0.0	0.0	PF01896	1	0.0	0.0	0.0	1.0	1.0	1.0
PRKAR1A	0.34237	0.466964	0.721987	0.0	0.0	0.0	PF00027	0	-0.2529913333333333	-0.24917416666666664	0.1937700000000001	0.0	0.0	0.0
PRKDC	0.25514	0.193758	0.7192	0.0	0.0	0.0	PF20500	1	0.0	0.0	0.0	1.0	1.0	1.0
PRKN	0.513612	0.529202	0.366577	0.0	0.0	0.0	PF22605	1	0.0	0.0	0.0	1.0	1.0	1.0
PRMT7	0.498804	0.541934	0.328074	0.0	0.0	0.0	PF06325	1	0.0	0.0	0.0	1.0	1.0	1.0
PRNP	0.714674	0.646043	0.314151	0.0	0.0	0.0	PF00377	1	0.0	0.0	0.0	1.0	1.0	1.0
PROM1	0.664951	0.686883	0.247386	0.0	0.0	0.0	PF05478	1	0.0	0.0	0.0	1.0	1.0	1.0
PROP1	0.710942	0.506558	0.494277	0.0	0.0	0.0	PF00046	0	0.1131498823529411	0.09661847058823525	-0.16375282352941173	0.0	0.0	0.0
PRPF31	0.409296	0.286266	0.662053	0.0	0.0	0.0	PF01798	1	0.0	0.0	0.0	1.0	1.0	1.0
PRPF4	0.367549	0.342467	0.710132	0.0	0.0	0.0	PF08799	1	0.0	0.0	0.0	1.0	1.0	1.0
PRPH2	0.753818	0.753423	0.211612	0.0	0.0	0.0	PF00335	0	0.07250449999999997	-0.0057555000000000245	-0.031219000000000025	0.0	0.0	0.0
PRPS1	0.433189	0.490806	0.669254	0.0	0.0	0.0	PF14572	1	0.0	0.0	0.0	1.0	1.0	1.0
PRR12	0.144457	0.247176	0.904622	0.0	0.0	0.0		1	0.0	0.0	0.0	1.0	1.0	1.0
PRRT2	0.515493	0.682829	0.477119	0.0	0.0	0.0	PF04505	1	0.0	0.0	0.0	1.0	1.0	1.0
PRSS1	0.783589	0.727895	0.110833	0.0	0.0	0.0	PF00089	0	0.05814433333333324	0.009960999999999887	-0.11907833333333333	0.0	0.0	0.0
PRSS12	0.585534	0.585024	0.443089	0.0	0.0	0.0		1	0.0	0.0	0.0	1.0	1.0	1.0
PRSS56	0.621859	0.682208	0.366131	0.0	0.0	0.0	PF00089	0	-0.10358566666666669	-0.035726000000000036	0.13621966666666666	0.0	0.0	0.0
PRUNE1	0.633163	0.589608	0.289338	0.0	0.0	0.0	PF01368	1	0.0	0.0	0.0	1.0	1.0	1.0
PSAP	0.5434	0.665381	0.471381	0.0	0.0	0.0	PF02199	1	0.0	0.0	0.0	1.0	1.0	1.0
PSAT1	0.612809	0.443876	0.365066	0.0	0.0	0.0	PF00266	0	-0.06317950000000006	-0.06241199999999997	0.028741499999999975	0.0	0.0	0.0
PSEN1	0.537399	0.591457	0.488819	0.0	0.0	0.0	PF01080	0	-0.109603	-0.07318250000000004	0.13001200000000002	0.0	0.0	0.0
PSEN2	0.756605	0.737822	0.228795	0.0	0.0	0.0	PF01080	0	0.109603	0.07318249999999993	-0.130012	0.0	0.0	0.0
PSMB8	0.806656	0.519125	0.271186	0.0	0.0	0.0	PF00227	0	0.014134000000000091	-0.08213800000000004	0.013513500000000012	0.0	0.0	0.0
PSMB9	0.778388	0.683401	0.244159	0.0	0.0	0.0	PF00227	0	-0.01413399999999998	0.08213800000000004	-0.013513499999999984	0.0	0.0	0.0
PSPH	0.756456	0.673906	0.206866	0.0	0.0	0.0	PF00702	0	0.186423	0.261953	-0.27669499999999997	0.0	0.0	0.0
PSTPIP1	0.732732	0.626353	0.259649	0.0	0.0	0.0	PF00611	1	0.0	0.0	0.0	1.0	1.0	1.0
PTCH1	0.420626	0.594707	0.620821	0.0	0.0	0.0	PF12349	1	0.0	0.0	0.0	1.0	1.0	1.0
PTCHD1	0.431126	0.54054	0.625543	0.0	0.0	0.0		1	0.0	0.0	0.0	1.0	1.0	1.0
PTDSS1	0.670098	0.668153	0.347668	0.0	0.0	0.0	PF03034	1	0.0	0.0	0.0	1.0	1.0	1.0
PTEN	0.688566	0.645967	0.37324	0.0	0.0	0.0	PF10409	0	0.16147599999999995	0.12221149999999992	-0.1350865	0.0	0.0	0.0
PTF1A	0.603065	0.404439	0.579327	0.0	0.0	0.0		1	0.0	0.0	0.0	1.0	1.0	1.0
PTH	0.75145	0.657217	0.261564	0.0	0.0	0.0	PF01279	0	0.17194849999999995	0.11497650000000004	-0.21535899999999997	0.0	0.0	0.0
PTH1R	0.727102	0.779919	0.38313	0.0	0.0	0.0	PF00002	0	-0.025687499999999974	0.05093000000000003	0.09401000000000004	0.0	0.0	0.0
PTHLH	0.407553	0.427264	0.692282	0.0	0.0	0.0	PF01279	0	-0.1719485	-0.11497650000000004	0.21535899999999997	0.0	0.0	0.0
PTPN11	0.47051	0.646744	0.598513	0.0	0.0	0.0	PF00017	0	-0.008192500000000047	0.05218349999999994	0.07020124999999999	0.0	0.0	0.0
PTPN14	0.681949	0.644885	0.369304	0.0	0.0	0.0		1	0.0	0.0	0.0	1.0	1.0	1.0
PTPN23	0.611984	0.622735	0.304093	0.0	0.0	0.0	PF13949	1	0.0	0.0	0.0	1.0	1.0	1.0
PTPRQ	0.778022	0.714698	0.25181	0.0	0.0	0.0		1	0.0	0.0	0.0	1.0	1.0	1.0
PTRH2	0.644012	0.254063	0.404234	0.0	0.0	0.0	PF01981	1	0.0	0.0	0.0	1.0	1.0	1.0
PTS	0.697223	0.484448	0.426922	0.0	0.0	0.0	PF01242	1	0.0	0.0	0.0	1.0	1.0	1.0
PUF60	0.315317	0.44203	0.782224	0.0	0.0	0.0	PF00076	0	-0.1503945	0.03073916666666665	0.12138033333333331	0.0	0.0	0.0
PURA	0.322835	0.378491	0.825551	0.0	0.0	0.0	PF04845	1	0.0	0.0	0.0	1.0	1.0	1.0
PUS1	0.653168	0.580314	0.363789	0.0	0.0	0.0	PF01416	1	0.0	0.0	0.0	1.0	1.0	1.0
PUS3	0.621391	0.543463	0.382582	0.0	0.0	0.0		1	0.0	0.0	0.0	1.0	1.0	1.0
PUS7	0.54553	0.27324	0.422909	0.0	0.0	0.0	PF01142	1	0.0	0.0	0.0	1.0	1.0	1.0
PXDN	0.693656	0.597002	0.306707	0.0	0.0	0.0	PF03098	0	0.07938766666666675	-0.03524299999999991	-0.04091266666666665	0.0	0.0	0.0
PYCR1	0.72137	0.599693	0.350128	0.0	0.0	0.0	PF03807	0	-0.014249999999999985	-0.022123499999999963	0.013175500000000007	0.0	0.0	0.0
PYCR2	0.74987	0.64394	0.323777	0.0	0.0	0.0	PF03807	0	0.014250000000000096	0.022123499999999963	-0.013175500000000007	0.0	0.0	0.0
PYGL	0.595103	0.563281	0.4075	0.0	0.0	0.0	PF00343	0	-0.04668899999999998	-0.066465	0.060226	0.0	0.0	0.0
PYGM	0.688481	0.696211	0.287048	0.0	0.0	0.0	PF00343	0	0.04668899999999998	0.066465	-0.060225999999999946	0.0	0.0	0.0
PYROXD1	0.701646	0.608401	0.262467	0.0	0.0	0.0	PF07992	0	-0.004538000000000042	-0.05964199999999997	-0.05776533333333328	0.0	0.0	0.0
QDPR	0.726257	0.567727	0.250115	0.0	0.0	0.0	PF00106	0	-0.02531612499999991	-0.03494475000000008	-0.006871000000000016	0.0	0.0	0.0
QRICH1	0.237386	0.248519	0.767225	0.0	0.0	0.0	PF12012	1	0.0	0.0	0.0	1.0	1.0	1.0
RAB11B	0.761568	0.684191	0.366538	0.0	0.0	0.0	PF00071	0	0.04826730769230769	-0.046812846153846066	-0.04365430769230777	0.0	0.0	0.0
RAB18	0.617264	0.689239	0.477322	0.0	0.0	0.0	PF00071	0	-0.0960366923076923	-0.041764846153846014	0.06712969230769228	0.0	0.0	0.0
RAB23	0.837976	0.804329	0.216593	0.0	0.0	0.0	PF00071	0	0.12467530769230772	0.0733251538461539	-0.19359930769230774	0.0	0.0	0.0
RAB27A	0.763854	0.764086	0.278259	0.0	0.0	0.0	PF00071	0	0.0505533076923077	0.03308215384615398	-0.13193330769230777	0.0	0.0	0.0
RAB28	0.857208	0.825105	0.195874	0.0	0.0	0.0		1	0.0	0.0	0.0	1.0	1.0	1.0
RAB33B	0.735296	0.741859	0.384399	0.0	0.0	0.0	PF00071	0	0.02199530769230762	0.010855153846153986	-0.025793307692307754	0.0	0.0	0.0
RAB39B	0.572582	0.687708	0.529393	0.0	0.0	0.0	PF00071	0	-0.1407186923076923	-0.043295846153846074	0.11920069230769226	0.0	0.0	0.0
RAB3GAP1	0.503321	0.506277	0.425706	0.0	0.0	0.0	PF19533	1	0.0	0.0	0.0	1.0	1.0	1.0
RAB3GAP2	0.309661	0.299045	0.754861	0.0	0.0	0.0	PF14656	1	0.0	0.0	0.0	1.0	1.0	1.0
RAD21	0.307418	0.207793	0.782223	0.0	0.0	0.0	PF04824	1	0.0	0.0	0.0	1.0	1.0	1.0
RAD51	0.768267	0.444063	0.294661	0.0	0.0	0.0	PF14520	0	0.04352350000000005	0.04744999999999999	-0.028396000000000032	0.0	0.0	0.0
RAD51C	0.63186	0.455046	0.400387	0.0	0.0	0.0		1	0.0	0.0	0.0	1.0	1.0	1.0
RAD51D	0.738867	0.522142	0.314408	0.0	0.0	0.0		1	0.0	0.0	0.0	1.0	1.0	1.0
RAF1	0.497301	0.508391	0.717757	0.0	0.0	0.0	PF00130	0	-0.05763633333333329	-0.1099405	0.19365149999999998	0.0	0.0	0.0
RAG1	0.668032	0.389904	0.517707	0.0	0.0	0.0	PF12940	1	0.0	0.0	0.0	1.0	1.0	1.0
RAG2	0.61992	0.529373	0.457008	0.0	0.0	0.0	PF03089	1	0.0	0.0	0.0	1.0	1.0	1.0
RAI1	0.226428	0.184067	0.87385	0.0	0.0	0.0	PF13771	0	0.03868699999999997	0.02487133333333333	0.015852666666666626	0.0	0.0	0.0
RALGAPA1	0.365111	0.485831	0.691382	0.0	0.0	0.0		1	0.0	0.0	0.0	1.0	1.0	1.0
RAPSN	0.769666	0.755082	0.205473	0.0	0.0	0.0	PF10579	1	0.0	0.0	0.0	1.0	1.0	1.0
RARB	0.289855	0.324422	0.824919	0.0	0.0	0.0		1	0.0	0.0	0.0	1.0	1.0	1.0
RARS1	0.669536	0.631806	0.325697	0.0	0.0	0.0	PF03485	1	0.0	0.0	0.0	1.0	1.0	1.0
RARS2	0.677731	0.618868	0.285516	0.0	0.0	0.0	PF05746	1	0.0	0.0	0.0	1.0	1.0	1.0
RASA1	0.383447	0.507508	0.697292	0.0	0.0	0.0	PF00168	0	-0.17717528571428576	-0.07185764285714291	0.22038142857142862	0.0	0.0	0.0
RASGRP1	0.475079	0.609503	0.58386	0.0	0.0	0.0	PF00130	0	-0.07985833333333331	-0.008828500000000017	0.059754500000000044	0.0	0.0	0.0
RASGRP2	0.591623	0.68287	0.364846	0.0	0.0	0.0	PF00130	0	0.03668566666666673	0.06453849999999994	-0.1592595	0.0	0.0	0.0
RAX	0.715777	0.477136	0.556499	0.0	0.0	0.0	PF00046	0	0.11798488235294113	0.0671964705882353	-0.10153082352941178	0.0	0.0	0.0
RAX2	0.757064	0.658163	0.449165	0.0	0.0	0.0	PF00046	0	0.1592718823529411	0.24822347058823535	-0.20886482352941177	0.0	0.0	0.0
RB1	0.288656	0.248996	0.783263	0.0	0.0	0.0	PF11934	1	0.0	0.0	0.0	1.0	1.0	1.0
RBCK1	0.541598	0.663784	0.300379	0.0	0.0	0.0		1	0.0	0.0	0.0	1.0	1.0	1.0
RBM10	0.237321	0.290144	0.830412	0.0	0.0	0.0		1	0.0	0.0	0.0	1.0	1.0	1.0
RBM28	0.709763	0.483402	0.339322	0.0	0.0	0.0	PF00076	0	0.24405150000000003	0.07211116666666667	-0.3215216666666667	0.0	0.0	0.0
RBM8A	0.544429	0.39989	0.593139	0.0	0.0	0.0		1	0.0	0.0	0.0	1.0	1.0	1.0
RBP3	0.737894	0.710107	0.249422	0.0	0.0	0.0	PF03572	1	0.0	0.0	0.0	1.0	1.0	1.0
RBP4	0.03136	0.499707	0.279747	0.0	0.0	0.0	PF00061	1	0.0	0.0	0.0	1.0	1.0	1.0
RCBTB1	0.703381	0.643282	0.319059	0.0	0.0	0.0		1	0.0	0.0	0.0	1.0	1.0	1.0
RD3	0.667598	0.785914	0.359214	0.0	0.0	0.0		1	0.0	0.0	0.0	1.0	1.0	1.0
RDH12	0.766791	0.558373	0.280215	0.0	0.0	0.0	PF00106	0	0.015217875000000047	-0.04429875000000005	0.023229	0.0	0.0	0.0
RDH5	0.790963	0.623085	0.246813	0.0	0.0	0.0	PF00106	0	0.03938987500000002	0.02041324999999994	-0.010172999999999988	0.0	0.0	0.0
RECQL4	0.565035	0.455356	0.427906	0.0	0.0	0.0	PF00270	0	0.004649624999999991	0.03747437499999995	-0.060170500000000016	0.0	0.0	0.0
REEP6	0.776266	0.773541	0.265432	0.0	0.0	0.0	PF03134	1	0.0	0.0	0.0	1.0	1.0	1.0
RELN	0.321594	0.382804	0.710767	0.0	0.0	0.0	PF07974	0	-0.1858256666666666	-0.18543199999999999	0.20455466666666666	0.0	0.0	0.0
RERE	0.157019	0.148468	0.913998	0.0	0.0	0.0	PF03154	1	0.0	0.0	0.0	1.0	1.0	1.0
RET	0.443886	0.614501	0.551271	0.0	0.0	0.0	PF00028	0	-0.15468257142857145	-0.03506857142857145	0.05538099999999996	0.0	0.0	0.0
RETREG1	0.604692	0.598885	0.331991	0.0	0.0	0.0		1	0.0	0.0	0.0	1.0	1.0	1.0
RFT1	0.666637	0.624161	0.332406	0.0	0.0	0.0	PF04506	1	0.0	0.0	0.0	1.0	1.0	1.0
RFWD3	0.607032	0.377489	0.395063	0.0	0.0	0.0	PF23419	1	0.0	0.0	0.0	1.0	1.0	1.0
RFX3	0.309038	0.326506	0.770813	0.0	0.0	0.0		1	0.0	0.0	0.0	1.0	1.0	1.0
RFX6	0.639527	0.422519	0.435552	0.0	0.0	0.0		1	0.0	0.0	0.0	1.0	1.0	1.0
RFXANK	0.661772	0.758099	0.24969	0.0	0.0	0.0	PF00023	0	0.10299018181818187	0.09624027272727254	-0.189109	0.0	0.0	0.0
RGS9	0.741284	0.75309	0.352449	0.0	0.0	0.0	PF00610	1	0.0	0.0	0.0	1.0	1.0	1.0
RGS9BP	0.673897	0.584218	0.307477	0.0	0.0	0.0		1	0.0	0.0	0.0	1.0	1.0	1.0
RHBDF2	0.684478	0.703206	0.353508	0.0	0.0	0.0		1	0.0	0.0	0.0	1.0	1.0	1.0
RHO	0.798854	0.813015	0.20987	0.0	0.0	0.0	PF00001	0	0.08372475000000001	0.06107024999999999	-0.10978900000000003	0.0	0.0	0.0
RIMS2	0.493365	0.517887	0.756766	0.0	0.0	0.0		1	0.0	0.0	0.0	1.0	1.0	1.0
RIN2	0.664695	0.600734	0.337242	0.0	0.0	0.0		1	0.0	0.0	0.0	1.0	1.0	1.0
RINT1	0.583993	0.581033	0.304115	0.0	0.0	0.0	PF04437	1	0.0	0.0	0.0	1.0	1.0	1.0
RIPK4	0.675951	0.736569	0.332592	0.0	0.0	0.0	PF12796	0	0.14789445454545458	0.15822227272727274	-0.18376954545454538	0.0	0.0	0.0
RIT1	0.806469	0.717044	0.315896	0.0	0.0	0.0	PF00071	0	0.09316830769230766	-0.013959846153846045	-0.09429630769230773	0.0	0.0	0.0
RLBP1	0.589932	0.701497	0.20912	0.0	0.0	0.0	PF00650	0	-0.045359999999999956	-0.012830499999999967	0.005881999999999998	0.0	0.0	0.0
RMRP	0.622559	0.560552	0.372742	1.0	1.0	1.0		1	0.0	0.0	0.0	1.0	1.0	1.0
RNASEH1	0.74425	0.432223	0.324449	0.0	0.0	0.0	PF01693	1	0.0	0.0	0.0	1.0	1.0	1.0
RNASEH2A	0.638219	0.454639	0.296177	0.0	0.0	0.0	PF01351	1	0.0	0.0	0.0	1.0	1.0	1.0
RNASEH2B	0.51396	0.093039	0.501188	0.0	0.0	0.0	PF09468	1	0.0	0.0	0.0	1.0	1.0	1.0
RNASEH2C	0.528274	0.323817	0.402748	0.0	0.0	0.0	PF08615	1	0.0	0.0	0.0	1.0	1.0	1.0
RNASET2	0.528104	0.474734	0.266628	0.0	0.0	0.0	PF00445	1	0.0	0.0	0.0	1.0	1.0	1.0
RNF13	0.651825	0.685504	0.29121	0.0	0.0	0.0	PF02225	0	0.0008549999999999391	0.03947299999999998	0.003088000000000035	0.0	0.0	0.0
RNPC3	0.539617	0.417022	0.4815	0.0	0.0	0.0	PF00076	0	0.07390550000000001	0.005731166666666676	-0.17934366666666673	0.0	0.0	0.0
RNU4-2	0.622559	0.560552	0.372742	1.0	1.0	1.0		1	0.0	0.0	0.0	1.0	1.0	1.0
ROBO3	0.763528	0.730908	0.369086	0.0	0.0	0.0	PF00041	0	0.12919510000000012	0.05692850000000005	-0.06656419999999996	0.0	0.0	0.0
ROBO4	0.762088	0.778662	0.34261	0.0	0.0	0.0		1	0.0	0.0	0.0	1.0	1.0	1.0
ROGDI	0.565043	0.581263	0.515756	0.0	0.0	0.0		1	0.0	0.0	0.0	1.0	1.0	1.0
ROR1	0.445722	0.518882	0.627243	0.0	0.0	0.0	PF01392	0	-0.205664	-0.15064833333333338	0.23842566666666665	0.0	0.0	0.0
ROR2	0.765624	0.744057	0.26239	0.0	0.0	0.0	PF01392	0	0.11423799999999995	0.07452666666666663	-0.12642733333333334	0.0	0.0	0.0
RORA	0.515488	0.395763	0.57105	0.0	0.0	0.0	PF00104	0	0.049045461538461455	0.007081461538461564	-0.07504453846153836	0.0	0.0	0.0
RP1	0.695702	0.704253	0.356938	0.0	0.0	0.0	PF03607	0	0.07424875000000009	0.13032600000000005	-0.08638400000000002	0.0	0.0	0.0
RP1L1	0.546974	0.55968	0.392693	0.0	0.0	0.0	PF03607	0	-0.07447925	-0.01424700000000001	-0.05062899999999998	0.0	0.0	0.0
RP2	0.262219	0.235154	0.646067	0.0	0.0	0.0	PF07986	1	0.0	0.0	0.0	1.0	1.0	1.0
RPE65	0.559894	0.647711	0.405427	0.0	0.0	0.0	PF03055	1	0.0	0.0	0.0	1.0	1.0	1.0
RPGR	0.472603	0.472737	0.635263	0.0	0.0	0.0	PF25390	1	0.0	0.0	0.0	1.0	1.0	1.0
RPGRIP1	0.651626	0.612824	0.335206	0.0	0.0	0.0	PF00168	0	0.0910037142857143	0.033458357142857165	-0.1417045714285714	0.0	0.0	0.0
RPGRIP1L	0.52502	0.519616	0.47775	0.0	0.0	0.0	PF00168	0	-0.0356022857142857	-0.059749642857142904	0.0008394285714286021	0.0	0.0	0.0
RPIA	0.669311	0.515572	0.409203	0.0	0.0	0.0	PF06026	1	0.0	0.0	0.0	1.0	1.0	1.0
RPL11	0.309688	0.167768	0.798447	0.0	0.0	0.0		1	0.0	0.0	0.0	1.0	1.0	1.0
RPS17	0.642133	0.248061	0.517023	0.0	0.0	0.0	PF00833	1	0.0	0.0	0.0	1.0	1.0	1.0
RPS19	0.408297	0.197523	0.743818	0.0	0.0	0.0	PF01090	1	0.0	0.0	0.0	1.0	1.0	1.0
RPS24	0.388467	0.204421	0.750716	0.0	0.0	0.0	PF01282	1	0.0	0.0	0.0	1.0	1.0	1.0
RPS26	0.343343	0.168426	0.851683	0.0	0.0	0.0	PF01283	1	0.0	0.0	0.0	1.0	1.0	1.0
RPS6KA3	0.370005	0.515766	0.711184	0.0	0.0	0.0	PF00069	0	-0.19029320833333335	-0.06534337499999998	0.1935872500000001	0.0	0.0	0.0
RRAS	0.776159	0.775333	0.288822	0.0	0.0	0.0		1	0.0	0.0	0.0	1.0	1.0	1.0
RRAS2	0.581237	0.660269	0.558241	0.0	0.0	0.0	PF00071	0	-0.13206369230769233	-0.07073484615384606	0.14804869230769224	0.0	0.0	0.0
RRM2B	0.817956	0.758948	0.177491	0.0	0.0	0.0	PF00268	1	0.0	0.0	0.0	1.0	1.0	1.0
RS1	0.347933	0.509325	0.618598	0.0	0.0	0.0	PF00754	0	-0.15422050000000004	-0.058380499999999946	0.1726045	0.0	0.0	0.0
RSPH1	0.737068	0.633919	0.277302	0.0	0.0	0.0	PF02493	1	0.0	0.0	0.0	1.0	1.0	1.0
RSPH3	0.772713	0.664785	0.324821	0.0	0.0	0.0		1	0.0	0.0	0.0	1.0	1.0	1.0
RSPO2	0.671215	0.536159	0.352604	0.0	0.0	0.0	PF15913	0	0.016849000000000003	0.0021880000000000788	-0.035538000000000014	0.0	0.0	0.0
RSPO4	0.637517	0.531783	0.42368	0.0	0.0	0.0	PF15913	0	-0.016849000000000003	-0.0021879999999999677	0.035538000000000014	0.0	0.0	0.0
RSPRY1	0.279474	0.46381	0.675194	0.0	0.0	0.0	PF00622	1	0.0	0.0	0.0	1.0	1.0	1.0
RSRC1	0.731259	0.636627	0.486582	0.0	0.0	0.0		1	0.0	0.0	0.0	1.0	1.0	1.0
RTEL1	0.669865	0.512441	0.305773	0.0	0.0	0.0	PF23109	1	0.0	0.0	0.0	1.0	1.0	1.0
RTN4IP1	0.789883	0.663824	0.25579	0.0	0.0	0.0	PF08240	0	-0.005186000000000024	0.018226499999999923	-0.007430499999999951	0.0	0.0	0.0
RUNX1	0.518223	0.315402	0.769436	0.0	0.0	0.0		1	0.0	0.0	0.0	1.0	1.0	1.0
RUNX2	0.521305	0.265867	0.818092	0.0	0.0	0.0	PF00853	1	0.0	0.0	0.0	1.0	1.0	1.0
RXYLT1	0.609381	0.445026	0.353345	0.0	0.0	0.0	PF24785	1	0.0	0.0	0.0	1.0	1.0	1.0
RYR1	0.646242	0.679835	0.359712	0.0	0.0	0.0	PF08709	0	0.11564050000000003	0.030389999999999917	-0.13993649999999996	0.0	0.0	0.0
RYR2	0.450529	0.549727	0.634794	0.0	0.0	0.0	PF13499	0	-0.21427380000000001	-0.13294839999999997	0.21058679999999996	0.0	0.0	0.0
SACS	0.663103	0.507257	0.304193	0.0	0.0	0.0	PF05168	1	0.0	0.0	0.0	1.0	1.0	1.0
SAG	0.581678	0.508887	0.501519	0.0	0.0	0.0	PF02752	1	0.0	0.0	0.0	1.0	1.0	1.0
SALL1	0.32559	0.233527	0.833778	0.0	0.0	0.0		1	0.0	0.0	0.0	1.0	1.0	1.0
SALL4	0.280792	0.230723	0.849076	0.0	0.0	0.0	PF00096	0	-0.10531213333333339	-0.03828133333333328	0.04344786666666656	0.0	0.0	0.0
SAMD11	0.576396	0.468978	0.626679	0.0	0.0	0.0		1	0.0	0.0	0.0	1.0	1.0	1.0
SAMD9	0.530133	0.493227	0.34777	0.0	0.0	0.0	PF00536	1	0.0	0.0	0.0	1.0	1.0	1.0
SAMHD1	0.631778	0.618772	0.297371	0.0	0.0	0.0	PF01966	1	0.0	0.0	0.0	1.0	1.0	1.0
SAR1B	0.787822	0.731725	0.245596	0.0	0.0	0.0	PF00025	0	0.0020260000000000833	0.004179500000000003	-0.006932999999999995	0.0	0.0	0.0
SARS2	0.644101	0.473865	0.301712	0.0	0.0	0.0	PF00587	1	0.0	0.0	0.0	1.0	1.0	1.0
SASS6	0.712422	0.509136	0.347749	0.0	0.0	0.0	PF16531	1	0.0	0.0	0.0	1.0	1.0	1.0
SATB2	0.157054	0.237732	0.88411	0.0	0.0	0.0	PF02376	1	0.0	0.0	0.0	1.0	1.0	1.0
SBDS	0.677831	0.388167	0.361013	0.0	0.0	0.0	PF20268	1	0.0	0.0	0.0	1.0	1.0	1.0
SBF2	0.594672	0.485321	0.39903	0.0	0.0	0.0	PF02141	1	0.0	0.0	0.0	1.0	1.0	1.0
SCAF4	0.208883	0.261369	0.868725	0.0	0.0	0.0		1	0.0	0.0	0.0	1.0	1.0	1.0
SCAPER	0.554609	0.494442	0.460203	0.0	0.0	0.0		1	0.0	0.0	0.0	1.0	1.0	1.0
SCARB2	0.609615	0.620683	0.204249	0.0	0.0	0.0	PF01130	0	-0.010300500000000046	0.02359600000000006	-0.03528899999999999	0.0	0.0	0.0
SCARF2	0.328673	0.595532	0.730327	0.0	0.0	0.0		1	0.0	0.0	0.0	1.0	1.0	1.0
SCN10A	0.724885	0.798372	0.284635	0.0	0.0	0.0	PF00520	0	0.035593312500000085	-0.0023033749999999964	-0.11429699999999998	0.0	0.0	0.0
SCN11A	0.829961	0.792012	0.167161	0.0	0.0	0.0	PF00520	0	0.14066931250000003	-0.008663374999999918	-0.231771	0.0	0.0	0.0
SCN1A	0.535847	0.789524	0.528688	0.0	0.0	0.0	PF00520	0	-0.15344468749999995	-0.011151374999999963	0.12975600000000004	0.0	0.0	0.0
SCN2A	0.567214	0.803409	0.50843	0.0	0.0	0.0	PF00520	0	-0.12207768749999992	0.002733625000000073	0.10949800000000004	0.0	0.0	0.0
SCN3A	0.564326	0.740865	0.518974	0.0	0.0	0.0	PF00520	0	-0.12496568749999992	-0.05981037499999997	0.12004200000000004	0.0	0.0	0.0
SCN4A	0.822263	0.877848	0.177397	0.0	0.0	0.0	PF00520	0	0.13297131250000005	0.077172625	-0.221535	0.0	0.0	0.0
SCN5A	0.671781	0.805618	0.381594	0.0	0.0	0.0	PF00520	0	-0.017510687499999955	0.004942624999999978	-0.01733800000000002	0.0	0.0	0.0
SCN8A	0.534086	0.766483	0.528874	0.0	0.0	0.0	PF00520	0	-0.15520568749999997	-0.03419237499999994	0.12994199999999995	0.0	0.0	0.0
SCN9A	0.834453	0.873024	0.188068	0.0	0.0	0.0	PF00520	0	0.14516131250000008	0.07234862500000006	-0.210864	0.0	0.0	0.0
SCO1	0.743571	0.59868	0.273241	0.0	0.0	0.0	PF02630	0	0.045519499999999935	-0.006605000000000083	-0.04057499999999997	0.0	0.0	0.0
SCO2	0.652532	0.61189	0.354391	0.0	0.0	0.0	PF02630	0	-0.045519500000000046	0.006604999999999972	0.04057500000000003	0.0	0.0	0.0
SCUBE3	0.426485	0.4913	0.648821	0.0	0.0	0.0	PF12662	0	-0.07141699999999995	-0.03797642857142852	0.10791928571428566	0.0	0.0	0.0
SCYL1	0.634101	0.58825	0.35436	0.0	0.0	0.0	PF00069	0	0.0738027916666667	0.007140625000000123	-0.16323674999999993	0.0	0.0	0.0
SDCCAG8	0.697222	0.604329	0.338428	0.0	0.0	0.0		1	0.0	0.0	0.0	1.0	1.0	1.0
SDHA	0.720834	0.559398	0.348299	0.0	0.0	0.0	PF00890	1	0.0	0.0	0.0	1.0	1.0	1.0
SDHB	0.772176	0.552881	0.344705	0.0	0.0	0.0	PF13085	1	0.0	0.0	0.0	1.0	1.0	1.0
SDHC	0.793907	0.629115	0.277519	0.0	0.0	0.0	PF01127	1	0.0	0.0	0.0	1.0	1.0	1.0
SDHD	0.750469	0.594065	0.296447	0.0	0.0	0.0	PF05328	1	0.0	0.0	0.0	1.0	1.0	1.0
SEC23A	0.636961	0.614459	0.336903	0.0	0.0	0.0	PF00626	0	0.08050433333333329	0.10148166666666669	-0.07577733333333331	0.0	0.0	0.0
SEC23B	0.45738	0.437438	0.500995	0.0	0.0	0.0	PF00626	0	-0.0990766666666667	-0.07553933333333329	0.08831466666666665	0.0	0.0	0.0
SEC24D	0.575029	0.487035	0.400143	0.0	0.0	0.0	PF00626	0	0.018572333333333302	-0.02594233333333329	-0.01253733333333329	0.0	0.0	0.0
SECISBP2	0.554215	0.394093	0.443937	0.0	0.0	0.0		1	0.0	0.0	0.0	1.0	1.0	1.0
SELENOI	0.687566	0.647073	0.308873	0.0	0.0	0.0	PF01066	1	0.0	0.0	0.0	1.0	1.0	1.0
SELENON	0.480892	0.631732	0.394346	0.0	0.0	0.0		1	0.0	0.0	0.0	1.0	1.0	1.0
SEMA3A	0.473024	0.430463	0.577239	0.0	0.0	0.0		1	0.0	0.0	0.0	1.0	1.0	1.0
SEPSECS	0.739612	0.341903	0.332195	0.0	0.0	0.0	PF05889	1	0.0	0.0	0.0	1.0	1.0	1.0
SERAC1	0.625524	0.595845	0.267217	0.0	0.0	0.0		1	0.0	0.0	0.0	1.0	1.0	1.0
SERPINA1	0.50381	0.709273	0.172629	0.0	0.0	0.0	PF00079	0	-0.06716566666666668	0.06653666666666658	-0.06584533333333331	0.0	0.0	0.0
SERPINB6	0.740199	0.626244	0.198053	0.0	0.0	0.0		1	0.0	0.0	0.0	1.0	1.0	1.0
SERPINH1	0.662727	0.574466	0.274028	0.0	0.0	0.0	PF00079	0	0.0917513333333333	-0.06827033333333343	0.03555366666666668	0.0	0.0	0.0
SET	0.37752	0.34947	0.630686	0.0	0.0	0.0	PF00956	1	0.0	0.0	0.0	1.0	1.0	1.0
SETBP1	0.20553	0.250054	0.900809	0.0	0.0	0.0		1	0.0	0.0	0.0	1.0	1.0	1.0
SETD1A	0.187753	0.267746	0.827827	0.0	0.0	0.0	PF11764	0	-0.021419999999999995	0.006035999999999986	0.00036199999999997345	0.0	0.0	0.0
SETD1B	0.230593	0.255674	0.827103	0.0	0.0	0.0	PF11764	0	0.021419999999999995	-0.006035999999999986	-0.00036199999999997345	0.0	0.0	0.0
SETD2	0.237596	0.21763	0.809045	0.0	0.0	0.0	PF17907	0	-0.0027480000000000004	-0.010303666666666683	-0.019358666666666524	0.0	0.0	0.0
SETD5	0.228254	0.20392	0.87803	0.0	0.0	0.0	PF00856	0	0.01195099999999999	0.021944999999999992	-0.0017975000000000074	0.0	0.0	0.0
SF3B4	0.392418	0.352742	0.809086	0.0	0.0	0.0	PF00076	0	-0.07329350000000001	-0.05854883333333333	0.14824233333333325	0.0	0.0	0.0
SFTPC	0.626718	0.555454	0.238527	0.0	0.0	0.0	PF04089	1	0.0	0.0	0.0	1.0	1.0	1.0
SGPL1	0.728342	0.552627	0.315298	0.0	0.0	0.0	PF00282	0	-0.004794666666666725	-0.07782666666666671	0.004578666666666675	0.0	0.0	0.0
SGSH	0.714709	0.628736	0.231	0.0	0.0	0.0	PF16347	1	0.0	0.0	0.0	1.0	1.0	1.0
SH2D1A	0.547813	0.754616	0.404854	0.0	0.0	0.0	PF00017	0	0.06911049999999996	0.1600554999999999	-0.12345774999999998	0.0	0.0	0.0
SH3PXD2B	0.712631	0.623625	0.388457	0.0	0.0	0.0		1	0.0	0.0	0.0	1.0	1.0	1.0
SHANK1	0.369637	0.533147	0.810633	0.0	0.0	0.0		1	0.0	0.0	0.0	1.0	1.0	1.0
SHANK2	0.644355	0.626574	0.503789	0.0	0.0	0.0	PF12796	0	0.11629845454545462	0.048227272727272674	-0.012572545454545336	0.0	0.0	0.0
SHANK3	0.361134	0.559728	0.816628	0.0	0.0	0.0	PF12796	0	-0.16692254545454538	-0.018618727272727287	0.30026645454545464	0.0	0.0	0.0
SHH	0.407929	0.435206	0.645993	0.0	0.0	0.0	PF01085	0	-0.10216899999999995	-0.04132649999999999	0.148737	0.0	0.0	0.0
SHOC2	0.315276	0.380791	0.813623	0.0	0.0	0.0	PF23598	1	0.0	0.0	0.0	1.0	1.0	1.0
SHOX	0.698704	0.424201	0.668275	0.0	0.0	0.0	PF00046	0	0.10091188235294113	0.014261470588235292	0.010245176470588202	0.0	0.0	0.0
SHROOM3	0.570932	0.485121	0.539334	0.0	0.0	0.0		1	0.0	0.0	0.0	1.0	1.0	1.0
SI	0.545058	0.553104	0.370607	0.0	0.0	0.0	PF13802	0	-0.016891999999999907	-0.047196000000000016	0.036482000000000014	0.0	0.0	0.0
SIGMAR1	0.545351	0.571945	0.325953	0.0	0.0	0.0	PF04622	1	0.0	0.0	0.0	1.0	1.0	1.0
SIK1	0.51878	0.612946	0.639202	0.0	0.0	0.0	PF00069	0	-0.041518208333333306	0.03183662500000006	0.12160525000000011	0.0	0.0	0.0
SIL1	0.691811	0.651008	0.23287	0.0	0.0	0.0	PF08609	1	0.0	0.0	0.0	1.0	1.0	1.0
SIM1	0.426621	0.364714	0.795864	0.0	0.0	0.0		1	0.0	0.0	0.0	1.0	1.0	1.0
SIN3A	0.232408	0.248369	0.849123	0.0	0.0	0.0	PF02671	1	0.0	0.0	0.0	1.0	1.0	1.0
SIX1	0.573788	0.484206	0.615411	0.0	0.0	0.0	PF05920	0	0.06748449999999995	0.14098975000000002	-0.10754399999999997	0.0	0.0	0.0
SIX3	0.310305	0.267628	0.827392	0.0	0.0	0.0	PF00046	0	-0.28748711764705887	-0.14231152941176473	0.16936217647058827	0.0	0.0	0.0
SIX6	0.627541	0.529267	0.506056	0.0	0.0	0.0	PF00046	0	0.029748882352941153	0.11932747058823534	-0.1519738235294118	0.0	0.0	0.0
SKIC2	0.640429	0.451664	0.342967	0.0	0.0	0.0	PF00270	0	0.08004362500000006	0.033782374999999976	-0.1451095	0.0	0.0	0.0
SKIC3	0.648046	0.62229	0.314905	0.0	0.0	0.0		1	0.0	0.0	0.0	1.0	1.0	1.0
SLC10A7	0.774083	0.706216	0.231731	0.0	0.0	0.0	PF13593	1	0.0	0.0	0.0	1.0	1.0	1.0
SLC12A1	0.770842	0.793325	0.219111	0.0	0.0	0.0	PF00324	0	0.1006233333333334	0.00700333333333325	-0.09151966666666667	0.0	0.0	0.0
SLC12A5	0.514222	0.750026	0.483219	0.0	0.0	0.0	PF00324	0	-0.15599666666666667	-0.036295666666666726	0.17258833333333334	0.0	0.0	0.0
SLC12A6	0.725592	0.815614	0.229562	0.0	0.0	0.0	PF00324	0	0.055373333333333385	0.029292333333333254	-0.08106866666666668	0.0	0.0	0.0
SLC13A5	0.8452	0.770199	0.176967	0.0	0.0	0.0	PF00939	1	0.0	0.0	0.0	1.0	1.0	1.0
SLC16A2	0.391419	0.69919	0.540019999999999	0.0	0.0	0.0	PF07690	0	-0.3229612499999999	0.007573250000000087	0.2711123749999991	0.0	0.0	0.0
SLC17A5	0.795924	0.713116	0.206861	0.0	0.0	0.0	PF07690	0	0.08154375000000003	0.02149925000000008	-0.06204662499999988	0.0	0.0	0.0
SLC19A3	0.799167	0.701848	0.203543	0.0	0.0	0.0	PF01770	1	0.0	0.0	0.0	1.0	1.0	1.0
SLC1A1	0.819122	0.838172	0.169306	0.0	0.0	0.0	PF00375	1	0.0	0.0	0.0	1.0	1.0	1.0
SLC22A5	0.756177	0.781915	0.223327	0.0	0.0	0.0	PF00083	0	0.019878750000000056	0.05430075000000001	-0.042028500000000024	0.0	0.0	0.0
SLC24A4	0.824053	0.809337	0.224232	0.0	0.0	0.0	PF01699	0	0.030644500000000074	0.03273899999999996	-0.014075000000000004	0.0	0.0	0.0
SLC24A5	0.762764	0.743859	0.252382	0.0	0.0	0.0	PF01699	0	-0.030644499999999963	-0.03273899999999996	0.014075000000000004	0.0	0.0	0.0
SLC25A1	0.835943	0.753282	0.286219	0.0	0.0	0.0	PF00153	0	0.048312142857142915	0.0495201428571429	-0.008836142857142792	0.0	0.0	0.0
SLC25A13	0.782236	0.808344	0.308735	0.0	0.0	0.0	PF00153	0	-0.005394857142857035	0.10458214285714285	0.013679857142857188	0.0	0.0	0.0
SLC25A15	0.785508	0.647938	0.286779	0.0	0.0	0.0	PF00153	0	-0.002122857142857093	-0.05582385714285709	-0.008276142857142788	0.0	0.0	0.0
SLC25A20	0.789176	0.67472	0.294723	0.0	0.0	0.0	PF00153	0	0.0015451428571429116	-0.02904185714285712	-0.0003321428571427809	0.0	0.0	0.0
SLC25A26	0.851418	0.715033	0.236827	0.0	0.0	0.0	PF00153	0	0.06378714285714293	0.011271142857142924	-0.058228142857142784	0.0	0.0	0.0
SLC25A38	0.808731	0.707986	0.266773	0.0	0.0	0.0	PF00153	0	0.0211001428571429	0.0042241428571428985	-0.02828214285714281	0.0	0.0	0.0
SLC25A42	0.74784	0.652618	0.38458	0.0	0.0	0.0		1	0.0	0.0	0.0	1.0	1.0	1.0
SLC25A46	0.660404	0.61903	0.38533	0.0	0.0	0.0	PF00153	0	-0.12722685714285709	-0.08473185714285714	0.09027485714285721	0.0	0.0	0.0
SLC26A2	0.782059	0.755044	0.249673	0.0	0.0	0.0	PF01740	1	0.0	0.0	0.0	1.0	1.0	1.0
SLC27A4	0.708058	0.66987	0.312953	0.0	0.0	0.0	PF00501	1	0.0	0.0	0.0	1.0	1.0	1.0
SLC2A1	0.602698	0.649949	0.410261	0.0	0.0	0.0	PF00083	0	-0.13360024999999998	-0.07766525000000002	0.14490549999999996	0.0	0.0	0.0
SLC2A10	0.77067	0.738848	0.263252	0.0	0.0	0.0	PF00083	0	0.034371750000000034	0.011233749999999931	-0.002103500000000036	0.0	0.0	0.0
SLC2A2	0.815648	0.739745	0.164582	0.0	0.0	0.0	PF00083	0	0.07934975000000011	0.012130749999999968	-0.10077350000000002	0.0	0.0	0.0
SLC33A1	0.733682	0.660594	0.269897	0.0	0.0	0.0	PF13000	1	0.0	0.0	0.0	1.0	1.0	1.0
SLC35A1	0.664076	0.62161	0.32928	0.0	0.0	0.0	PF04142	0	0.10707999999999995	-0.008045999999999998	-0.11065949999999997	0.0	0.0	0.0
SLC35A2	0.449916	0.637702	0.550599	0.0	0.0	0.0	PF04142	0	-0.10708000000000006	0.008045999999999998	0.11065949999999997	0.0	0.0	0.0
SLC35C1	0.755693	0.748002	0.214717	0.0	0.0	0.0	PF03151	0	-0.03517300000000001	-0.03914249999999997	0.011631499999999989	0.0	0.0	0.0
SLC35D1	0.826039	0.826287	0.191454	0.0	0.0	0.0	PF03151	0	0.03517300000000001	0.03914250000000008	-0.011631499999999989	0.0	0.0	0.0
SLC37A4	0.776895	0.610362	0.241888	0.0	0.0	0.0	PF07690	0	0.06251475000000006	-0.08125474999999993	-0.02701962499999988	0.0	0.0	0.0
SLC38A3	0.610947	0.732566	0.361258	0.0	0.0	0.0	PF01490	0	-0.028955500000000023	-0.03160049999999992	0.057039000000000006	0.0	0.0	0.0
SLC38A8	0.668858	0.795767	0.24718	0.0	0.0	0.0	PF01490	0	0.028955499999999912	0.03160050000000003	-0.057039000000000006	0.0	0.0	0.0
SLC39A14	0.717833	0.750741	0.291136	0.0	0.0	0.0	PF02535	0	0.053259500000000015	0.04050049999999994	-0.067193	0.0	0.0	0.0
SLC39A4	0.746462	0.767108	0.200025	0.0	0.0	0.0	PF21116	1	0.0	0.0	0.0	1.0	1.0	1.0
SLC39A8	0.611314	0.66974	0.425522	0.0	0.0	0.0	PF02535	0	-0.053259500000000015	-0.04050050000000005	0.067193	0.0	0.0	0.0
SLC40A1	0.600934	0.542975	0.511313	0.0	0.0	0.0	PF06963	1	0.0	0.0	0.0	1.0	1.0	1.0
SLC45A2	0.78293	0.668968	0.239892	0.0	0.0	0.0	PF07690	0	0.06854975000000008	-0.022648749999999884	-0.02901562499999988	0.0	0.0	0.0
SLC46A1	0.767089	0.64247	0.208794	0.0	0.0	0.0	PF07690	0	0.05270875000000008	-0.049146749999999906	-0.060113624999999865	0.0	0.0	0.0
SLC4A11	0.777181	0.721911	0.283764	0.0	0.0	0.0	PF00955	1	0.0	0.0	0.0	1.0	1.0	1.0
SLC4A4	0.557623	0.599086	0.534295	0.0	0.0	0.0	PF07565	1	0.0	0.0	0.0	1.0	1.0	1.0
SLC52A2	0.715628	0.756265	0.216526	0.0	0.0	0.0	PF06237	0	-0.007611499999999993	0.04079999999999995	0.00044749999999998957	0.0	0.0	0.0
SLC52A3	0.730851	0.674665	0.215631	0.0	0.0	0.0	PF06237	0	0.007611499999999993	-0.04080000000000006	-0.00044750000000001733	0.0	0.0	0.0
SLC5A5	0.793935	0.853236	0.180894	0.0	0.0	0.0	PF00474	1	0.0	0.0	0.0	1.0	1.0	1.0
SLC6A1	0.563949	0.717147	0.495187	0.0	0.0	0.0	PF00209	0	-0.03461650000000005	-0.046269000000000005	0.06834749999999995	0.0	0.0	0.0
SLC6A19	0.739719	0.83979	0.207051	0.0	0.0	0.0		1	0.0	0.0	0.0	1.0	1.0	1.0
SLC6A3	0.618538	0.781575	0.417118	0.0	0.0	0.0	PF00209	0	0.01997249999999995	0.018159000000000036	-0.00972150000000005	0.0	0.0	0.0
SLC6A5	0.746642	0.81811	0.288898	0.0	0.0	0.0	PF00209	0	0.14807649999999994	0.05469400000000002	-0.13794150000000005	0.0	0.0	0.0
SLC6A8	0.465133	0.736832	0.506155	0.0	0.0	0.0	PF00209	0	-0.13343250000000006	-0.02658399999999994	0.07931549999999998	0.0	0.0	0.0
SLC6A9	0.781401	0.82481	0.224722	0.0	0.0	0.0		1	0.0	0.0	0.0	1.0	1.0	1.0
SLC9A1	0.641249	0.740377	0.463747	0.0	0.0	0.0	PF00999	1	0.0	0.0	0.0	1.0	1.0	1.0
SLC9A6	0.498231	0.669413	0.551799	0.0	0.0	0.0		1	0.0	0.0	0.0	1.0	1.0	1.0
SLCO2A1	0.762426	0.702969	0.258535	0.0	0.0	0.0	PF07648	0	0.030833	0.03359599999999996	-0.0241305	0.0	0.0	0.0
SLITRK6	0.642692	0.705727	0.409859	0.0	0.0	0.0	PF13855	0	-0.044870500000000035	-0.03583375	0.05640249999999997	0.0	0.0	0.0
SLURP1	0.633125	0.635866	0.2315	0.0	0.0	0.0	PF00021	1	0.0	0.0	0.0	1.0	1.0	1.0
SLX4	0.422199	0.160906	0.487433	0.0	0.0	0.0		1	0.0	0.0	0.0	1.0	1.0	1.0
SMAD3	0.5102	0.482532	0.654945	0.0	0.0	0.0	PF03165	0	0.02566699999999994	0.08849166666666669	0.00021333333333339866	0.0	0.0	0.0
SMAD4	0.328785	0.333391	0.824066	0.0	0.0	0.0	PF03165	0	-0.15574800000000005	-0.06064933333333333	0.16933433333333336	0.0	0.0	0.0
SMAD9	0.614614	0.366198	0.485184	0.0	0.0	0.0	PF03165	0	0.13008099999999995	-0.027842333333333302	-0.1695476666666666	0.0	0.0	0.0
SMARCA4	0.255514	0.334614	0.839831	0.0	0.0	0.0	PF07533	0	-0.02396366666666666	0.05101200000000006	0.024445999999999968	0.0	0.0	0.0
SMARCAL1	0.770686	0.451362	0.279156	0.0	0.0	0.0	PF07443	1	0.0	0.0	0.0	1.0	1.0	1.0
SMARCB1	0.264818	0.327139	0.804883	0.0	0.0	0.0	PF21459	1	0.0	0.0	0.0	1.0	1.0	1.0
SMARCC2	0.209405	0.224888	0.863676	0.0	0.0	0.0	PF00249	1	0.0	0.0	0.0	1.0	1.0	1.0
SMARCE1	0.371971	0.356241	0.750285	0.0	0.0	0.0	PF00505	0	-0.06375666666666668	0.0013808888888888204	0.026324999999999932	0.0	0.0	0.0
SMC1A	0.303938	0.356449	0.687895	0.0	0.0	0.0	PF06470	1	0.0	0.0	0.0	1.0	1.0	1.0
SMCHD1	0.294889	0.276318	0.660772	0.0	0.0	0.0	PF13589	1	0.0	0.0	0.0	1.0	1.0	1.0
SMG8	0.438139	0.380488	0.535538	0.0	0.0	0.0	PF10220	1	0.0	0.0	0.0	1.0	1.0	1.0
SMO	0.664882	0.770251	0.320542	0.0	0.0	0.0	PF01534	0	0.0701449999999999	0.04178150000000003	-0.07534125000000003	0.0	0.0	0.0
SMOC1	0.70076	0.635777	0.306796	0.0	0.0	0.0	PF07648	0	-0.030833	-0.03359599999999996	0.0241305	0.0	0.0	0.0
SMOC2	0.745606	0.676056	0.263315	0.0	0.0	0.0		1	0.0	0.0	0.0	1.0	1.0	1.0
SMPD1	0.551889	0.670684	0.334756	0.0	0.0	0.0	PF19272	1	0.0	0.0	0.0	1.0	1.0	1.0
SMPD4	0.512044	0.568389	0.546541	0.0	0.0	0.0		1	0.0	0.0	0.0	1.0	1.0	1.0
SMS	0.293692	0.304584	0.650064	0.0	0.0	0.0	PF17284	1	0.0	0.0	0.0	1.0	1.0	1.0
SNAI2	0.540278	0.421879	0.721178	0.0	0.0	0.0		1	0.0	0.0	0.0	1.0	1.0	1.0
SNAP25	0.489722	0.721997	0.563912	0.0	0.0	0.0	PF00835	1	0.0	0.0	0.0	1.0	1.0	1.0
SNAP29	0.825084	0.766985	0.160914	0.0	0.0	0.0		1	0.0	0.0	0.0	1.0	1.0	1.0
SNCA	0.692872	0.823381	0.448136	0.0	0.0	0.0	PF01387	1	0.0	0.0	0.0	1.0	1.0	1.0
SNORD118	0.622559	0.560552	0.372742	1.0	1.0	1.0		1	0.0	0.0	0.0	1.0	1.0	1.0
SNRPB	0.554749	0.252467	0.769586	0.0	0.0	0.0		1	0.0	0.0	0.0	1.0	1.0	1.0
SNRPN	0.740609	0.478454	0.498457	0.0	0.0	0.0		1	0.0	0.0	0.0	1.0	1.0	1.0
SNUPN	0.478127	0.323501	0.443749	0.0	0.0	0.0		1	0.0	0.0	0.0	1.0	1.0	1.0
SNX10	0.576302	0.631218	0.31033	0.0	0.0	0.0	PF00787	1	0.0	0.0	0.0	1.0	1.0	1.0
SNX14	0.665582	0.711861	0.292341	0.0	0.0	0.0	PF08628	1	0.0	0.0	0.0	1.0	1.0	1.0
SON	0.175363	0.130556	0.841227	0.0	0.0	0.0	PF14709	1	0.0	0.0	0.0	1.0	1.0	1.0
SOS1	0.364537	0.49537	0.648143	0.0	0.0	0.0	PF00617	1	0.0	0.0	0.0	1.0	1.0	1.0
SOX10	0.374595	0.291328	0.856337	0.0	0.0	0.0	PF00505	0	-0.06113266666666667	-0.06353211111111118	0.13237699999999997	0.0	0.0	0.0
SOX11	0.290049	0.31304	0.82767	0.0	0.0	0.0	PF00505	0	-0.14567866666666668	-0.04182011111111117	0.10370999999999997	0.0	0.0	0.0
SOX2	0.517906	0.340974	0.82549	0.0	0.0	0.0	PF00505	0	0.0821783333333333	-0.013886111111111155	0.1015299999999999	0.0	0.0	0.0
SOX3	0.466405	0.342148	0.811161	0.0	0.0	0.0		1	0.0	0.0	0.0	1.0	1.0	1.0
SOX5	0.320255	0.30661	0.84463	0.0	0.0	0.0	PF00505	0	-0.11547266666666667	-0.04825011111111116	0.12066999999999994	0.0	0.0	0.0
SOX6	0.362664	0.312293	0.834528	0.0	0.0	0.0	PF00505	0	-0.0730636666666667	-0.04256711111111117	0.110568	0.0	0.0	0.0
SOX9	0.310891	0.24104	0.866643	0.0	0.0	0.0	PF00505	0	-0.1248366666666667	-0.11382011111111115	0.142683	0.0	0.0	0.0
SPAG1	0.720503	0.667462	0.21295	0.0	0.0	0.0	PF13877	1	0.0	0.0	0.0	1.0	1.0	1.0
SPARC	0.470793	0.505181	0.539621	0.0	0.0	0.0	PF09289	1	0.0	0.0	0.0	1.0	1.0	1.0
SPAST	0.487517	0.47248	0.67962	0.0	0.0	0.0	PF00004	0	-0.1446090909090909	-0.008241090909090865	0.24899927272727274	0.0	0.0	0.0
SPATA7	0.677151	0.639916	0.3594	0.0	0.0	0.0	PF15244	1	0.0	0.0	0.0	1.0	1.0	1.0
SPEG	0.464078	0.556985	0.669737	0.0	0.0	0.0		1	0.0	0.0	0.0	1.0	1.0	1.0
SPEN	0.120769	0.153164	0.916867	0.0	0.0	0.0	PF20809	1	0.0	0.0	0.0	1.0	1.0	1.0
SPG11	0.59579	0.430635	0.370656	0.0	0.0	0.0	PF14649	1	0.0	0.0	0.0	1.0	1.0	1.0
SPINK5	0.641701	0.412748	0.379645	0.0	0.0	0.0		1	0.0	0.0	0.0	1.0	1.0	1.0
SPINT2	0.685005	0.628742	0.284181	0.0	0.0	0.0	PF00014	1	0.0	0.0	0.0	1.0	1.0	1.0
SPOP	0.344377	0.355698	0.745283	0.0	0.0	0.0		1	0.0	0.0	0.0	1.0	1.0	1.0
SPR	0.716553	0.548359	0.241881	0.0	0.0	0.0	PF00106	0	-0.03502012499999996	-0.05431275000000002	-0.01510499999999998	0.0	0.0	0.0
SPRED1	0.398951	0.433339	0.643147	0.0	0.0	0.0	PF05210	1	0.0	0.0	0.0	1.0	1.0	1.0
SPRTN	0.366054	0.18591	0.678706	0.0	0.0	0.0	PF10263	1	0.0	0.0	0.0	1.0	1.0	1.0
SPTAN1	0.536694	0.667138	0.513246	0.0	0.0	0.0	PF13499	0	-0.12810880000000002	-0.015537399999999923	0.08903879999999997	0.0	0.0	0.0
SPTBN1	0.468644	0.694671	0.554431	0.0	0.0	0.0	PF00307	0	-0.12616049999999995	-0.02329287499999988	0.09387787500000006	0.0	0.0	0.0
SPTBN2	0.732413	0.794605	0.245257	0.0	0.0	0.0	PF00307	0	0.13760850000000002	0.07664112500000009	-0.21529612499999995	0.0	0.0	0.0
SPTBN4	0.520938	0.752003	0.513689	0.0	0.0	0.0	PF00307	0	-0.07386649999999995	0.03403912500000006	0.053135875	0.0	0.0	0.0
SRC	0.54449	0.737329	0.697332	0.0	0.0	0.0	PF07714	0	-0.018513	0.04802266666666655	0.20670550000000004	0.0	0.0	0.0
SRCAP	0.306781	0.247059	0.757404	0.0	0.0	0.0		1	0.0	0.0	0.0	1.0	1.0	1.0
SRD5A2	0.798091	0.754783	0.16137	0.0	0.0	0.0	PF02544	1	0.0	0.0	0.0	1.0	1.0	1.0
SRD5A3	0.721376	0.645257	0.208612	0.0	0.0	0.0		1	0.0	0.0	0.0	1.0	1.0	1.0
SRRM2	0.264208	0.258018	0.794605	0.0	0.0	0.0		1	0.0	0.0	0.0	1.0	1.0	1.0
SRY	0.658953	0.462003	0.506164	0.0	0.0	0.0	PF00505	0	0.22322533333333333	0.10714288888888884	-0.2177960000000001	0.0	0.0	0.0
ST14	0.567132	0.618341	0.449226	0.0	0.0	0.0	PF00431	0	-0.06631033333333336	-0.08347883333333339	0.11238016666666667	0.0	0.0	0.0
ST3GAL5	0.582096	0.474621	0.27174	0.0	0.0	0.0	PF00777	1	0.0	0.0	0.0	1.0	1.0	1.0
STAC3	0.618481	0.657071	0.427964	0.0	0.0	0.0	PF00130	0	0.06354366666666666	0.03873949999999993	-0.09614149999999999	0.0	0.0	0.0
STAG1	0.312564	0.398356	0.686889	0.0	0.0	0.0	PF24571	0	0.046924999999999994	0.05442600000000003	-0.05069200000000007	0.0	0.0	0.0
STAG2	0.218714	0.289504	0.788273	0.0	0.0	0.0	PF24571	0	-0.04692500000000002	-0.054425999999999974	0.05069199999999996	0.0	0.0	0.0
STAMBP	0.666584	0.574547	0.293277	0.0	0.0	0.0	PF01398	0	0.11403799999999997	0.047848	-0.1766105	0.0	0.0	0.0
STAR	0.642984	0.553333	0.389432	0.0	0.0	0.0	PF01852	1	0.0	0.0	0.0	1.0	1.0	1.0
STAT2	0.470328	0.461398	0.527355	0.0	0.0	0.0	PF00017	0	-0.008374500000000007	-0.13316250000000007	-0.0009567499999999507	0.0	0.0	0.0
STAT5B	0.426159	0.515484	0.582525	0.0	0.0	0.0	PF00017	0	-0.05254350000000002	-0.0790765	0.05421324999999999	0.0	0.0	0.0
STIL	0.573091	0.507169	0.461594	0.0	0.0	0.0	PF25775	1	0.0	0.0	0.0	1.0	1.0	1.0
STK11	0.430444	0.53953	0.668461	0.0	0.0	0.0	PF00069	0	-0.12985420833333333	-0.041579374999999974	0.15086425000000003	0.0	0.0	0.0
STN1	0.614498	0.473592	0.300644	0.0	0.0	0.0	PF09170	1	0.0	0.0	0.0	1.0	1.0	1.0
STRA6	0.743673	0.752448	0.24413	0.0	0.0	0.0	PF14752	1	0.0	0.0	0.0	1.0	1.0	1.0
STRADA	0.673324	0.714131	0.367162	0.0	0.0	0.0	PF00069	0	0.11302579166666671	0.13302162500000003	-0.15043474999999995	0.0	0.0	0.0
STS	0.816035	0.66681	0.413541	0.0	0.0	0.0	PF00884	0	0.17645833333333338	0.0974181666666667	0.05316550000000003	0.0	0.0	0.0
STT3A	0.750152	0.629876	0.280909	0.0	0.0	0.0	PF22627	1	0.0	0.0	0.0	1.0	1.0	1.0
STX1B	0.664807	0.608653	0.458828	0.0	0.0	0.0	PF05739	1	0.0	0.0	0.0	1.0	1.0	1.0
STXBP1	0.252898	0.349962	0.713067	0.0	0.0	0.0	PF00995	0	-0.12210966666666667	-0.0028616666666666513	0.23052466666666677	0.0	0.0	0.0
SUCLA2	0.669474	0.479083	0.341651	0.0	0.0	0.0	PF08442	1	0.0	0.0	0.0	1.0	1.0	1.0
SUCLG1	0.782781	0.617599	0.323887	0.0	0.0	0.0	PF02629	1	0.0	0.0	0.0	1.0	1.0	1.0
SUFU	0.298572	0.471506	0.688199	0.0	0.0	0.0	PF05076	1	0.0	0.0	0.0	1.0	1.0	1.0
SULT2B1	0.572534	0.673785	0.302491	0.0	0.0	0.0	PF00685	0	-0.011058000000000012	0.03441499999999997	-0.005134499999999986	0.0	0.0	0.0
SUMF1	0.615332	0.60181	0.340967	0.0	0.0	0.0	PF03781	1	0.0	0.0	0.0	1.0	1.0	1.0
SUOX	0.561014	0.537729	0.394384	0.0	0.0	0.0	PF00173	0	-0.07990666666666668	-0.037576000000000054	0.07582900000000004	0.0	0.0	0.0
SURF1	0.604231	0.483781	0.342152	0.0	0.0	0.0	PF02104	1	0.0	0.0	0.0	1.0	1.0	1.0
SUZ12	0.222341	0.243866	0.898978	0.0	0.0	0.0	PF09733	1	0.0	0.0	0.0	1.0	1.0	1.0
SYN1	0.36143	0.376117	0.745007	0.0	0.0	0.0	PF02078	1	0.0	0.0	0.0	1.0	1.0	1.0
SYNE1	0.733619	0.814069	0.16102	0.0	0.0	0.0		1	0.0	0.0	0.0	1.0	1.0	1.0
SYNGAP1	0.293016	0.379768	0.86992	0.0	0.0	0.0	PF00168	0	-0.26760628571428574	-0.19959764285714288	0.3930094285714286	0.0	0.0	0.0
SYP	0.499707	0.670307	0.53001	0.0	0.0	0.0	PF01284	0	-0.14982550000000006	0.008221999999999952	0.14260649999999997	0.0	0.0	0.0
SYT1	0.628524	0.627552	0.552267	0.0	0.0	0.0	PF00168	0	0.06790171428571423	0.04818635714285713	0.07535642857142855	0.0	0.0	0.0
SYT2	0.582263	0.58276	0.617695	0.0	0.0	0.0	PF00168	0	0.021640714285714235	0.003394357142857074	0.1407844285714286	0.0	0.0	0.0
SZT2	0.54086	0.48871	0.475538	0.0	0.0	0.0		1	0.0	0.0	0.0	1.0	1.0	1.0
TAC3	0.796197	0.685719	0.171423	0.0	0.0	0.0	PF03823	1	0.0	0.0	0.0	1.0	1.0	1.0
TACO1	0.596677	0.470466	0.293174	0.0	0.0	0.0	PF20772	1	0.0	0.0	0.0	1.0	1.0	1.0
TAF1	0.227262	0.389251	0.815167	0.0	0.0	0.0		1	0.0	0.0	0.0	1.0	1.0	1.0
TAF13	0.725971	0.45336	0.361077	0.0	0.0	0.0	PF02269	1	0.0	0.0	0.0	1.0	1.0	1.0
TAF2	0.527939	0.510142	0.472091	0.0	0.0	0.0	PF25316	1	0.0	0.0	0.0	1.0	1.0	1.0
TAF6	0.563952	0.416199	0.54037	0.0	0.0	0.0	PF02969	1	0.0	0.0	0.0	1.0	1.0	1.0
TAFAZZIN	0.603508	0.530018	0.441022	0.0	0.0	0.0	PF01553	0	0.02925700000000009	0.018187333333333333	0.05628966666666674	0.0	0.0	0.0
TALDO1	0.709791	0.475043	0.272208	0.0	0.0	0.0	PF00923	1	0.0	0.0	0.0	1.0	1.0	1.0
TANGO2	0.602831	0.594068	0.24398	0.0	0.0	0.0		1	0.0	0.0	0.0	1.0	1.0	1.0
TAOK1	0.49478	0.533673	0.656423	0.0	0.0	0.0	PF00069	0	-0.06551820833333333	-0.047436374999999975	0.13882625000000004	0.0	0.0	0.0
TAP1	0.804516	0.821696	0.222312	0.0	0.0	0.0		1	0.0	0.0	0.0	1.0	1.0	1.0
TAPT1	0.707279	0.644755	0.36198	0.0	0.0	0.0	PF05346	1	0.0	0.0	0.0	1.0	1.0	1.0
TASP1	0.52111	0.380356	0.564457	0.0	0.0	0.0	PF01112	0	-0.0851885	-0.129405	0.12250300000000003	0.0	0.0	0.0
TAT	0.758727	0.593674	0.246678	0.0	0.0	0.0	PF00155	0	0.028099333333333476	0.08376266666666676	-0.04708166666666663	0.0	0.0	0.0
TBC1D20	0.389105	0.532674	0.563498	0.0	0.0	0.0		1	0.0	0.0	0.0	1.0	1.0	1.0
TBC1D23	0.624681	0.545821	0.29973	0.0	0.0	0.0		1	0.0	0.0	0.0	1.0	1.0	1.0
TBC1D24	0.470434	0.540015	0.387023	0.0	0.0	0.0	PF00566	1	0.0	0.0	0.0	1.0	1.0	1.0
TBC1D2B	0.733079	0.716256	0.275274	0.0	0.0	0.0		1	0.0	0.0	0.0	1.0	1.0	1.0
TBCD	0.650947	0.590952	0.308246	0.0	0.0	0.0	PF23579	1	0.0	0.0	0.0	1.0	1.0	1.0
TBCE	0.688539	0.586937	0.257553	0.0	0.0	0.0		1	0.0	0.0	0.0	1.0	1.0	1.0
TBCK	0.694666	0.653272	0.283215	0.0	0.0	0.0		1	0.0	0.0	0.0	1.0	1.0	1.0
TBK1	0.580426	0.633003	0.400167	0.0	0.0	0.0	PF00069	0	0.020127791666666672	0.051893625000000054	-0.11742974999999994	0.0	0.0	0.0
TBL1XR1	0.255694	0.343908	0.83485	0.0	0.0	0.0	PF08513	1	0.0	0.0	0.0	1.0	1.0	1.0
TBR1	0.314504	0.258777	0.871729	0.0	0.0	0.0	PF00907	0	-0.14901444444444445	-0.05978388888888886	0.12315622222222222	0.0	0.0	0.0
TBX1	0.382343	0.345935	0.788046	0.0	0.0	0.0		1	0.0	0.0	0.0	1.0	1.0	1.0
TBX15	0.515509	0.339068	0.725869	0.0	0.0	0.0		1	0.0	0.0	0.0	1.0	1.0	1.0
TBX18	0.418202	0.293961	0.814229	0.0	0.0	0.0	PF00907	0	-0.04531644444444444	-0.024599888888888866	0.06565622222222223	0.0	0.0	0.0
TBX19	0.681732	0.501545	0.495696	0.0	0.0	0.0	PF00907	0	0.21821355555555555	0.18298411111111118	-0.25287677777777773	0.0	0.0	0.0
TBX20	0.442073	0.263205	0.776889	0.0	0.0	0.0	PF00907	0	-0.02144544444444446	-0.055355888888888816	0.028316222222222298	0.0	0.0	0.0
TBX22	0.400241	0.263134	0.784006	0.0	0.0	0.0	PF00907	0	-0.06327744444444444	-0.05542688888888886	0.03543322222222223	0.0	0.0	0.0
TBX3	0.438526	0.26769	0.79342	0.0	0.0	0.0	PF00907	0	-0.024992444444444428	-0.050870888888888854	0.04484722222222226	0.0	0.0	0.0
TBX4	0.549217	0.380703	0.692908	0.0	0.0	0.0	PF00907	0	0.0856985555555555	0.062142111111111176	-0.055664777777777785	0.0	0.0	0.0
TBX5	0.338056	0.28922	0.831908	0.0	0.0	0.0	PF00907	0	-0.12546244444444443	-0.02934088888888886	0.08333522222222223	0.0	0.0	0.0
TBXT	0.589115	0.348813	0.67637	0.0	0.0	0.0	PF00907	0	0.1255965555555556	0.030252111111111146	-0.07220277777777773	0.0	0.0	0.0
TCF12	0.5444	0.278867	0.783941	0.0	0.0	0.0	PF00010	0	0.04402137500000003	-0.05394037500000004	0.08113550000000003	0.0	0.0	0.0
TCF20	0.16642	0.088756	0.90959	0.0	0.0	0.0	PF13771	0	-0.021321000000000007	-0.07043966666666668	0.05159266666666662	0.0	0.0	0.0
TCF4	0.353664	0.182538	0.909308	0.0	0.0	0.0	PF00010	0	-0.146714625	-0.150269375	0.20650250000000003	0.0	0.0	0.0
TCF7L2	0.445307	0.307001	0.843675	0.0	0.0	0.0		1	0.0	0.0	0.0	1.0	1.0	1.0
TCN2	0.643385	0.63986	0.224538	0.0	0.0	0.0	PF01122	0	0.006021500000000013	0.01000499999999993	-0.03453950000000003	0.0	0.0	0.0
TCOF1	0.243617	0.160961	0.73499	0.0	0.0	0.0	PF03546	1	0.0	0.0	0.0	1.0	1.0	1.0
TCTN1	0.50794	0.3898	0.441595	0.0	0.0	0.0		1	0.0	0.0	0.0	1.0	1.0	1.0
TCTN2	0.554359	0.458565	0.410345	0.0	0.0	0.0		1	0.0	0.0	0.0	1.0	1.0	1.0
TCTN3	0.559304	0.373801	0.435918	0.0	0.0	0.0	PF25752	1	0.0	0.0	0.0	1.0	1.0	1.0
TDO2	0.676318	0.576001	0.25681	0.0	0.0	0.0	PF03301	1	0.0	0.0	0.0	1.0	1.0	1.0
TDP1	0.478029	0.370254	0.40544	0.0	0.0	0.0	PF06087	1	0.0	0.0	0.0	1.0	1.0	1.0
TECPR2	0.425912	0.384702	0.59078	0.0	0.0	0.0	PF23756	0	-0.07202449999999999	-0.034277500000000016	0.09561549999999996	0.0	0.0	0.0
TECRL	0.676803	0.564186	0.324438	0.0	0.0	0.0		1	0.0	0.0	0.0	1.0	1.0	1.0
TECTA	0.674804	0.669305	0.251219	0.0	0.0	0.0	PF08742	0	-0.015400999999999998	-0.0009239999999999249	-0.011496000000000006	0.0	0.0	0.0
TEK	0.484596	0.654682	0.548939	0.0	0.0	0.0	PF00041	0	-0.14973689999999984	-0.019297499999999967	0.11328879999999997	0.0	0.0	0.0
TENM3	0.301893	0.378767	0.729263	0.0	0.0	0.0	PF25024	0	-0.215891	-0.09938849999999994	0.19838650000000002	0.0	0.0	0.0
TENT5A	0.452084	0.432758	0.657289	0.0	0.0	0.0	PF07984	1	0.0	0.0	0.0	1.0	1.0	1.0
TERC	0.622559	0.560552	0.372742	1.0	1.0	1.0		1	0.0	0.0	0.0	1.0	1.0	1.0
TERT	0.33132	0.35679	0.672977	0.0	0.0	0.0	PF12009	1	0.0	0.0	0.0	1.0	1.0	1.0
TET3	0.147023	0.157199	0.884037	0.0	0.0	0.0	PF12851	1	0.0	0.0	0.0	1.0	1.0	1.0
TF	0.556142	0.478319	0.236255	0.0	0.0	0.0	PF00405	1	0.0	0.0	0.0	1.0	1.0	1.0
TFAM	0.714265	0.570212	0.203893	0.0	0.0	0.0	PF00505	0	0.27853733333333336	0.2153518888888889	-0.5200670000000001	0.0	0.0	0.0
TFR2	0.650115	0.606558	0.285034	0.0	0.0	0.0	PF02225	0	-0.0008550000000000502	-0.03947299999999998	-0.0030879999999999797	0.0	0.0	0.0
TG	0.563671	0.438044	0.378944	0.0	0.0	0.0	PF00135	0	0.09831966666666664	-0.09823099999999996	-0.15551533333333328	0.0	0.0	0.0
TGDS	0.680867	0.438996	0.368398	0.0	0.0	0.0	PF16363	0	-0.006691499999999961	-0.011517500000000014	-0.00696399999999997	0.0	0.0	0.0
TGFB2	0.33746	0.236898	0.663866	0.0	0.0	0.0	PF00019	0	-0.053051400000000026	-0.010391799999999979	0.0007468000000000474	0.0	0.0	0.0
TGFB3	0.334539	0.224902	0.683107	0.0	0.0	0.0	PF00019	0	-0.05597240000000003	-0.022387799999999985	0.01998780000000011	0.0	0.0	0.0
TGFBR1	0.537149	0.688187	0.552296	0.0	0.0	0.0	PF01064	0	0.06431340000000002	0.08572079999999993	-0.05312939999999999	0.0	0.0	0.0
TGFBR2	0.625178	0.712714	0.373556	0.0	0.0	0.0	PF08917	1	0.0	0.0	0.0	1.0	1.0	1.0
TGIF1	0.603834	0.406029	0.604393	0.0	0.0	0.0	PF05920	0	0.09753049999999996	0.06281274999999997	-0.11856200000000006	0.0	0.0	0.0
TGM1	0.642498	0.545738	0.311765	0.0	0.0	0.0	PF00927	0	0.024096000000000006	0.01765799999999995	-0.00829966666666665	0.0	0.0	0.0
TGM5	0.546678	0.457545	0.406273	0.0	0.0	0.0	PF00927	0	-0.07172400000000001	-0.07053500000000001	0.08620833333333333	0.0	0.0	0.0
TH	0.679549	0.672806	0.29519	0.0	0.0	0.0	PF00351	1	0.0	0.0	0.0	1.0	1.0	1.0
THAP1	0.492815	0.340178	0.556771	0.0	0.0	0.0	PF05485	1	0.0	0.0	0.0	1.0	1.0	1.0
THG1L	0.654387	0.538336	0.320245	0.0	0.0	0.0	PF04446	1	0.0	0.0	0.0	1.0	1.0	1.0
THOC6	0.650765	0.496887	0.353977	0.0	0.0	0.0	PF00400	0	-0.020492374999999896	-0.019184874999999935	-0.04473674999999999	0.0	0.0	0.0
THRA	0.543994	0.467757	0.501863	0.0	0.0	0.0	PF00104	0	0.07755146153846149	0.07907546153846157	-0.14423153846153836	0.0	0.0	0.0
TIMM22	0.759251	0.582392	0.369143	0.0	0.0	0.0	PF02466	1	0.0	0.0	0.0	1.0	1.0	1.0
TIMM8A	0.564548	0.549112	0.39165	0.0	0.0	0.0		1	0.0	0.0	0.0	1.0	1.0	1.0
TIMP3	0.400352	0.482685	0.508117	0.0	0.0	0.0	PF00965	1	0.0	0.0	0.0	1.0	1.0	1.0
TINF2	0.706715	0.765356	0.281715	0.0	0.0	0.0	PF14973	1	0.0	0.0	0.0	1.0	1.0	1.0
TJP2	0.646032	0.617372	0.436368	0.0	0.0	0.0	PF00625	0	0.16014666666666671	0.022491666666666688	-0.18984900000000005	0.0	0.0	0.0
TKT	0.73311	0.639729	0.275128	0.0	0.0	0.0	PF02779	0	0.02557166666666666	0.03579033333333326	-0.04163733333333336	0.0	0.0	0.0
TLK2	0.298529	0.392056	0.83323	0.0	0.0	0.0		1	0.0	0.0	0.0	1.0	1.0	1.0
TMC6	0.792341	0.827963	0.203072	0.0	0.0	0.0		1	0.0	0.0	0.0	1.0	1.0	1.0
TMC8	0.695182	0.784015	0.289272	0.0	0.0	0.0		1	0.0	0.0	0.0	1.0	1.0	1.0
TMCO1	0.608499	0.46497	0.513603	0.0	0.0	0.0		1	0.0	0.0	0.0	1.0	1.0	1.0
TMEM126A	0.828732	0.492137	0.288626	0.0	0.0	0.0		1	0.0	0.0	0.0	1.0	1.0	1.0
TMEM126B	0.71863	0.478913	0.354975	0.0	0.0	0.0		1	0.0	0.0	0.0	1.0	1.0	1.0
TMEM127	0.466237	0.682893	0.347887	0.0	0.0	0.0	PF20517	1	0.0	0.0	0.0	1.0	1.0	1.0
TMEM138	0.795835	0.779662	0.207974	0.0	0.0	0.0	PF14935	1	0.0	0.0	0.0	1.0	1.0	1.0
TMEM165	0.734185	0.610285	0.316998	0.0	0.0	0.0	PF01169	1	0.0	0.0	0.0	1.0	1.0	1.0
TMEM222	0.544388	0.762709	0.402542	0.0	0.0	0.0	PF05608	1	0.0	0.0	0.0	1.0	1.0	1.0
TMEM231	0.574834	0.427842	0.298305	0.0	0.0	0.0	PF10149	1	0.0	0.0	0.0	1.0	1.0	1.0
TMEM237	0.517598	0.474697	0.42676	0.0	0.0	0.0		1	0.0	0.0	0.0	1.0	1.0	1.0
TMEM240	0.68669	0.776804	0.371731	0.0	0.0	0.0		1	0.0	0.0	0.0	1.0	1.0	1.0
TMEM260	0.546723	0.53396	0.392503	0.0	0.0	0.0	PF11028	1	0.0	0.0	0.0	1.0	1.0	1.0
TMEM67	0.645335	0.584876	0.321694	0.0	0.0	0.0	PF09773	1	0.0	0.0	0.0	1.0	1.0	1.0
TMEM70	0.736077	0.498241	0.298059	0.0	0.0	0.0		1	0.0	0.0	0.0	1.0	1.0	1.0
TMEM94	0.589879	0.583449	0.336144	0.0	0.0	0.0		1	0.0	0.0	0.0	1.0	1.0	1.0
TMPRSS6	0.66274	0.697466	0.303993	0.0	0.0	0.0		1	0.0	0.0	0.0	1.0	1.0	1.0
TMTC3	0.756927	0.699138	0.25673	0.0	0.0	0.0	PF08409	1	0.0	0.0	0.0	1.0	1.0	1.0
TMX2	0.549275	0.514527	0.510325	0.0	0.0	0.0	PF00085	1	0.0	0.0	0.0	1.0	1.0	1.0
TNFRSF11B	0.6674	0.738433	0.236462	0.0	0.0	0.0	PF23630	1	0.0	0.0	0.0	1.0	1.0	1.0
TNFRSF13B	0.626627	0.652491	0.398758	0.0	0.0	0.0		1	0.0	0.0	0.0	1.0	1.0	1.0
TNFRSF4	0.728304	0.757818	0.268209	0.0	0.0	0.0	PF00020	0	0.04351299999999991	0.008753999999999929	-0.024337333333333377	0.0	0.0	0.0
TNFSF11	0.700552	0.521386	0.339573	0.0	0.0	0.0	PF00229	0	0.12368000000000001	0.0223545	-0.20320700000000003	0.0	0.0	0.0
TNNI2	0.725141	0.579053	0.291958	0.0	0.0	0.0	PF00992	0	-0.04200599999999999	0.05381800000000003	0.004703333333333337	0.0	0.0	0.0
TNNT2	0.754975	0.42226	0.301035	0.0	0.0	0.0	PF00992	0	-0.012172000000000072	-0.10297499999999998	0.013780333333333339	0.0	0.0	0.0
TNNT3	0.821325	0.574392	0.268771	0.0	0.0	0.0	PF00992	0	0.05417799999999995	0.049157000000000006	-0.018483666666666676	0.0	0.0	0.0
TNRC6B	0.24064	0.360644	0.848329	0.0	0.0	0.0	PF10427	1	0.0	0.0	0.0	1.0	1.0	1.0
TNXB	0.733675	0.577544	0.33249	0.0	0.0	0.0	PF25024	0	0.21589099999999994	0.09938849999999999	-0.19838649999999997	0.0	0.0	0.0
TOE1	0.392318	0.277009	0.541044	0.0	0.0	0.0	PF04857	0	-0.07983849999999998	-0.06314599999999998	0.08865099999999998	0.0	0.0	0.0
TOGARAM1	0.658908	0.486339	0.378902	0.0	0.0	0.0	PF21040	0	0.15633600000000003	0.02463949999999998	-0.19400299999999998	0.0	0.0	0.0
TONSL	0.661522	0.639231	0.270993	0.0	0.0	0.0	PF12796	0	0.13346545454545466	0.060884272727272704	-0.2453685454545454	0.0	0.0	0.0
TOP3A	0.698941	0.538002	0.290997	0.0	0.0	0.0	PF01131	1	0.0	0.0	0.0	1.0	1.0	1.0
TOPORS	0.301508	0.311272	0.728381	0.0	0.0	0.0		1	0.0	0.0	0.0	1.0	1.0	1.0
TOR1A	0.817219	0.609582	0.209006	0.0	0.0	0.0	PF21376	1	0.0	0.0	0.0	1.0	1.0	1.0
TOR1AIP1	0.524507	0.308743	0.429598	0.0	0.0	0.0	PF05609	1	0.0	0.0	0.0	1.0	1.0	1.0
TP53	0.768976	0.816799	0.752245	0.0	0.0	0.0	PF00870	0	0.1938065	0.2759655000000001	-0.03457699999999997	0.0	0.0	0.0
TP53RK	0.7048	0.495266	0.343877	0.0	0.0	0.0	PF06293	1	0.0	0.0	0.0	1.0	1.0	1.0
TP63	0.381363	0.264868	0.821399	0.0	0.0	0.0	PF00870	0	-0.1938065	-0.2759655	0.03457699999999997	0.0	0.0	0.0
TP73	0.426726	0.335152	0.764813	0.0	0.0	0.0		1	0.0	0.0	0.0	1.0	1.0	1.0
TPI1	0.675478	0.510148	0.323912	0.0	0.0	0.0	PF00121	1	0.0	0.0	0.0	1.0	1.0	1.0
TPK1	0.665322	0.463595	0.224743	0.0	0.0	0.0	PF04265	1	0.0	0.0	0.0	1.0	1.0	1.0
TPM2	0.930141	0.683643	0.16464	0.0	0.0	0.0	PF00261	1	0.0	0.0	0.0	1.0	1.0	1.0
TPP1	0.611846	0.458275	0.325559	0.0	0.0	0.0	PF00082	0	0.128593	0.10334650000000001	-0.17433950000000004	0.0	0.0	0.0
TPP2	0.35466	0.251582	0.674238	0.0	0.0	0.0	PF00082	0	-0.128593	-0.10334650000000001	0.17433949999999998	0.0	0.0	0.0
TPRKB	0.63701	0.713095	0.296533	0.0	0.0	0.0	PF08617	1	0.0	0.0	0.0	1.0	1.0	1.0
TPRN	0.60511	0.685686	0.391765	0.0	0.0	0.0		1	0.0	0.0	0.0	1.0	1.0	1.0
TRAF3IP1	0.677918	0.34978	0.396354	0.0	0.0	0.0	PF10243	1	0.0	0.0	0.0	1.0	1.0	1.0
TRAIP	0.743857	0.373877	0.320588	0.0	0.0	0.0	PF13639	1	0.0	0.0	0.0	1.0	1.0	1.0
TRAPPC11	0.557159	0.396477	0.415094	0.0	0.0	0.0		1	0.0	0.0	0.0	1.0	1.0	1.0
TRAPPC12	0.375899	0.348967	0.529046	0.0	0.0	0.0		1	0.0	0.0	0.0	1.0	1.0	1.0
TRAPPC2	0.626163	0.577821	0.290957	0.0	0.0	0.0	PF04628	1	0.0	0.0	0.0	1.0	1.0	1.0
TRAPPC4	0.614718	0.578369	0.337163	0.0	0.0	0.0		1	0.0	0.0	0.0	1.0	1.0	1.0
TRAPPC6B	0.776863	0.442979	0.293549	0.0	0.0	0.0		1	0.0	0.0	0.0	1.0	1.0	1.0
TRAPPC9	0.522079	0.389025	0.470418	0.0	0.0	0.0		1	0.0	0.0	0.0	1.0	1.0	1.0
TRDN	0.516547	0.30452	0.548044	0.0	0.0	0.0	PF05279	0	-0.02812200000000009	-0.09454099999999999	0.132314	0.0	0.0	0.0
TREM2	0.706004	0.723423	0.328069	0.0	0.0	0.0	PF07686	0	0.08881366666666668	0.0645163333333334	-0.057533999999999974	0.0	0.0	0.0
TREX1	0.562375	0.475204	0.454087	0.0	0.0	0.0		1	0.0	0.0	0.0	1.0	1.0	1.0
TRIM2	0.541722	0.553489	0.592825	0.0	0.0	0.0	PF00630	1	0.0	0.0	0.0	1.0	1.0	1.0
TRIM28	0.278127	0.468927	0.80397	0.0	0.0	0.0		1	0.0	0.0	0.0	1.0	1.0	1.0
TRIM32	0.716825	0.718181	0.25459	0.0	0.0	0.0	PF01436	0	0.039317000000000046	0.06247349999999996	-0.034275500000000014	0.0	0.0	0.0
TRIM37	0.748281	0.707768	0.322037	0.0	0.0	0.0	PF22486	0	0.23014250000000003	0.19440999999999997	-0.20581250000000006	0.0	0.0	0.0
TRIM8	0.426502	0.580668	0.577409	0.0	0.0	0.0		1	0.0	0.0	0.0	1.0	1.0	1.0
TRIO	0.424066	0.599556	0.647211	0.0	0.0	0.0	PF13716	0	-0.0029569999999999874	0.0419235	-0.007904499999999981	0.0	0.0	0.0
TRIP11	0.703512	0.416816	0.313605	0.0	0.0	0.0		1	0.0	0.0	0.0	1.0	1.0	1.0
TRIP12	0.221881	0.245642	0.842314	0.0	0.0	0.0	PF00632	0	-0.15611066666666668	-0.10688833333333334	0.19784900000000005	0.0	0.0	0.0
TRIP13	0.438058	0.297097	0.599358	0.0	0.0	0.0	PF00004	0	-0.19406809090909088	-0.18362409090909088	0.16873727272727268	0.0	0.0	0.0
TRIP4	0.640332	0.472707	0.339225	0.0	0.0	0.0	PF04266	1	0.0	0.0	0.0	1.0	1.0	1.0
TRMT10A	0.60697	0.491689	0.34871	0.0	0.0	0.0		1	0.0	0.0	0.0	1.0	1.0	1.0
TRMT10C	0.647868	0.51684	0.240371	0.0	0.0	0.0		1	0.0	0.0	0.0	1.0	1.0	1.0
TRNT1	0.756336	0.586311	0.279359	0.0	0.0	0.0	PF01743	1	0.0	0.0	0.0	1.0	1.0	1.0
TRPA1	0.567606	0.673879	0.337261	0.0	0.0	0.0	PF00023	0	0.008824181818181898	0.012020272727272574	-0.10153800000000002	0.0	0.0	0.0
TRPC3	0.749921	0.821328	0.241694	0.0	0.0	0.0	PF12796	0	0.22186445454545456	0.24298127272727266	-0.2746675454545454	0.0	0.0	0.0
TRPM1	0.628378	0.751873	0.386622	0.0	0.0	0.0		1	0.0	0.0	0.0	1.0	1.0	1.0
TRPM4	0.632087	0.747971	0.301103	0.0	0.0	0.0	PF00520	0	-0.05720468749999996	-0.052704374999999914	-0.097829	0.0	0.0	0.0
TRPS1	0.220494	0.202574	0.865353	0.0	0.0	0.0		1	0.0	0.0	0.0	1.0	1.0	1.0
TRPV3	0.620097	0.765978	0.337727	0.0	0.0	0.0	PF00023	0	0.06131518181818185	0.10411927272727262	-0.101072	0.0	0.0	0.0
TRPV4	0.671764	0.795027	0.33212	0.0	0.0	0.0	PF00023	0	0.11298218181818187	0.1331682727272726	-0.10667899999999997	0.0	0.0	0.0
TRPV6	0.766599	0.845099	0.21114	0.0	0.0	0.0	PF00023	0	0.20781718181818187	0.1832402727272726	-0.227659	0.0	0.0	0.0
TSC1	0.320073	0.382448	0.74129	0.0	0.0	0.0	PF04388	1	0.0	0.0	0.0	1.0	1.0	1.0
TSC2	0.307587	0.357464	0.741043	0.0	0.0	0.0	PF11864	1	0.0	0.0	0.0	1.0	1.0	1.0
TSEN15	0.489826	0.625352	0.470424	0.0	0.0	0.0	PF09631	1	0.0	0.0	0.0	1.0	1.0	1.0
TSEN54	0.505778	0.264006	0.347182	0.0	0.0	0.0	PF12928	1	0.0	0.0	0.0	1.0	1.0	1.0
TSFM	0.549259	0.258343	0.425789	0.0	0.0	0.0	PF25025	1	0.0	0.0	0.0	1.0	1.0	1.0
TSHB	0.603148	0.579032	0.258369	0.0	0.0	0.0		1	0.0	0.0	0.0	1.0	1.0	1.0
TSHR	0.700508	0.730684	0.332307	0.0	0.0	0.0	PF00001	0	-0.014621249999999919	-0.02126075000000005	0.012647999999999993	0.0	0.0	0.0
TSPAN12	0.608809	0.764934	0.27405	0.0	0.0	0.0	PF00335	0	-0.07250449999999997	0.0057555000000000245	0.031218999999999997	0.0	0.0	0.0
TSPAN7	0.625812	0.692476	0.309052	0.0	0.0	0.0		1	0.0	0.0	0.0	1.0	1.0	1.0
TTC12	0.697659	0.633975	0.246235	0.0	0.0	0.0	PF00515	1	0.0	0.0	0.0	1.0	1.0	1.0
TTC19	0.645341	0.640428	0.28431	0.0	0.0	0.0		1	0.0	0.0	0.0	1.0	1.0	1.0
TTC5	0.599973	0.539863	0.309104	0.0	0.0	0.0	PF16669	1	0.0	0.0	0.0	1.0	1.0	1.0
TTC7A	0.596518	0.620138	0.424723	0.0	0.0	0.0		1	0.0	0.0	0.0	1.0	1.0	1.0
TTC8	0.652908	0.598075	0.326367	0.0	0.0	0.0	PF13432	0	0.01866650000000003	-0.037926499999999974	0.00857150000000001	0.0	0.0	0.0
TTLL5	0.616569	0.615188	0.403841	0.0	0.0	0.0	PF03133	1	0.0	0.0	0.0	1.0	1.0	1.0
TTN	0.550851	0.539903	0.484065	0.0	0.0	0.0	PF00041	0	-0.08348189999999989	-0.13407649999999993	0.048414800000000036	0.0	0.0	0.0
TTPA	0.680652	0.727158	0.197356	0.0	0.0	0.0	PF00650	0	0.04536000000000007	0.012830499999999967	-0.005881999999999998	0.0	0.0	0.0
TTR	0.254391	0.404415	0.309284	0.0	0.0	0.0	PF00576	1	0.0	0.0	0.0	1.0	1.0	1.0
TUBA4A	0.775543	0.480981	0.365289	0.0	0.0	0.0	PF00091	0	0.0904569999999999	0.00022733333333330163	-0.09125166666666668	0.0	0.0	0.0
TUBB2B	0.53524	0.426315	0.639357	0.0	0.0	0.0	PF00091	0	-0.14984600000000003	-0.05443866666666669	0.1828163333333333	0.0	0.0	0.0
TUBB4A	0.744475	0.534965	0.364976	0.0	0.0	0.0	PF00091	0	0.059388999999999914	0.054211333333333334	-0.09156466666666663	0.0	0.0	0.0
TUBGCP4	0.57783	0.646071	0.286584	0.0	0.0	0.0	PF04130	1	0.0	0.0	0.0	1.0	1.0	1.0
TUBGCP6	0.558815	0.618267	0.403883	0.0	0.0	0.0	PF19340	1	0.0	0.0	0.0	1.0	1.0	1.0
TUFM	0.696352	0.661379	0.340577	0.0	0.0	0.0	PF00009	1	0.0	0.0	0.0	1.0	1.0	1.0
TULP1	0.607907	0.519581	0.422982	0.0	0.0	0.0	PF01167	1	0.0	0.0	0.0	1.0	1.0	1.0
TUSC3	0.7513	0.604758	0.332257	0.0	0.0	0.0	PF04756	1	0.0	0.0	0.0	1.0	1.0	1.0
TWIST1	0.547395	0.337815	0.629081	0.0	0.0	0.0	PF00010	0	0.047016375	0.00500762499999996	-0.07372449999999997	0.0	0.0	0.0
TWIST2	0.536662	0.239662	0.679551	0.0	0.0	0.0	PF00010	0	0.03628337500000001	-0.09314537500000003	-0.023254499999999956	0.0	0.0	0.0
TXNL4A	0.671698	0.670384	0.323211	0.0	0.0	0.0		1	0.0	0.0	0.0	1.0	1.0	1.0
TYMP	0.733647	0.647223	0.24516	0.0	0.0	0.0	PF02885	1	0.0	0.0	0.0	1.0	1.0	1.0
TYR	0.556014	0.507937	0.381729	0.0	0.0	0.0	PF00264	0	0.008720000000000061	-0.019629000000000008	0.005249000000000004	0.0	0.0	0.0
TYROBP	0.808776	0.848327	0.165729	0.0	0.0	0.0		1	0.0	0.0	0.0	1.0	1.0	1.0
TYRP1	0.538574	0.547195	0.371231	0.0	0.0	0.0	PF00264	0	-0.00871999999999995	0.019629000000000008	-0.005249000000000004	0.0	0.0	0.0
UBA2	0.242355	0.296455	0.717308	0.0	0.0	0.0		1	0.0	0.0	0.0	1.0	1.0	1.0
UBA5	0.696004	0.619289	0.291215	0.0	0.0	0.0	PF00899	1	0.0	0.0	0.0	1.0	1.0	1.0
UBE2A	0.40672	0.557298	0.627571	0.0	0.0	0.0	PF00179	0	-0.20878499999999994	-0.04941200000000001	0.20904299999999998	0.0	0.0	0.0
UBE2T	0.82429	0.656122	0.209485	0.0	0.0	0.0	PF00179	0	0.208785	0.04941200000000001	-0.209043	0.0	0.0	0.0
UBE3A	0.288095	0.483806	0.698737	0.0	0.0	0.0	PF16558	1	0.0	0.0	0.0	1.0	1.0	1.0
UBE3B	0.608982	0.59265	0.306896	0.0	0.0	0.0	PF00632	0	0.23099033333333335	0.24011966666666668	-0.33756899999999995	0.0	0.0	0.0
UBE4A	0.451158	0.528622	0.368042	0.0	0.0	0.0		1	0.0	0.0	0.0	1.0	1.0	1.0
UBR1	0.557871	0.4573	0.378843	0.0	0.0	0.0	PF02617	1	0.0	0.0	0.0	1.0	1.0	1.0
UBR7	0.430819	0.373204	0.510034	0.0	0.0	0.0		1	0.0	0.0	0.0	1.0	1.0	1.0
UBTF	0.205891	0.312884	0.773304	0.0	0.0	0.0		1	0.0	0.0	0.0	1.0	1.0	1.0
UCHL1	0.273761	0.410521	0.553549	0.0	0.0	0.0	PF01088	0	-0.008745000000000003	0.033010500000000054	-0.10811500000000007	0.0	0.0	0.0
UFC1	0.576634	0.593564	0.335224	0.0	0.0	0.0	PF08694	1	0.0	0.0	0.0	1.0	1.0	1.0
UFM1	0.746133	0.513946	0.462415	0.0	0.0	0.0	PF03671	1	0.0	0.0	0.0	1.0	1.0	1.0
UGDH	0.693034	0.561226	0.337203	0.0	0.0	0.0	PF00984	1	0.0	0.0	0.0	1.0	1.0	1.0
UGP2	0.602382	0.486179	0.358521	0.0	0.0	0.0		1	0.0	0.0	0.0	1.0	1.0	1.0
UGT1A1	0.795627	0.719204	0.173169	0.0	0.0	0.0	PF00201	1	0.0	0.0	0.0	1.0	1.0	1.0
UMOD	0.571839	0.597631	0.344896	0.0	0.0	0.0	PF23283	1	0.0	0.0	0.0	1.0	1.0	1.0
UMPS	0.702929	0.539623	0.281233	0.0	0.0	0.0	PF00215	1	0.0	0.0	0.0	1.0	1.0	1.0
UNC80	0.55354	0.515307	0.537356	0.0	0.0	0.0		1	0.0	0.0	0.0	1.0	1.0	1.0
UNG	0.583681	0.364883	0.356859	0.0	0.0	0.0	PF03167	1	0.0	0.0	0.0	1.0	1.0	1.0
UPF3B	0.347668	0.303206	0.872241	0.0	0.0	0.0	PF03467	1	0.0	0.0	0.0	1.0	1.0	1.0
UQCRB	0.748644	0.58441	0.25329	0.0	0.0	0.0	PF02271	1	0.0	0.0	0.0	1.0	1.0	1.0
UQCRC2	0.722269	0.46759	0.371089	0.0	0.0	0.0	PF00675	1	0.0	0.0	0.0	1.0	1.0	1.0
UQCRFS1	0.629317	0.512038	0.4575	0.0	0.0	0.0	PF00355	1	0.0	0.0	0.0	1.0	1.0	1.0
UQCRQ	0.843941	0.712298	0.209099	0.0	0.0	0.0	PF02939	1	0.0	0.0	0.0	1.0	1.0	1.0
UROS	0.734248	0.455563	0.216438	0.0	0.0	0.0	PF02602	1	0.0	0.0	0.0	1.0	1.0	1.0
USB1	0.628232	0.381776	0.290438	0.0	0.0	0.0	PF09749	1	0.0	0.0	0.0	1.0	1.0	1.0
USH1C	0.698573	0.76791	0.337502	0.0	0.0	0.0	PF00595	0	0.03569600000000006	0.05146799999999996	-0.08342549999999999	0.0	0.0	0.0
USH1G	0.740837	0.764575	0.340094	0.0	0.0	0.0	PF12796	0	0.21278045454545458	0.18622827272727271	-0.17626754545454537	0.0	0.0	0.0
USH2A	0.678056	0.61345	0.421531	0.0	0.0	0.0	PF00053	0	-0.010125874999999951	-0.08567849999999999	0.1469145	0.0	0.0	0.0
USP18	0.72876	0.710522	0.199645	0.0	0.0	0.0		1	0.0	0.0	0.0	1.0	1.0	1.0
USP27X	0.489714	0.550829	0.546876	0.0	0.0	0.0	PF00443	0	-0.09206650000000005	0.03867149999999997	0.08853250000000001	0.0	0.0	0.0
USP45	0.673847	0.473486	0.369811	0.0	0.0	0.0	PF00443	0	0.09206649999999994	-0.038671500000000025	-0.08853250000000001	0.0	0.0	0.0
USP7	0.287996	0.318948	0.733662	0.0	0.0	0.0	PF22486	0	-0.23014249999999997	-0.19440999999999997	0.20581249999999995	0.0	0.0	0.0
USP9X	0.349121	0.552187	0.677845	0.0	0.0	0.0	PF25010	1	0.0	0.0	0.0	1.0	1.0	1.0
UVSSA	0.506422	0.425053	0.41949	0.0	0.0	0.0	PF09740	1	0.0	0.0	0.0	1.0	1.0	1.0
VAMP2	0.768987	0.710052	0.420963	0.0	0.0	0.0	PF00957	1	0.0	0.0	0.0	1.0	1.0	1.0
VAPB	0.637062	0.507102	0.491809	0.0	0.0	0.0	PF00635	1	0.0	0.0	0.0	1.0	1.0	1.0
VCAN	0.399576	0.381598	0.608089	0.0	0.0	0.0		1	0.0	0.0	0.0	1.0	1.0	1.0
VDR	0.658923	0.534371	0.366961	0.0	0.0	0.0	PF00104	0	0.19248046153846154	0.14568946153846163	-0.2791335384615383	0.0	0.0	0.0
VHL	0.59031	0.638798	0.287167	0.0	0.0	0.0	PF01847	1	0.0	0.0	0.0	1.0	1.0	1.0
VIPAS39	0.608425	0.365453	0.356564	0.0	0.0	0.0	PF04840	1	0.0	0.0	0.0	1.0	1.0	1.0
VLDLR	0.664704	0.744695	0.319302	0.0	0.0	0.0	PF07645	0	0.027533999999999947	0.012140499999999999	-0.046255500000000005	0.0	0.0	0.0
VMA12	0.622559	0.560552	0.372742	1.0	1.0	1.0	PF11712	1	0.0	0.0	0.0	1.0	1.0	1.0
VMA22	0.622559	0.560552	0.372742	1.0	1.0	1.0	PF21730	1	0.0	0.0	0.0	1.0	1.0	1.0
VPS13B	0.576953	0.378604	0.358047	0.0	0.0	0.0		1	0.0	0.0	0.0	1.0	1.0	1.0
VPS33A	0.434694	0.356375	0.366271	0.0	0.0	0.0	PF00995	0	0.05968633333333334	0.0035513333333333508	-0.11627133333333323	0.0	0.0	0.0
VPS33B	0.437431	0.352134	0.368289	0.0	0.0	0.0	PF00995	0	0.06242333333333333	-0.000689666666666644	-0.11425333333333326	0.0	0.0	0.0
VPS4A	0.542625	0.407336	0.556834	0.0	0.0	0.0	PF00004	0	-0.08950109090909086	-0.0733850909090909	0.12621327272727279	0.0	0.0	0.0
VPS53	0.742655	0.686821	0.289472	0.0	0.0	0.0	PF16854	1	0.0	0.0	0.0	1.0	1.0	1.0
VRK1	0.652513	0.551589	0.344131	0.0	0.0	0.0	PF00069	0	0.09221479166666668	-0.029520374999999932	-0.17346574999999992	0.0	0.0	0.0
VSX2	0.753637	0.486536	0.452357	0.0	0.0	0.0	PF00046	0	0.15584488235294114	0.07659647058823532	-0.20567282352941174	0.0	0.0	0.0
WAC	0.222281	0.166356	0.895089	0.0	0.0	0.0		1	0.0	0.0	0.0	1.0	1.0	1.0
WARS2	0.738853	0.585521	0.286592	0.0	0.0	0.0	PF00579	0	0.05896849999999998	0.04435900000000004	-0.06656000000000001	0.0	0.0	0.0
WASHC5	0.63782	0.680927	0.297787	0.0	0.0	0.0	PF10266	1	0.0	0.0	0.0	1.0	1.0	1.0
WDFY3	0.248778	0.278178	0.748374	0.0	0.0	0.0	PF23295	1	0.0	0.0	0.0	1.0	1.0	1.0
WDPCP	0.609947	0.401794	0.383854	0.0	0.0	0.0		1	0.0	0.0	0.0	1.0	1.0	1.0
WDR11	0.537091	0.388037	0.45835	0.0	0.0	0.0	PF23751	1	0.0	0.0	0.0	1.0	1.0	1.0
WDR19	0.61341	0.456834	0.355126	0.0	0.0	0.0	PF23389	1	0.0	0.0	0.0	1.0	1.0	1.0
WDR26	0.254355	0.347487	0.832978	0.0	0.0	0.0		1	0.0	0.0	0.0	1.0	1.0	1.0
WDR35	0.556925	0.440395	0.41611	0.0	0.0	0.0	PF23390	1	0.0	0.0	0.0	1.0	1.0	1.0
WDR45	0.299033	0.324084	0.766149	0.0	0.0	0.0	PF21032	1	0.0	0.0	0.0	1.0	1.0	1.0
WDR62	0.634725	0.668849	0.435329	0.0	0.0	0.0	PF24780	1	0.0	0.0	0.0	1.0	1.0	1.0
WDR73	0.545246	0.457888	0.469808	0.0	0.0	0.0		1	0.0	0.0	0.0	1.0	1.0	1.0
WEE2	0.71212	0.548832	0.399704	0.0	0.0	0.0	PF00069	0	0.15182179166666665	-0.03227737499999994	-0.11789274999999994	0.0	0.0	0.0
WFS1	0.461445	0.534118	0.475085	0.0	0.0	0.0	PF20053	1	0.0	0.0	0.0	1.0	1.0	1.0
WHRN	0.635423	0.65086	0.513958	0.0	0.0	0.0		1	0.0	0.0	0.0	1.0	1.0	1.0
WNK1	0.273271	0.341421	0.798659	0.0	0.0	0.0		1	0.0	0.0	0.0	1.0	1.0	1.0
WNK4	0.555506	0.589396	0.539105	0.0	0.0	0.0	PF24889	1	0.0	0.0	0.0	1.0	1.0	1.0
WNT1	0.593083	0.317054	0.427644	0.0	0.0	0.0	PF00110	0	0.016676750000000018	-0.011761999999999995	0.021637000000000017	0.0	0.0	0.0
WNT10B	0.657648	0.412777	0.308241	0.0	0.0	0.0	PF00110	0	0.08124175	0.08396100000000001	-0.09776600000000002	0.0	0.0	0.0
WNT3	0.39321	0.280715	0.571343	0.0	0.0	0.0	PF00110	0	-0.18319625	-0.048101000000000005	0.16533600000000004	0.0	0.0	0.0
WNT7A	0.661684	0.304718	0.3168	0.0	0.0	0.0	PF00110	0	0.08527775000000004	-0.02409800000000001	-0.08920699999999998	0.0	0.0	0.0
WRAP53	0.562908	0.491055	0.453229	0.0	0.0	0.0	PF00400	0	-0.10834937499999997	-0.02501687499999994	0.054515250000000015	0.0	0.0	0.0
WRN	0.587751	0.355702	0.424653	0.0	0.0	0.0	PF00270	0	0.02736562500000006	-0.062179625000000016	-0.06342350000000002	0.0	0.0	0.0
WT1	0.378033	0.249173	0.87266	0.0	0.0	0.0		1	0.0	0.0	0.0	1.0	1.0	1.0
WWOX	0.660197	0.659565	0.32079	0.0	0.0	0.0	PF00106	0	-0.09137612499999992	0.056893249999999895	0.06380400000000003	0.0	0.0	0.0
XDH	0.642125	0.72768	0.351596	0.0	0.0	0.0	PF01315	1	0.0	0.0	0.0	1.0	1.0	1.0
XPA	0.702957	0.604346	0.284101	0.0	0.0	0.0	PF05181	1	0.0	0.0	0.0	1.0	1.0	1.0
XPC	0.583678	0.283117	0.370348	0.0	0.0	0.0	PF10403	1	0.0	0.0	0.0	1.0	1.0	1.0
XPNPEP3	0.650377	0.608361	0.29068	0.0	0.0	0.0	PF05195	0	0.035706000000000016	-0.0453055	-0.03737299999999999	0.0	0.0	0.0
XPR1	0.407062	0.619522	0.584142	0.0	0.0	0.0	PF03124	1	0.0	0.0	0.0	1.0	1.0	1.0
XRCC4	0.634747	0.218397	0.306127	0.0	0.0	0.0	PF06632	1	0.0	0.0	0.0	1.0	1.0	1.0
XYLT1	0.374391	0.46585	0.639218	0.0	0.0	0.0	PF02485	0	-0.08699733333333332	-0.078928	0.15250233333333324	0.0	0.0	0.0
XYLT2	0.371691	0.470602	0.601919	0.0	0.0	0.0	PF02485	0	-0.0896973333333333	-0.07417599999999996	0.11520333333333327	0.0	0.0	0.0
YAP1	0.349333	0.415067	0.836826	0.0	0.0	0.0	PF15238	1	0.0	0.0	0.0	1.0	1.0	1.0
YARS2	0.620916	0.496803	0.419712	0.0	0.0	0.0	PF00579	0	-0.05896849999999998	-0.044358999999999926	0.06655999999999995	0.0	0.0	0.0
YRDC	0.519122	0.385885	0.445109	0.0	0.0	0.0	PF01300	1	0.0	0.0	0.0	1.0	1.0	1.0
YWHAG	0.498144	0.433492	0.58144	0.0	0.0	0.0	PF00244	1	0.0	0.0	0.0	1.0	1.0	1.0
ZAP70	0.557372	0.696945	0.486992	0.0	0.0	0.0	PF07714	0	-0.005631000000000053	0.0076386666666665715	-0.0036344999999999295	0.0	0.0	0.0
ZBTB11	0.603891	0.425178	0.40873	0.0	0.0	0.0	PF00651	0	0.04084224999999997	-0.017664750000000007	-0.10913275000000006	0.0	0.0	0.0
ZBTB18	0.279702	0.3037	0.819731	0.0	0.0	0.0		1	0.0	0.0	0.0	1.0	1.0	1.0
ZBTB20	0.400214	0.30464	0.753752	0.0	0.0	0.0	PF00651	0	-0.16283474999999997	-0.13820274999999999	0.23588924999999994	0.0	0.0	0.0
ZBTB24	0.640688	0.41801	0.429614	0.0	0.0	0.0	PF00651	0	0.07763925000000005	-0.024832750000000015	-0.08824875000000004	0.0	0.0	0.0
ZC4H2	0.373737	0.466827	0.714957	0.0	0.0	0.0	PF10146	1	0.0	0.0	0.0	1.0	1.0	1.0
ZDHHC9	0.529585	0.64563	0.496015	0.0	0.0	0.0	PF01529	1	0.0	0.0	0.0	1.0	1.0	1.0
ZEB1	0.248651	0.190495	0.804101	0.0	0.0	0.0	PF00096	0	-0.13745313333333337	-0.07850933333333329	-0.0015271333333335413	0.0	0.0	0.0
ZEB2	0.189992	0.170562	0.902845	0.0	0.0	0.0	PF00096	0	-0.19611213333333338	-0.0984423333333333	0.09721686666666651	0.0	0.0	0.0
ZFHX4	0.301395	0.24242	0.841622	0.0	0.0	0.0		1	0.0	0.0	0.0	1.0	1.0	1.0
ZFP57	0.701192	0.684506	0.347761	0.0	0.0	0.0		1	0.0	0.0	0.0	1.0	1.0	1.0
ZFYVE19	0.618778	0.598386	0.336455	0.0	0.0	0.0	PF22586	0	0.06567650000000003	0.010924999999999963	-0.129179	0.0	0.0	0.0
ZFYVE26	0.631355	0.443597	0.365768	0.0	0.0	0.0	PF01363	0	0.1444433333333333	-0.047795333333333356	-0.12591800000000009	0.0	0.0	0.0
ZIC1	0.578072	0.252415	0.877934	0.0	0.0	0.0	PF00096	0	0.19196786666666665	-0.01658933333333329	0.0723058666666665	0.0	0.0	0.0
ZIC2	0.476844	0.25484	0.911081	0.0	0.0	0.0	PF00096	0	0.09073986666666661	-0.014164333333333279	0.10545286666666653	0.0	0.0	0.0
ZIC3	0.477683	0.211786	0.901654	0.0	0.0	0.0	PF00096	0	0.09157886666666665	-0.05721833333333329	0.09602586666666646	0.0	0.0	0.0
ZMIZ1	0.336267	0.145521	0.842829	0.0	0.0	0.0	PF25527	1	0.0	0.0	0.0	1.0	1.0	1.0
ZMPSTE24	0.72282	0.668005	0.29201	0.0	0.0	0.0	PF01435	1	0.0	0.0	0.0	1.0	1.0	1.0
ZMYM2	0.315224	0.304458	0.669265	0.0	0.0	0.0		1	0.0	0.0	0.0	1.0	1.0	1.0
ZMYND10	0.682903	0.784877	0.221134	0.0	0.0	0.0	PF01753	1	0.0	0.0	0.0	1.0	1.0	1.0
ZMYND11	0.203876	0.266512	0.826056	0.0	0.0	0.0	PF00439	0	-0.017624499999999987	-0.01429649999999999	-0.019039833333333256	0.0	0.0	0.0
ZNF142	0.602903	0.535274	0.405341	0.0	0.0	0.0		1	0.0	0.0	0.0	1.0	1.0	1.0
ZNF148	0.234485	0.225329	0.871536	0.0	0.0	0.0	PF00096	0	-0.15161913333333338	-0.04367533333333329	0.06590786666666648	0.0	0.0	0.0
ZNF292	0.240136	0.155873	0.818636	0.0	0.0	0.0		1	0.0	0.0	0.0	1.0	1.0	1.0
ZNF335	0.525711	0.312503	0.500123	0.0	0.0	0.0	PF00096	0	0.13960686666666666	0.043498666666666685	-0.3055051333333335	0.0	0.0	0.0
ZNF408	0.647711	0.530517	0.345811	0.0	0.0	0.0	PF21549	0	0.11167500000000008	0.03761199999999998	-0.19051450000000003	0.0	0.0	0.0
ZNF462	0.171045	0.181963	0.872393	0.0	0.0	0.0		1	0.0	0.0	0.0	1.0	1.0	1.0
ZNF469	0.323433	0.338723	0.697248	0.0	0.0	0.0	PF00096	0	-0.06267113333333335	0.0697186666666667	-0.10838013333333352	0.0	0.0	0.0
ZNF711	0.409554	0.315839	0.779308	0.0	0.0	0.0		1	0.0	0.0	0.0	1.0	1.0	1.0
ZNHIT3	0.575939	0.392788	0.331939	0.0	0.0	0.0	PF04438	1	0.0	0.0	0.0	1.0	1.0	1.0
ZSWIM6	0.228707	0.427306	0.832162	0.0	0.0	0.0		1	0.0	0.0	0.0	1.0	1.0	1.0
