gene	pfam_family	is_singleton_family	pLI	pLI_missing	pLI_familyresid	pLI_familyresid_missing	LOEUF	LOEUF_missing	LOEUF_familyresid	LOEUF_familyresid_missing	mis_z	mis_z_missing	mis_z_familyresid	mis_z_familyresid_missing	paralog_count	paralog_count_missing	paralog_count_familyresid	paralog_count_familyresid_missing	tissue_specificity_tau	tissue_specificity_tau_missing	tissue_specificity_tau_familyresid	tissue_specificity_tau_familyresid_missing	log_abundance_ppm	log_abundance_ppm_missing	log_abundance_ppm_familyresid	log_abundance_ppm_familyresid_missing	PPI_degree	PPI_degree_missing	PPI_degree_familyresid	PPI_degree_familyresid_missing	HI_score	HI_score_missing	HI_score_familyresid	HI_score_familyresid_missing	TS_score	TS_score_missing	TS_score_familyresid	TS_score_familyresid_missing
AAAS	PF25460	1	8.9231e-16	0	0.0	0	0.921	0	0.0	0	0.88677	0	0.0	0	0	0	0.0	0	0.2	0	0.0	0	0.8998751960210107	0	0.0	0	7	0	0.0	0		1		1		1		1
AARS1	PF02272	1	4.04e-14	0	0.0	0	0.772	0	0.0	0	1.0453	0	0.0	0	2	0	0.0	0	0.2	0	0.0	0	1.8848010261608559	0	0.0	0		1		1	0	0	0.0	0	0	0	0.0	0
AARS2	PF01411	1	1.8233e-15	0	0.0	0	0.752	0	0.0	0	1.8985	0	0.0	0	2	0	0.0	0	0.2	0	0.0	0	0.6335694425540919	0	0.0	0	20	0	0.0	0		1		1		1		1
AASS	PF05222	1	4.5131e-21	0	0.0	0	0.948	0	0.0	0	1.5093	0	0.0	0	0	0	0.0	0	0.2	0	0.0	0	0.47871075551275927	0	0.0	0	4	0	0.0	0		1		1	0	0	0.0	0
ABAT	PF00202	0	1.1757e-10	0	-1.13906215e-07	0	0.871	0	-0.04849999999999999	0	0.75346	0	-0.4548700000000001	0	4	0	0.0	0	0.6	0	0.0	0	1.2175102642940272	0	-0.1906455908694593	0	9	0	0.0	0		1		1		1		1
ABCA1	PF12698	0	2.3118e-12	0	1.5411839526666667e-12	0	0.563	0	-0.08066666666666678	0	3.076	0	0.6150333333333333	0	11	0	0.0	0	0.2	0	-0.3	0	-1.0705810742857071	0	0.0466127378499559	0		1		1		1		1		1		1
ABCA12	PF12698	0	4.8142e-17	0	-7.705679053333333e-13	0	0.582	0	-0.06166666666666676	0	2.9254	0	0.46443333333333303	0	11	0	0.0	0	0.6	0	0.09999999999999998	0	-1.1135092748275182	0	0.0036845373081448862	0		1		1		1		1		1		1
ABCA4	PF12698	0	3.4822e-43	0	-7.706160473333333e-13	0	0.786	0	0.1423333333333333	0	1.3815	0	-1.0794666666666668	0	11	0	0.0	0	0.7	0	0.19999999999999996	0	-1.1674910872937636	0	-0.05029727515810056	0		1		1		1		1		1		1
ABCB11	PF00664	0	9.5597e-15	0	-1.8186249928302251e-06	0	0.739	0	-0.10225000000000006	0	1.2052	0	-0.8446749999999996	0	10	0	-0.75	0	0.8	0	0.2500000000000001	0	-1.2924298239020635	0	0.13136356134216665	0		1		1		1		1	0	0	0.0	0
ABCC6	PF00664	0	1.2351e-33	0	-1.8186250023899252e-06	0	0.917	0	0.07574999999999998	0	1.031	0	-1.0188749999999998	0	11	0	0.25	0	0.6	0	0.050000000000000044	0	-0.9393021596463883	0	0.48449122559784186	0		1		1		1		1		1		1
ABCC9	PF00664	0	7.2745e-06	0	5.455874997610075e-06	0	0.557	0	-0.28425	0	7.0369	0	4.987025000000001	0	11	0	0.25	0	0.2	0	-0.3499999999999999	0	-2.0969100130080562	0	-0.6731166277638261	0	1	0	0.0	0		1		1		1		1
ABCD1	PF06472	0		1		1		1		1		1		1	3	0	0.0	0	0.2	0	0.0	0	-0.04431224968649419	0	0.32196694462887576	0	25	0	-1.0	0	3	0	0.0	0	0	0	0.0	0
ABCD4	PF06472	0	4.0217e-10	0	0.0	0	0.772	0	0.0	0	0.53147	0	0.0	0	3	0	0.0	0	0.2	0	0.0	0	-0.6882461389442457	0	-0.32196694462887576	0	27	0	1.0	0		1		1		1		1
ABCG5	PF01061	0	8.1322e-20	0	4.066099999974034e-20	0	1.219	0	-0.05499999999999994	0	-1.0834	0	0.7631500000000002	0	4	0	0.0	0	0.7	0	0.0	0	-1.3279021420642825	0	-0.026089005832535594	0		1		1		1		1	0	0	0.0	0
ABCG8	PF01061	0	5.1931e-31	0	-4.066099999974035e-20	0	1.329	0	0.05499999999999994	0	-2.6097	0	-0.76315	0	4	0	0.0	0	0.7	0	0.0	0	-1.275724130399211	0	0.026089005832535817	0	4	0	0.0	0		1		1	0	0	0.0	0
ABHD12	PF00561	0	7.5081e-10	0	-1.5190612666666667e-07	0	0.967	0	-0.1216666666666667	0	-0.50211	0	-0.7844366666666667	0	7	0	-1.666666666666666	0	0.2	0	-0.1333333333333333	0	0.9186069151449818	0	-0.16050501797698358	0	11	0	5.0	0		1		1		1		1
ABHD16A	PF22990	1	4.0184e-07	0	0.0	0	0.686	0	0.0	0	1.9771	0	0.0	0	7	0	0.0	0	0.2	0	0.0	0	0.6731131042382337	0	0.0	0	11	0	0.0	0		1		1		1		1
ABHD5	PF00561	0	3.4236e-07	0	1.8970306333333333e-07	0	0.922	0	-0.16666666666666663	0	0.70878	0	0.4264533333333333	0	12	0	3.333333333333334	0	0.2	0	-0.1333333333333333	0	1.1173044466410025	0	0.038192513519037075	0	6	0	0.0	0		1		1		1		1
ABL1	PF08919	1	1.0	0	0.0	0	0.19	0	0.0	0	4.2885	0	0.0	0	32	0	0.0	0	0.2	0	0.0	0	0.07591176148277744	0	0.0	0	8	0	0.0	0		1		1		1		1
ACAD8	PF00441	0	6.951e-14	0	-4.865151083041666e-06	0	1.11	0	0.20116666666666672	0	0.88893	0	-0.003098333333333314	0	14	0	0.0	0	0.2	0	-0.2666666666666667	0	0.6849350826408896	0	-0.7239648421001302	0	11	0	5.0	0		1		1	0	0	0.0	0
ACAD9	PF21343	0	1.1413e-12	0	5.7064999987875e-13	0	0.884	0	-0.09649999999999992	0	0.86095	0	0.37999	0	14	0	0.0	0	0.2	0	0.0	0	1.4785809237422776	0	-0.38098541023922405	0	37	0	7.0	0		1		1		1		1
ACADM	PF00441	0	6.8458e-12	0	-4.865144306751666e-06	0	1.072	0	0.16316666666666668	0	0.42409	0	-0.4679383333333333	0	14	0	0.0	0	0.6	0	0.13333333333333325	0	2.0718856877522414	0	0.6629857630112215	0		1		1		1		1	0	0	0.0	0
ACADS	PF00441	0	3.5192e-06	0	-1.345951152551666e-06	0	0.852	0	-0.0568333333333334	0	0.79366	0	-0.09836833333333328	0	14	0	0.0	0	0.6	0	0.13333333333333325	0	1.346372536824548	0	-0.06252738791647183	0	8	0	2.0	0		1		1		1		1
ACADSB	PF00441	0	7.245e-07	0	-4.140651152551666e-06	0	0.891	0	-0.017833333333333368	0	-0.10091	0	-0.9929383333333333	0	14	0	0.0	0	0.6	0	0.13333333333333325	0	1.4713063829219797	0	0.0624064581809598	0	2	0	-4.0	0		1		1		1		1
ACADVL	PF21343	0	2.425e-22	0	-5.7064999987875e-13	0	1.077	0	0.09650000000000003	0	0.10097	0	-0.37999	0	14	0	0.0	0	0.2	0	0.0	0	2.240551744220726	0	0.3809854102392243	0	23	0	-7.0	0		1		1	0	0	0.0	0
ACAN	PF00059	0	1.0	0	0.0	0	0.377	0	0.006500000000000006	0	0.32052	0	2.99356	0	7	0	-1.5	0	0.8	0	0.10000000000000009	0	-0.21395878975744578	0	0.8199565872821581	0		1		1		1		1		1		1
ACAT1	PF02803	0	0.00031856	0	0.00010628500000000002	0	0.798	0	-0.1735	0	1.0654	0	0.11681499999999989	0	6	0	1.0	0	0.6	0	0.0	0	2.100373991885488	0	-0.11502090543621435	0	1	0	-12.0	0		1		1		1		1
ACBD5		0	2.2882e-06	0		1	0.734	0		1	1.6734	0		1	4	0		1	0.2	0		1	0.20167017964658152	0		1	6	0		1		1		1		1		1
ACBD6		0	1.2278e-05	0		1	1.037	0		1	0.15707	0		1	0	0		1	0.2	0		1	0.1525940779274697	0		1	13	0		1		1		1		1		1
ACE	PF01401	1	6.2381e-32	0	0.0	0	0.88	0	0.0	0	-0.50314	0	0.0	0	1	0	0.0	0	0.6	0	0.0	0	0.19340290306241747	0	0.0	0	2	0	0.0	0		1		1		1		1
ACER3	PF05875	1	0.30464	0	0.0	0	0.815	0	0.0	0	0.87127	0	0.0	0	2	0	0.0	0	0.2	0	0.0	0	0.4565178578052626	0	0.0	0	6	0	0.0	0		1		1		1		1
ACO2	PF00330	1	0.98113	0	0.0	0	0.489	0	0.0	0	4.3358	0	0.0	0	2	0	0.0	0	0.6	0	0.0	0	2.2900368385079966	0	0.0	0		1		1		1		1		1		1
ACOX1	PF01756	1	1.7103e-05	0	0.0	0	0.67	0	0.0	0	3.067	0	0.0	0	14	0	0.0	0	0.6	0	0.0	0	1.6785274836507977	0	0.0	0	27	0	0.0	0		1		1	0	0	0.0	0
ACP5	PF00149	0	8.6434e-08	0	-0.4999874352390075	0	1.14	0	0.51525	0	1.4621	0	-1.6938749999999998	0	0	0	-6.0	0	0.6	0	0.19999999999999996	0	-0.056011124926228104	0	-1.0532520260308686	0	6	0	-20.333333333333332	0		1		1	0	0	0.0	0
ACSL4		0		1		1		1		1		1		1	12	0		1	0.2	0		1	1.2810561045835043	0		1	18	0		1		1		1	0	0		1
ACTB	PF00022	0	1.0	0	0.5137633333330125	0	0.193	0	-0.39499999999999996	0	7.6921	0	2.3735	0	26	0	0.0	0	0.2	0	-0.16666666666666669	0	3.8384083414993295	0	1.3324235418274744	0	57	0	13.0	0	0	0	0.0	0	0	0	0.0	0
ACTG1	PF00022	0	0.45871	0	-0.027526666666987443	0	0.617	0	0.029000000000000026	0	4.8895	0	-0.42910000000000004	0	26	0	0.0	0	0.2	0	-0.16666666666666669	0	3.835690634893075	0	1.3297058352212199	0		1		1		1		1		1		1
ACTL6B	PF00022	0	9.6229e-13	0	-0.48623666666602516	0	0.954	0	0.366	0	3.3742	0	-1.9444	0	26	0	0.0	0	0.7	0	0.33333333333333326	0	-0.15614457737683893	0	-2.6621293770486942	0	31	0	-13.0	0		1		1		1		1
ACVR1	PF01064	0	2.4131e-08	0	-0.7928059806952001	0	0.835	0	0.3858	0	2.9548	0	-0.05859999999999976	0	11	0	0.0	0	0.2	0	-0.07999999999999996	0	-0.7099653886374819	0	0.2854420699421869	0	13	0	-3.3999999999999986	0		1		1		1		1
ACVRL1	PF07714	0	0.51066	0	-0.0760041435783333	0	0.57	0	-0.009500000000000064	0	3.1905	0	0.6659450000000002	0	11	0	-16.0	0	0.6	0	0.09999999999999987	0	-0.8239087409443188	0	-1.4954540997929953	0	2	0	-28.333333333333332	0	3	0	1.5	0	0	0	0.0	0
ACY1	PF07687	1	1.516e-09	0	0.0	0	0.9	0	0.0	0	1.2671	0	0.0	0	3	0	0.0	0	0.7	0	0.0	0	0.9243309847086784	0	0.0	0	13	0	0.0	0		1		1		1		1
ADA	PF00962	0	9.64e-15	0	-2.69499999518e-06	0	1.184	0	0.15250000000000008	0	0.4697	0	0.07247000000000003	0	2	0	-0.5	0	0.7	0	0.050000000000000044	0	2.086363390450994	0	0.8850916457787708	0	1	0	0.0	0		1		1		1		1
ADA2	PF00962	0	5.39e-06	0	2.69499999518e-06	0	0.879	0	-0.15249999999999986	0	0.32476	0	-0.07246999999999998	0	3	0	0.5	0	0.6	0	-0.04999999999999993	0	0.31618009889345255	0	-0.8850916457787709	0		1		1		1		1	0	0	0.0	0
ADAM22	PF08516	1	0.55288	0	0.0	0	0.518	0	0.0	0	2.2901	0	0.0	0	20	0	0.0	0	0.8	0	0.0	0	-0.6161846340195687	0	0.0	0	6	0	0.0	0		1		1		1		1
ADAM9		0	0.0018051	0		1	0.575	0		1	2.3253	0		1	20	0		1	0.2	0		1	0.20978301484851494	0		1	35	0		1		1		1	0	0		1
ADAMTS10	PF17771	0	0.99647	0	0.6643133333333333	0	0.467	0	-0.34600000000000003	0	3.8057	0	3.59231	0	25	0	0.0	0	0.2	0	-0.3	0	-1.193820026016113	0	-0.42394304412201034	0		1		1		1		1		1		1
ADAMTS13	PF17771	0	9.9963e-30	0	-0.33215666666666666	0	0.917	0	0.10399999999999998	0	0.92747	0	0.7140800000000002	0	25	0	0.0	0	0.6	0	0.09999999999999998	0	0.36567514045591765	0	1.1355521223500202	0	24	0	10.0	0		1		1		1		1
ADAMTS17	PF23178	1	2.2942e-31	0	0.0	0	0.966	0	0.0	0	-1.5379	0	0.0	0	25	0	0.0	0	0.6	0	0.0	0	-1.494850021680094	0	0.0	0	17	0	0.0	0		1		1	0	0	0.0	0
ADAMTS18	PF17771	0	1.0763e-48	0	-0.33215666666666666	0	1.055	0	0.24199999999999988	0	-4.093	0	-4.3063899999999995	0	25	0	0.0	0	0.7	0	0.19999999999999996	0	-1.4814860601221125	0	-0.7116090782280099	0	4	0	-10.0	0		1		1	0	0	0.0	0
ADAMTS19		0	5.2776e-18	0		1	0.83	0		1	-0.38527	0		1	25	0		1	0.6	0		1	-2.3010299956639813	0		1	1	0		1		1		1		1		1
ADAMTS2		0	0.0010101	0		1	0.568	0		1	1.4864	0		1	25	0		1	0.2	0		1	-0.4067139329795427	0		1	45	0		1		1		1	0	0		1
ADAMTSL2	PF19236	0	2.271e-08	0	1.1355e-08	0	0.679	0	-0.12050000000000005	0	1.0796	0	0.07192999999999983	0	25	0	0.0	0	0.6	0	0.19999999999999996	0	0.4347285417797577	0	-0.22019531184140528	0		1		1		1		1	0	0	0.0	0
ADAMTSL4	PF19236	0	1.1088e-25	0	-1.1355e-08	0	0.92	0	0.12049999999999994	0	0.93574	0	-0.07193000000000005	0	25	0	0.0	0	0.2	0	-0.2	0	0.8751191654625682	0	0.22019531184140517	0		1		1		1		1		1		1
ADAR	PF02137	1	0.99972	0	0.0	0	0.449	0	0.0	0	3.4201	0	0.0	0	14	0	0.0	0	0.2	0	0.0	0	1.4377664126947316	0	0.0	0	8	0	0.0	0		1		1		1		1
ADCY5	PF16214	1	1.0	0	0.0	0	0.326	0	0.0	0	4.4785	0	0.0	0	17	0	0.0	0	0.6	0	0.0	0	-1.2218487496163564	0	0.0	0		1		1		1		1		1		1
ADGRG1	PF00002	0	6.3056e-12	0	-4.8333748270799997e-05	0	0.871	0	0.08125000000000004	0	1.4013	0	-0.014936499999999908	0	42	0	8.75	0	0.6	0	-0.15000000000000002	0	0.2506639194632435	0	1.5973773209096391	0		1		1		1		1	0	0	0.0	0
ADGRG6		0	0.16537	0		1	0.63	0		1	0.89445	0		1	42	0		1	0.6	0		1	-0.012333735073725434	0		1		1		1		1		1		1		1
ADGRV1	PF00002	0	6.4034e-36	0	-4.8333754576399994e-05	0	0.637	0	-0.15274999999999994	0	2.3256	0	0.9093635000000002	0	7	0	-26.25	0	0.8	0	0.050000000000000044	0	-1.9208187539523751	0	-0.5741053525059796	0		1		1		1		1	0	0	0.0	0
ADK	PF00294	1	0.00021733	0	0.0	0	0.893	0	0.0	0	1.7207	0	0.0	0	12	0	0.0	0	0.6	0	0.0	0	1.6031552027714753	0	0.0	0	1	0	0.0	0		1		1		1		1
ADNP	PF19627	1	1.0	0	0.0	0	0.106	0	0.0	0	2.5832	0	0.0	0	1	0	0.0	0	0.2	0	0.0	0	0.7868223794991874	0	0.0	0	30	0	0.0	0	3	0	0.0	0	0	0	0.0	0
ADPRS	PF03747	1	3.3734e-08	0	0.0	0	1.155	0	0.0	0	-0.29451	0	0.0	0	0	0	0.0	0	0.2	0	0.0	0		1		1		1		1		1		1		1		1
ADSL	PF10397	1	2.8047e-10	0	0.0	0	0.915	0	0.0	0	1.7937	0	0.0	0	2	0	0.0	0	0.7	0	0.0	0	1.60531582254542	0	0.0	0	2	0	0.0	0		1		1	0	0	0.0	0
AFF4	PF05110	1	1.0	0	0.0	0	0.114	0	0.0	0	3.6501	0	0.0	0	3	0	0.0	0	0.2	0	0.0	0	0.08671566394488242	0	0.0	0	36	0	0.0	0		1		1		1		1
AFG2A	PF00004	0		1		1		1		1		1		1	5	0	-3.0	0		1		1		1		1		1		1		1		1		1		1
AFG3L2	PF00004	0	1.0227e-08	0	-0.1703239909693691	0	0.724	0	0.011800000000000033	0	3.0743	0	1.4359580000000003	0	2	0	-6.0	0	0.6	0	0.19999999999999996	0	1.3522018196594159	0	0.6684092897377953	0	20	0	4.5	0		1		1		1		1
AGA	PF01112	0	3.0493e-05	0	-0.4824397535	0	0.938	0	0.20999999999999996	0	0.11808	0	-0.8599600000000001	0	2	0	0.0	0	0.2	0	-0.2	0	1.0334639660774052	0	0.5726422360795401	0	9	0	0.0	0		1		1	0	0	0.0	0
AGBL5	PF18027	0	1.6548e-08	0	-0.003324241726	0	0.709	0	0.0764999999999999	0	1.9344	0	-0.31440000000000023	0	5	0	0.0	0	0.7	0	0.050000000000000044	0	-0.9030899869919435	0	-0.036675851193450404	0	15	0	2.5	0		1		1		1		1
AGK	PF19712	1	7.3523e-06	0	0.0	0	0.918	0	0.0	0	1.0683	0	0.0	0	4	0	0.0	0	0.2	0	0.0	0	1.2741809494196334	0	0.0	0	7	0	0.0	0		1		1	0	0	0.0	0
AGL	PF06202	1	1.033e-22	0	0.0	0	0.72	0	0.0	0	0.87709	0	0.0	0	0	0	0.0	0	0.7	0	0.0	0	1.1238842934600077	0	0.0	0	2	0	0.0	0		1		1		1		1
AGPAT2	PF01553	0	7.177e-06	0	-0.43931641149999995	0	1.199	0	0.3135000000000001	0	-0.8571	0	-1.1159	0	1	0	0.0	0	0.6	0	0.26666666666666666	0	-0.09258863922541381	0	-0.32868651186470027	0	2	0	-16.0	0		1		1	0	0	0.0	0
AGPS	PF02913	0	0.99977	0	0.49988476876500004	0	0.408	0	-0.2505	0	2.8043	0	1.13917	0	2	0	0.0	0	0.2	0	0.0	0	1.357953894586339	0	0.7340460866640752	0		1		1		1		1		1		1
AGRN	PF00008	0	1.5815e-20	0	-1.1003023544548325e-06	0	0.73	0	-0.18477777777777782	0	-2.5712	0	-2.832658888888889	0	27	0	14.0	0	0.2	0	-0.4666666666666665	0	0.6405808064896527	0	-0.10999670628960134	0	19	0	-3.0	0		1		1	0	0	0.0	0
AGT	PF00079	0	1.6897e-08	0	-1.1187272e-05	0	1.202	0	0.09966666666666657	0	0.41574	0	0.09444333333333332	0	37	0	0.6666666666666643	0	0.8	0	0.20000000000000007	0	2.9216869955964424	0	-0.11489031189840082	0	4	0	-6.333333333333334	0		1		1	0	0	0.0	0
AGTPBP1	PF18027	0	0.0066485	0	0.003324241726	0	0.556	0	-0.07650000000000001	0	2.5632	0	0.3144	0	5	0	0.0	0	0.6	0	-0.04999999999999993	0	-0.8297382846050426	0	0.036675851193450515	0	10	0	-2.5	0		1		1		1		1
AGTR1	PF00001	0	7.219e-05	0	-0.2775889498571533	0	1.113	0	0.22399999999999987	0	1.3757	0	-0.1829642857142857	0	7	0	-7.125	0	0.6	0	-0.125	0	-1.408935392973501	0	0.09279974192910334	0	7	0	-1.166666666666666	0		1		1		1		1
AGXT	PF00266	0	2.0059e-14	0	-5.853999999999998e-15	0	1.251	0	-0.027000000000000135	0	-0.48001	0	-0.729765	0	1	0	0.0	0	0.8	0	0.10000000000000009	0	1.120606831056773	0	-0.29475949987595307	0	1	0	0.0	0		1		1		1		1
AHCY	PF05221	1	0.00093098	0	0.0	0	0.727	0	0.0	0	2.5289	0	0.0	0	2	0	0.0	0	0.2	0	0.0	0	2.365489856845839	0	0.0	0	3	0	0.0	0		1		1	0	0	0.0	0
AHDC1		0	1.0	0		1	0.168	0		1	2.4789	0		1	0	0		1	0.2	0		1	-0.438898616350944	0		1	9	0		1	3	0		1	0	0		1
AHI1	PF00018	1	2.6598e-30	0	0.0	0	1.069	0	0.0	0	-0.22863	0	0.0	0	26	0	0.0	0	0.6	0	0.0	0	-1.3665315444204134	0	0.0	0	3	0	0.0	0		1		1	0	0	0.0	0
AICDA	PF08210	1	1.2839e-05	0	0.0	0	1.144	0	0.0	0	0.99122	0	0.0	0	9	0	0.0	0	0.8	0	0.0	0	-2.5228787452803374	0	0.0	0		1		1		1		1		1		1
AIMP1	PF01588	1	6.2809e-05	0	0.0	0	0.931	0	0.0	0	0.27475	0	0.0	0	0	0	0.0	0	0.2	0	0.0	0	1.883667112168564	0	0.0	0	15	0	0.0	0		1		1	0	0	0.0	0
AIP		0	0.28135	0		1	0.626	0		1	1.2835	0		1	1	0		1	0.2	0		1	1.5563145643353469	0		1	14	0		1		1		1		1		1
AIPL1	PF23322	1	7.0113e-07	0	0.0	0	1.01	0	0.0	0	0.42085	0	0.0	0	1	0	0.0	0	0.8	0	0.0	0	-0.8181564120552275	0	0.0	0	10	0	0.0	0		1		1		1		1
AIRE	PF03172	1	2.864e-16	0	0.0	0	1.169	0	0.0	0	-1.0396	0	0.0	0	5	0	0.0	0	0.7	0	0.0	0	-2.6989700043360187	0	0.0	0	11	0	0.0	0		1		1		1		1
AK1	PF00406	0	0.0078122	0	0.0034737099999999996	0	0.873	0	-0.04049999999999998	0	1.0139	0	0.12149500000000002	0	9	0	0.0	0	0.6	0	0.19999999999999996	0	1.9969536220330966	0	-0.26143784190428043	0	4	0	1.0	0		1		1		1		1
AK2	PF00406	0	0.00086478	0	-0.0034737100000000005	0	0.954	0	0.04049999999999998	0	0.77091	0	-0.12149500000000002	0	9	0	0.0	0	0.2	0	-0.2	0	2.519829305841658	0	0.2614378419042809	0	2	0	-1.0	0		1		1		1		1
AKR1C2	PF00248	0	8.8515e-07	0	4.388419e-07	0	1.035	0	-0.061000000000000165	0	0.93379	0	-0.029874999999999985	0	16	0	0.0	0	0.6	0	-0.09999999999999998	0	1.4871525216468562	0	0.7740663725990948	0	7	0	-0.5	0		1		1		1		1
AKR1D1	PF00248	0	7.4662e-09	0	-4.3884190000000004e-07	0	1.157	0	0.06099999999999994	0	0.99354	0	0.029874999999999985	0	16	0	0.0	0	0.8	0	0.10000000000000009	0	-0.060980223551333534	0	-0.7740663725990948	0	8	0	0.5	0		1		1		1		1
AKT1	PF00169	0	0.99545	0	0.4732995876249999	0	0.474	0	-0.13450000000000006	0	4.2239	0	1.2921400000000003	0	5	0	0.75	0	0.2	0	-0.10000000000000003	0	0.7987196851850064	0	0.5729571390309053	0	6	0	-15.666666666666668	0	0	0	0.0	0	0	0	0.0	0
AKT3	PF00169	0	0.99015	0	0.46799958762499994	0	0.482	0	-0.12650000000000006	0	4.235	0	1.3032400000000002	0	5	0	0.75	0	0.2	0	-0.10000000000000003	0	0.19893186993220904	0	-0.026830676221892058	0	15	0	-6.666666666666668	0		1		1	0	0	0.0	0
ALAD	PF00490	1	0.097632	0	0.0	0	0.63	0	0.0	0	2.4257	0	0.0	0	0	0	0.0	0	0.6	0	0.0	0	1.8733264156249705	0	0.0	0	7	0	0.0	0		1		1		1		1
ALDH18A1	PF00696	0	0.00013089	0	6.544497200549999e-05	0	0.617	0	-0.28049999999999997	0	3.0998	0	1.5444645000000001	0	0	0	0.0	0	0.6	0	-0.04999999999999993	0	1.8007239499761518	0	1.785137514298939	0	3	0	0.0	0		1		1		1		1
ALDH1A3	PF00171	0	0.0037408	0	0.0029925953635995747	0	0.667	0	-0.20819999999999983	0	2.2593	0	1.3739104000000002	0	17	0	0.0	0	0.6	0	0.0	0	0.6964437631389991	0	-0.6395089096549639	0	31	0	17.6	0		1		1	0	0	0.0	0
ALDH3A2	PF00171	0	8.6514e-09	0	-0.0007481959850004251	0	0.972	0	0.09680000000000011	0	0.98365	0	0.09826040000000014	0	17	0	0.0	0	0.6	0	0.0	0	1.5740428487594897	0	0.23809017596552673	0	24	0	10.6	0		1		1		1		1
ALDH4A1	PF00171	0	2.0602e-11	0	-0.0007482046157984251	0	0.902	0	0.026800000000000157	0	-0.044932	0	-0.9303215999999999	0	17	0	0.0	0	0.6	0	0.0	0	1.5172090981895432	0	0.18125642539558018	0	3	0	-10.4	0		1		1	0	0	0.0	0
ALDH5A1	PF00171	0	2.1451e-07	0	-0.0007479901264004251	0	0.852	0	-0.023199999999999887	0	0.28896	0	-0.5964295999999999	0	17	0	0.0	0	0.6	0	0.0	0	1.1271372071915011	0	-0.2088154656024619	0	4	0	-9.4	0		1		1	0	0	0.0	0
ALDH7A1	PF00171	0	1.2571e-16	0	-0.0007482046364002995	0	0.983	0	0.10780000000000012	0	0.93997	0	0.054580400000000084	0	17	0	0.0	0	0.6	0	0.0	0	1.7649304466902818	0	0.42897777389631875	0	5	0	-8.4	0		1		1		1		1
ALDOB	PF00274	1	2.3588e-11	0	0.0	0	1.183	0	0.0	0	-0.75151	0	0.0	0	2	0	0.0	0	0.7	0	0.0	0	2.0170375151871838	0	0.0	0	5	0	0.0	0		1		1		1		1
ALG1	PF00534	0	1.6267e-25	0	0.0	0	1.419	0	0.0	0	-2.6689	0	0.0	0	1	0	-1.0	0	0.2	0	0.0	0	0.34064237756070526	0	0.5615792166733995	0		1		1		1		1		1		1
ALG11	PF15924	1	1.5591e-06	0	0.0	0	0.908	0	0.0	0	1.1209	0	0.0	0	3	0	0.0	0	0.2	0	0.0	0	-0.1719849357760231	0	0.0	0	22	0	0.0	0		1		1		1		1
ALG12	PF03901	0	1.4977e-09	0	-0.00010997233533253333	0	0.965	0	-0.007000000000000117	0	0.93748	0	0.04077733333333333	0	2	0	0.0	0	0.2	0	-2.7755575615628914e-17	0	-0.8446639625349383	0	0.051738191159427016	0	16	0	-11.0	0		1		1	0	0	0.0	0
ALG2	PF13439	1	5.5991e-12	0	0.0	0	1.408	0	0.0	0	-0.93806	0	0.0	0	3	0	0.0	0	0.2	0	0.0	0	0.8293681079888203	0	0.0	0	5	0	0.0	0		1		1		1		1
ALG3	PF05208	1	1.7952e-10	0	0.0	0	0.972	0	0.0	0	0.75767	0	0.0	0	0	0	0.0	0	0.2	0	0.0	0	-0.24412514432750865	0	0.0	0	21	0	0.0	0		1		1		1		1
ALG6	PF03155	0	2.2406e-05	0	1.1202906309999998e-05	0	0.892	0	-0.008500000000000063	0	1.3207	0	0.44828	0	1	0	0.0	0	0.2	0	0.0	0	-0.32975414692587596	0	-0.048455006504028175	0	12	0	-3.5	0		1		1		1		1
ALG8	PF03155	0	1.8738e-10	0	-1.120290631e-05	0	0.909	0	0.008499999999999952	0	0.42414	0	-0.44827999999999996	0	1	0	0.0	0	0.2	0	0.0	0	-0.23284413391781958	0	0.0484550065040282	0	19	0	3.5	0		1		1		1		1
ALG9	PF03901	0	1.3976e-12	0	-0.00010997383163493333	0	0.853	0	-0.1190000000000001	0	1.7414	0	0.8446973333333334	0	2	0	0.0	0	0.2	0	-2.7755575615628914e-17	0	-0.22475374025976358	0	0.6716484134346017	0	50	0	23.0	0		1		1		1		1
ALK	PF12810	1	3.8217e-06	0	0.0	0	0.562	0	0.0	0	0.95723	0	0.0	0	53	0	0.0	0	0.6	0	0.0	0	-1.0506099933550872	0	0.0	0	9	0	0.0	0	0	0	0.0	0	0	0	0.0	0
ALMS1	PF15309	1	2.1295e-65	0	0.0	0	0.825	0	0.0	0	-1.692	0	0.0	0	3	0	0.0	0	0.6	0	0.0	0	-1.207608310501746	0	0.0	0	34	0	0.0	0		1		1	0	0	0.0	0
ALOX12B	PF00305	0	3.6631e-10	0	1.8315499999997498e-10	0	0.783	0	-0.12649999999999995	0	1.7673	0	0.83004	0	5	0	0.0	0	0.8	0	0.0	0	-0.7235381958267558	0	0.2528048962655499	0	40	0	2.0	0		1		1		1		1
ALOXE3	PF00305	0	5.0055e-23	0	-1.8315499999997498e-10	0	1.036	0	0.12650000000000006	0	0.10722	0	-0.8300400000000001	0	5	0	0.0	0	0.8	0	0.0	0	-1.2291479883578558	0	-0.25280489626555	0	36	0	-2.0	0		1		1		1		1
ALPK3		0	2.279e-26	0		1	0.874	0		1	-0.20306	0		1	9	0		1	0.6	0		1	-1.744727494896694	0		1		1		1		1		1		1		1
ALPL	PF00245	1	1.7059e-11	0	0.0	0	0.987	0	0.0	0	1.9112	0	0.0	0	3	0	0.0	0	0.6	0	0.0	0	0.5540043210119029	0	0.0	0	3	0	0.0	0		1		1		1		1
ALS2	PF25582	1	2.816e-17	0	0.0	0	0.649	0	0.0	0	2.9747	0	0.0	0	9	0	0.0	0	0.6	0	0.0	0	-0.8326826652518239	0	0.0	0	13	0	0.0	0		1		1	0	0	0.0	0
ALX1		0	0.00060691	0		1	0.838	0		1	0.2872	0		1	50	0		1	0.6	0		1	-1.0705810742857071	0		1	1	0		1		1		1		1		1
ALX3	PF00046	0	7.4098e-05	0	-0.4621878327913947	0	1.051	0	0.22478124999999993	0	-0.60958	0	-0.7448796875	0	50	0	17.352941176470587	0	0.6	0	-0.055882352941176494	0	-1.4685210829577449	0	-0.3003894171311354	0	17	0	11.0	0		1		1		1		1
ALX4	PF00046	0	3.2775e-05	0	-0.46222915579139473	0	0.902	0	0.07578125000000002	0	-0.26237	0	-0.3976696875	0	50	0	17.352941176470587	0	0.6	0	-0.055882352941176494	0	-1.3467874862246563	0	-0.17865582039804684	0	1	0	-5.0	0	3	0	0.4615384615384617	0	0	0	0.0	0
AMACR	PF02515	1	1.0248e-05	0	0.0	0	1.239	0	0.0	0	-0.14623	0	0.0	0	1	0	0.0	0	0.6	0	0.0	0	-0.040958607678906384	0	0.0	0	5	0	0.0	0		1		1		1		1
AMER1		0		1		1		1		1		1		1	2	0		1	0.6	0		1	-1.3665315444204134	0		1		1		1		1		1		1		1
AMN	PF14828	1	1.8277e-15	0	0.0	0	1.446	0	0.0	0	-2.732	0	0.0	0	3	0	0.0	0	0.7	0	0.0	0	-1.2365720064370627	0	0.0	0		1		1		1		1	0	0	0.0	0
AMPD2	PF19326	1	1.3901e-08	0	0.0	0	0.705	0	0.0	0	3.6393	0	0.0	0	2	0	0.0	0	0.6	0	0.0	0	1.3673745598741969	0	0.0	0	34	0	0.0	0		1		1		1		1
AMT	PF01571	1	0.00010023	0	0.0	0	0.805	0	0.0	0	1.0014	0	0.0	0	10	0	0.0	0	0.6	0	0.0	0	-0.4921441283041691	0	0.0	0		1		1		1		1		1		1
ANAPC1		0	1.0	0		1	0.273	0		1	5.2641	0		1	0	0		1	0.2	0		1	0.10414555055400815	0		1	21	0		1		1		1		1		1
ANGPTL3	PF00147	1	1.4168e-11	0	0.0	0	1.209	0	0.0	0	0.43204	0	0.0	0	25	0	0.0	0	0.8	0	0.0	0	0.3694014136966243	0	0.0	0	4	0	0.0	0		1		1		1		1
ANK2	PF00023	0	1.0	0	0.727206732346308	0	0.271	0	-0.4064545454545454	0	4.2752	0	1.8548565454545454	0	3	0	-1.4545454545454541	0	0.6	0	0.17272727272727278	0	0.4815859363676222	0	1.1814336340724434	0	14	0	-21.125	0	3	0	1.0	0	0	0	0.0	0
ANKH	PF07260	1	0.99706	0	0.0	0	0.463	0	0.0	0	3.5436	0	0.0	0	0	0	0.0	0	0.2	0	0.0	0	-0.3990271043132517	0	0.0	0	6	0	0.0	0	0	0	0.0	0	0	0	0.0	0
ANKRD17		0	1.0	0		1	0.118	0		1	7.0131	0		1	1	0		1	0.2	0		1	0.4363217001397333	0		1	45	0		1	3	0		1	0	0		1
ANO10	PF04547	1	3.7519e-26	0	0.0	0	1.24	0	0.0	0	1.0031	0	0.0	0	10	0	0.0	0	0.2	0	0.0	0	0.3265406685165618	0	0.0	0	2	0	0.0	0		1		1		1		1
ANTXR1		0	1.0	0		1	0.346	0		1	2.8739	0		1	2	0		1	0.6	0		1	0.03382569395331033	0		1	29	0		1		1		1		1		1
ANTXR2	PF05586	1	3.705e-09	0	0.0	0	0.981	0	0.0	0	-0.66076	0	0.0	0	2	0	0.0	0	0.2	0	0.0	0	-0.45717457304082015	0	0.0	0	4	0	0.0	0		1		1	0	0	0.0	0
AP1B1	PF01602	0	0.99357	0	0.3279592333333332	0	0.476	0	0.08300000000000002	0	3.2212	0	0.4680333333333331	0	4	0	0.0	0	0.2	0	-2.7755575615628914e-17	0	2.012841441135985	0	0.34647921148868677	0	51	0	18.0	0		1		1		1		1
AP1G1	PF01602	0	1.0	0	0.33438923333333326	0	0.113	0	-0.27999999999999997	0	3.005	0	0.2518333333333329	0	4	0	0.0	0	0.2	0	-2.7755575615628914e-17	0	1.6170108311990845	0	-0.04935139844821368	0	14	0	-19.0	0		1		1		1		1
AP1S2		0		1		1		1		1		1		1	6	0		1	0.8	0		1	0.3694014136966243	0		1	24	0		1	3	0		1	0	0		1
AP3B1	PF01602	0	0.0032623	0	-0.6623484666666667	0	0.59	0	0.197	0	2.0333	0	-0.7198666666666669	0	4	0	0.0	0	0.2	0	-2.7755575615628914e-17	0	1.3692344166068253	0	-0.29712781304047287	0	34	0	1.0	0		1		1		1		1
AP3B2		0	0.21689	0		1	0.52	0		1	2.3169	0		1	4	0		1	0.7	0		1	0.17926446433902535	0		1	9	0		1		1		1		1		1
AP4B1		0	8.6664e-10	0		1	0.777	0		1	0.49189	0		1	4	0		1	0.2	0		1	-0.6575773191777937	0		1	5	0		1		1		1	0	0		1
AP4E1		0	0.00043414	0		1	0.576	0		1	0.36717	0		1	4	0		1	0.2	0		1	-0.8446639625349383	0		1	9	0		1		1		1		1		1
AP4M1	PF00928	1	5.0074e-18	0	0.0	0	1.106	0	0.0	0	-0.18504	0	0.0	0	7	0	0.0	0	0.2	0	0.0	0	-0.6556077263148893	0	0.0	0	6	0	0.0	0		1		1		1		1
AP4S1		0	3.0245e-09	0		1	1.675	0		1	0.16915	0		1	6	0		1	0.2	0		1	-0.27164621797877153	0		1	5	0		1		1		1	0	0		1
APC	PF05972	1	1.0	0	0.0	0	0.321	0	0.0	0	0.7981	0	0.0	0	1	0	0.0	0	0.6	0	0.0	0	-0.4989407377822485	0	0.0	0	36	0	0.0	0	3	0	0.0	0	0	0	0.0	0
APC2	PF05956	1	3.6028e-11	0	0.0	0	0.961	0	0.0	0	-7.0603	0	0.0	0	57	0	0.0	0	0.8	0	0.0	0	-1.7695510786217261	0	0.0	0		1		1		1		1		1		1
APOA1	PF01442	1	5.3313e-07	0	0.0	0	1.168	0	0.0	0	0.30209	0	0.0	0	3	0	0.0	0	0.8	0	0.0	0	4.3164526479537795	0	0.0	0	16	0	0.0	0		1		1		1		1
APOB	PF12491	1	1.3512e-11	0	0.0	0	0.537	0	0.0	0	0.96416	0	0.0	0	0	0	0.0	0	0.7	0	0.0	0	2.437752147833853	0	0.0	0	20	0	0.0	0	3	0	0.0	0	0	0	0.0	0
APOC2	PF05355	1	0.074299	0	0.0	0	1.054	0	0.0	0	0.44841	0	0.0	0	0	0	0.0	0	0.8	0	0.0	0	4.2446234531587494	0	0.0	0	6	0	0.0	0		1		1		1		1
APRT	PF00156	0	4.7393e-11	0	0.0	0	1.789	0	0.0	0	-1.8254	0	0.0	0	0	0	-3.0	0	0.2	0	0.0	0	2.152291402784132	0	-0.09308354149621323	0	1	0	-0.5	0		1		1		1		1
APTX		0	2.0655e-07	0		1	0.973	0		1	0.27421	0		1	1	0		1	0.2	0		1	0.4655315569735497	0		1	7	0		1		1		1		1		1
AR	PF02166	1		1		1		1		1		1		1	31	0	0.0	0	0.6	0	0.0	0	0.16465021593429674	0	0.0	0		1		1	3	0	0.0	0	0	0	0.0	0
ARCN1		0	1.0	0		1	0.145	0		1	2.6523	0		1	0	0		1	0.2	0		1	1.857941288179487	0		1	5	0		1	3	0		1	0	0		1
ARFGEF1	PF20252	1	1.0	0	0.0	0	0.236	0	0.0	0	6.96	0	0.0	0	15	0	0.0	0	0.2	0	0.0	0	0.6513749439130433	0	0.0	0	33	0	0.0	0		1		1		1		1
ARFGEF2		0	1.0	0		1	0.391	0		1	4.368	0		1	15	0		1	0.6	0		1	0.30556631351530394	0		1	30	0		1		1		1	0	0		1
ARG1	PF00491	1	0.00023675	0	0.0	0	0.833	0	0.0	0	0.58597	0	0.0	0	14	0	0.0	0	0.8	0	0.0	0	0.9859202201235674	0	0.0	0	11	0	0.0	0		1		1		1		1
ARHGAP31		0	1.0	0		1	0.38	0		1	2.7098	0		1	3	0		1	0.2	0		1	-0.4596705252091263	0		1		1		1	0	0		1	0	0		1
ARHGAP35		0	1.0	0		1	0.204	0		1	5.7739	0		1	4	0		1	0.2	0		1	0.2650537885040147	0		1		1		1		1		1		1		1
ARHGDIA	PF02115	1	0.76779	0	0.0	0	0.606	0	0.0	0	0.71283	0	0.0	0	2	0	0.0	0	0.2	0	0.0	0	2.698970872924114	0	0.0	0		1		1		1		1		1		1
ARHGEF9		0		1		1		1		1		1		1	22	0		1	0.6	0		1	-0.9469215565165803	0		1		1		1	3	0		1	0	0		1
ARID1A	PF01388	0	1.0	0	0.33333333333333337	0	0.141	0	-0.2603333333333333	0	2.4598	0	1.0321266666666669	0	1	0	-4.5	0	0.2	0	-0.09999999999999998	0	0.8768526476013435	0	0.7536183448844604	0	13	0	-9.0	0	3	0	0.0	0	0	0	0.0	0
ARID1B	PF01388	0	1.0	0	0.33333333333333337	0	0.205	0	-0.19633333333333333	0	0.81072	0	-0.6169533333333331	0	1	0	-4.5	0	0.2	0	-0.09999999999999998	0	0.1821292140529984	0	0.05889491133611538	0	18	0	-4.0	0	3	0	0.0	0	0	0	0.0	0
ARID2		0	1.0	0		1	0.224	0		1	4.4902	0		1	0	0		1	0.2	0		1	0.013258665283516512	0		1	15	0		1	3	0		1	0	0		1
ARL2BP		0	0.008081	0		1	1.03	0		1	0.66749	0		1	0	0		1	0.2	0		1	0.7227161674884949	0		1	20	0		1		1		1		1		1
ARL6	PF00025	0	0.0088078	0	0.004248854999999999	0	0.956	0	-0.07450000000000001	0	0.76332	0	-0.3097399999999999	0	30	0	0.0	0	0.6	0	0.19999999999999996	0	0.2229764498933913	0	-0.7340569436204852	0	3	0	-15.5	0		1		1	0	0	0.0	0
ARMC9		0	5.5271e-22	0		1	0.975	0		1	1.2468	0		1	0	0		1	0.6	0		1	0.37493155397818817	0		1	6	0		1		1		1		1		1
ARPC1B	PF00400	0	1.063e-06	0	-0.0006740336547115	0	0.876	0	-0.07599999999999996	0	0.86139	0	0.31938875	0	1	0	-7.875	0	0.6	0	0.29999999999999993	0	2.2455151353894234	0	2.1816267208041413	0	10	0	-9.25	0		1		1		1		1
ARSA	PF00884	0	1.511e-10	0	1.0052958666665833e-10	0	1.166	0	0.01633333333333331	0	-0.56045	0	0.12667566666666674	0	16	0	-0.5	0	0.2	0	-0.23333333333333334	0	1.1399105558756826	0	0.5952594387384971	0	13	0	-12.8	0		1		1		1		1
ARSB	PF00884	0	6.1124e-13	0	-4.9959173333341685e-11	0	1.032	0	-0.11766666666666659	0	-0.052327	0	0.6347986666666667	0	19	0	2.5	0	0.2	0	-0.23333333333333334	0	0.10414555055400815	0	-0.44050556658317735	0	27	0	1.1999999999999993	0		1		1		1		1
ARSL	PF00884	0		1		1		1		1		1		1	16	0	-0.5	0	0.6	0	0.16666666666666663	0	-0.5702477199975919	0	-1.1148988371347774	0		1		1		1		1		1		1
ARX	PF00046	0		1		1		1		1		1		1	50	0	17.352941176470587	0	0.7	0	0.044117647058823484	0	-0.8961962790440431	0	0.27193538678256635	0		1		1	3	0	0.4615384615384617	0	0	0	0.0	0
ASAH1	PF02275	1	2.6013e-20	0	0.0	0	1.435	0	0.0	0	-2.8275	0	0.0	0	1	0	0.0	0	0.6	0	0.0	0	1.789587762342296	0	0.0	0	9	0	0.0	0		1		1		1		1
ASL	PF14698	1	2.6098e-13	0	0.0	0	0.937	0	0.0	0	1.3965	0	0.0	0	2	0	0.0	0	0.8	0	0.0	0	1.1523189274246453	0	0.0	0		1		1		1		1		1		1
ASNS	PF00733	1	9.1235e-06	0	0.0	0	0.745	0	0.0	0	2.4057	0	0.0	0	1	0	0.0	0	0.6	0	0.0	0	1.502440776828883	0	0.0	0	5	0	0.0	0		1		1		1		1
ASPA	PF24827	1	4.2807e-05	0	0.0	0	1.098	0	0.0	0	1.2489	0	0.0	0	1	0	0.0	0	0.6	0	0.0	0	-0.42481215507233894	0	0.0	0		1		1		1		1	0	0	0.0	0
ASPH	PF05279	0	2.7445e-21	0	1.3716871e-21	0	1.011	0	-0.17400000000000015	0	-0.087304	0	0.49259800000000004	0	2	0	1.0	0	0.6	0	0.0	0	1.8709946588690458	0	1.4489334026346736	0	31	0	-1.5	0		1		1		1		1
ASPM		0	3.3385e-55	0		1	0.766	0		1	0.80711	0		1	7	0		1	0.7	0		1	-0.5214335044061567	0		1	48	0		1		1		1	0	0		1
ASRGL1		0	6.6492e-05	0		1	1.121	0		1	0.12731	0		1	2	0		1	0.6	0		1	0.8585973449946924	0		1	8	0		1		1		1		1		1
ASS1	PF20979	1	1.4303e-18	0	0.0	0	1.14	0	0.0	0	1.8142	0	0.0	0	0	0	0.0	0	0.7	0	0.0	0	1.5998939838582615	0	0.0	0	13	0	0.0	0		1		1		1		1
ASXL1	PF13919	1	1.5801e-16	0	0.0	0	0.918	0	0.0	0	1.9316	0	0.0	0	2	0	0.0	0	0.2	0	0.0	0	-1.0705810742857071	0	0.0	0	2	0	0.0	0	3	0	0.0	0	0	0	0.0	0
ASXL2		0	1.0	0		1	0.239	0		1	2.1146	0		1	2	0		1	0.2	0		1	-0.40782324260413316	0		1	7	0		1	0	0		1	0	0		1
ASXL3		0	1.0	0		1	0.229	0		1	1.2022	0		1	2	0		1	0.2	0		1	-1.6020599913279623	0		1	1	0		1	3	0		1	0	0		1
ATAD3A	PF00004	0	5.6203e-10	0	-0.17032400063433908	0	0.861	0	0.14880000000000004	0	0.72563	0	-0.9127119999999997	0	2	0	-6.0	0	0.2	0	-0.2	0	1.3324586591892027	0	0.6486661292675822	0	2	0	-13.5	0		1		1		1		1
ATF6	PF00170	1	1.6011e-07	0	0.0	0	0.882	0	0.0	0	0.76705	0	0.0	0	9	0	0.0	0	0.2	0	0.0	0	0.4488608456074407	0	0.0	0	27	0	0.0	0		1		1	0	0	0.0	0
ATG5	PF20637	1	0.31691	0	0.0	0	0.739	0	0.0	0	2.2908	0	0.0	0	0	0	0.0	0	0.2	0	0.0	0	0.7903555464143864	0	0.0	0	18	0	0.0	0		1		1		1		1
ATG7	PF16420	1	1.5974e-17	0	0.0	0	0.985	0	0.0	0	1.2812	0	0.0	0	9	0	0.0	0	0.2	0	0.0	0	0.529045170765769	0	0.0	0	30	0	0.0	0		1		1		1		1
ATIC	PF01808	1	4.8854e-17	0	0.0	0	1.044	0	0.0	0	-0.26716	0	0.0	0	0	0	0.0	0	0.2	0	0.0	0	2.238048613494268	0	0.0	0		1		1		1		1		1		1
ATL1	PF02263	0	0.35895	0	0.1794749990045	0	0.57	0	-0.16049999999999998	0	3.8464	0	1.5760800000000001	0	10	0	0.0	0	0.6	0	0.19999999999999996	0	1.1931524368520772	0	-0.25678693885448034	0	1	0	-19.0	0		1		1		1		1
ATL3	PF02263	0	1.991e-09	0	-0.17947499900449998	0	0.891	0	0.1605000000000001	0	0.69424	0	-1.57608	0	10	0	0.0	0	0.2	0	-0.2	0	1.7067263145610378	0	0.25678693885448034	0	39	0	19.0	0		1		1		1		1
ATM	PF02259	0	1.4847e-69	0	-0.33333337223000004	0	0.847	0	0.30266666666666664	0	2.5412	0	-3.8561666666666676	0	5	0	-12.666666666666668	0	0.2	0	-2.7755575615628914e-17	0	0.09725730969341992	0	0.041801453603445234	0	36	0	-3.6666666666666643	0	3	0	0.0	0	0	0	0.0	0
ATOH7	PF00010	0	0.00014175	0	-0.49239066875	0	1.758	0	0.86325	0	-1.2184	0	-1.570145	0	15	0	7.125	0	0.7	0	0.21249999999999997	0	-1.1611509092627446	0	-0.5848995612430343	0		1		1		1		1		1		1
ATP1A2	PF13246	0	1.6587e-05	0	-0.4285557839395857	0	0.598	0	0.08271428571428563	0	6.836	0	1.8500000000000005	0	21	0	2.2857142857142847	0	0.7	0	0.08571428571428574	0	1.2648414253291478	0	0.5839468171836419	0	8	0	-22.6	0		1		1		1		1
ATP1A3	PF13246	0	1.0	0	0.5714276290604143	0	0.173	0	-0.34228571428571436	0	9.1351	0	4.1491	0	21	0	2.2857142857142847	0	0.7	0	0.08571428571428574	0	1.5888429186067181	0	0.9079483104612123	0	53	0	22.4	0		1		1		1		1
ATP2A1	PF13246	0	9.5954e-21	0	-0.4285723709395857	0	0.881	0	0.36571428571428566	0	2.9172	0	-2.0688	0	21	0	2.2857142857142847	0	0.7	0	0.08571428571428574	0	1.3944691923474342	0	0.7135745842019283	0	81	0	50.4	0		1		1	0	0	0.0	0
ATP2A2	PF13246	0	1.0	0	0.5714276290604143	0	0.205	0	-0.3102857142857144	0	7.0341	0	2.0481	0	21	0	2.2857142857142847	0	0.7	0	0.08571428571428574	0	1.9138191486255922	0	1.2329245404800864	0	3	0	-27.6	0		1		1		1		1
ATP2C1	PF13246	0	0.99999	0	0.5714176290604143	0	0.402	0	-0.11328571428571432	0	3.7791	0	-1.2068999999999996	0	21	0	2.2857142857142847	0	0.2	0	-0.4142857142857142	0	0.9340437190355253	0	0.25314911089001946	0	8	0	-22.6	0		1		1		1		1
ATP5F1A	PF00006	0	0.28545	0	-0.14250666869946665	0	0.576	0	-0.04400000000000004	0	3.1603	0	0.9234333333333331	0	4	0	0.0	0	0.6	0	0.10000000000000003	0	3.0955183908739596	0	1.1043104038673202	0		1		1		1		1		1		1
ATP5F1D	PF02823	1	2.429e-08	0	0.0	0	1.96	0	0.0	0	-2.6522	0	0.0	0	0	0	0.0	0	0.6	0	0.0	0	2.240551744220726	0	0.0	0		1		1		1		1		1		1
ATP5F1E	PF04627	1	0.017126	0	0.0	0	1.654	0	0.0	0	-0.10093	0	0.0	0	0	0	0.0	0	0.2	0	0.0	0	2.2671740759344092	0	0.0	0		1		1		1		1		1		1
ATP6V0A2		0	0.0017427	0		1	0.603	0		1	1.9255	0		1	3	0		1	0.2	0		1	0.29247759366778403	0		1	58	0		1		1		1	0	0		1
ATP6V0C	PF00137	1	0.74407	0	0.0	0	0.739	0	0.0	0	2.9069	0	0.0	0	1	0	0.0	0	0.2	0	0.0	0	1.0212306584797024	0	0.0	0	23	0	0.0	0		1		1		1		1
ATP6V1B1	PF00006	0	6.0984e-09	0	-0.42795666260106663	0	0.827	0	0.20699999999999996	0	1.0217	0	-1.2151666666666667	0	4	0	0.0	0	0.7	0	0.2	0	1.0719188103638062	0	-0.9192891766428333	0	17	0	-1.5	0		1		1		1		1
ATP6V1B2	PF00006	0	0.99842	0	0.5704633313005334	0	0.457	0	-0.16299999999999998	0	2.5286	0	0.2917333333333332	0	4	0	0.0	0	0.2	0	-0.29999999999999993	0	1.806186759782153	0	-0.18502122722448644	0	20	0	1.5	0		1		1		1		1
ATP6V1E1	PF01991	1	0.0013179	0	0.0	0	0.852	0	0.0	0	2.2463	0	0.0	0	1	0	0.0	0	0.2	0	0.0	0	1.8609426026765528	0	0.0	0	11	0	0.0	0	0	0	0.0	0	0	0	0.0	0
ATP7A	PF00122	0		1		1		1		1		1		1	21	0	0.0	0	0.2	0	-0.2	0	-0.07779372256098363	0	0.6160050987052514	0	38	0	12.5	0	3	0	0.0	0	0	0	0.0	0
ATP7B	PF00122	0	1.0828e-35	0	0.0	0	1.063	0	0.0	0	0.83587	0	0.0	0	21	0	0.0	0	0.6	0	0.19999999999999996	0	-1.3098039199714864	0	-0.6160050987052513	0	13	0	-12.5	0		1		1	0	0	0.0	0
ATP8A2	PF13246	0	7.9069e-09	0	-0.4285723630326857	0	0.728	0	0.21271428571428563	0	1.8645	0	-3.1214999999999997	0	13	0	-5.714285714285715	0	0.7	0	0.08571428571428574	0	-1.585026652029182	0	-2.2659212601746876	0		1		1		1		1	0	0	0.0	0
ATP8B1	PF13246	0	1.6702e-09	0	-0.42857236926938574	0	0.62	0	0.10471428571428565	0	3.336	0	-1.65	0	13	0	-5.714285714285715	0	0.6	0	-0.014285714285714235	0	-0.744727494896694	0	-1.4256221030421998	0		1		1		1		1		1		1
ATR	PF02259	0	1.1669e-07	0	-0.33333325554000004	0	0.518	0	-0.02633333333333332	0	7.1459	0	0.7485333333333326	0	43	0	25.333333333333332	0	0.2	0	-2.7755575615628914e-17	0	-0.4775557664936801	0	-0.5330116225836548	0	45	0	5.333333333333336	0		1		1	0	0	0.0	0
ATRX	PF17981	1		1		1		1		1		1		1	30	0	0.0	0	0.2	0	0.0	0	0.4015728456764459	0	0.0	0	15	0	0.0	0	3	0	0.0	0	0	0	0.0	0
ATXN7		0	1.0	0		1	0.257	0		1	-0.90971	0		1	4	0		1	0.2	0		1	-0.5543957967264024	0		1	4	0		1		1		1		1		1
AUH	PF00378	0	2.5649e-07	0	-0.000465971755	0	0.994	0	0.04349999999999998	0	-0.63377	0	-0.6709499999999999	0	13	0	0.0	0	0.2	0	-0.2	0	0.6721902511882526	0	-0.8475837668792908	0	9	0	3.0	0		1		1		1		1
AURKC	PF00069	0	0.0030941	0	-0.391430191855008	0	0.806	0	0.15142857142857147	0	1.2343	0	-1.0195704761904765	0	2	0	-14.375	0	0.8	0	0.46666666666666673	0	-0.6478174818886375	0	-0.7099554426860997	0	11	0	-10.217391304347824	0		1		1		1		1
AUTS2	PF15336	1	1.0	0	0.0	0	0.232	0	0.0	0	1.8752	0	0.0	0	2	0	0.0	0	0.2	0	0.0	0	-0.3448615651886179	0	0.0	0	10	0	0.0	0	3	0	0.0	0	0	0	0.0	0
B3GALNT2		0	9.1473e-16	0		1	1.041	0		1	1.2709	0		1	15	0		1	0.2	0		1	-1.5686362358410126	0		1	16	0		1		1		1		1		1
B3GALT6	PF01762	1	1.0328e-14	0	0.0	0	1.987	0	0.0	0	-4.8174	0	0.0	0	15	0	0.0	0	0.2	0	0.0	0	-0.3334820194451191	0	0.0	0	8	0	0.0	0		1		1	0	0	0.0	0
B3GAT3	PF03360	1	0.00079178	0	0.0	0	0.825	0	0.0	0	1.8343	0	0.0	0	2	0	0.0	0	0.2	0	0.0	0	0.5933968423002067	0	0.0	0	18	0	0.0	0		1		1		1		1
B3GLCT	PF02434	1	3.9184e-09	0	0.0	0	1.109	0	0.0	0	-0.095709	0	0.0	0	3	0	0.0	0	0.2	0	0.0	0	0.07591176148277744	0	0.0	0		1		1		1		1		1		1
B4GALT1	PF02709	0	0.019457	0	0.009728499742814999	0	0.739	0	-0.24450000000000005	0	0.89855	0	0.9083600000000001	0	6	0	0.0	0	0.2	0	0.0	0	0.7966437037851165	0	0.7467238231823138	0	27	0	-6.5	0		1		1	0	0	0.0	0
B4GALT7	PF02709	0	5.1437e-10	0	-0.009728499742815	0	1.228	0	0.24449999999999994	0	-0.91817	0	-0.9083600000000001	0	6	0	0.0	0	0.2	0	0.0	0	-0.6968039425795111	0	-0.7467238231823138	0	40	0	6.5	0		1		1	0	0	0.0	0
B9D1		0	0.00010346	0		1	1.023	0		1	0.28279	0		1	2	0		1	0.2	0		1	-1.154901959985743	0		1	6	0		1		1		1	0	0		1
BAG3	PF02179	1	0.92034	0	0.0	0	0.538	0	0.0	0	-0.061263	0	0.0	0	2	0	0.0	0	0.6	0	0.0	0	1.1553664066467044	0	0.0	0	22	0	0.0	0	3	0	0.0	0	0	0	0.0	0
BANF1	PF02961	1	0.98926	0	0.0	0	0.286	0	0.0	0	2.2912	0	0.0	0	1	0	0.0	0	0.2	0	0.0	0	2.863323455043996	0	0.0	0	1	0	0.0	0		1		1		1		1
BAP1	PF01088	0	1.0	0	0.0001100000000000545	0	0.324	0	-0.009999999999999953	0	3.277	0	1.23602	0	16	0	6.5	0	0.2	0	-0.24999999999999994	0	-0.4584207560534191	0	-1.5097616664087723	0	20	0	0.0	0	3	0	0.0	0	0	0	0.0	0
BARD1		0	1.1813e-19	0		1	1.087	0		1	-0.16636	0		1	0	0		1	0.2	0		1	-0.8013429130455774	0		1	2	0		1	3	0		1	0	0		1
BBIP1		0	0.073605	0		1	1.693	0		1	0.2351	0		1	0	0		1	0.6	0		1	-2.6989700043360187	0		1		1		1		1		1		1		1
BBS1	PF14779	1	5.6877e-17	0	0.0	0	1.003	0	0.0	0	0.93053	0	0.0	0	0	0	0.0	0	0.2	0	0.0	0	-0.9208187539523752	0	0.0	0	27	0	0.0	0		1		1		1		1
BBS10	PF00118	0	1.219e-05	0	-0.20069174347990398	0	1.418	0	0.4865999999999999	0	0.44532	0	-1.3590680000000002	0	0	0	-10.4	0	0.2	0	-0.15999999999999998	0	-1.214670164989233	0	-0.7722650230249964	0	5	0	-15.2	0		1		1		1		1
BBS12	PF00118	0	0.0035062	0	-0.197197733479904	0	1.419	0	0.48760000000000003	0	1.5921	0	-0.21228800000000003	0	13	0	2.5999999999999996	0	0.6	0	0.24	0	-1.7958800173440752	0	-1.3534748753798387	0	2	0	-18.2	0		1		1		1		1
BBS2	PF23351	1	6.2071e-15	0	0.0	0	0.892	0	0.0	0	1.9805	0	0.0	0	0	0	0.0	0	0.2	0	0.0	0	-0.4596705252091263	0	0.0	0	10	0	0.0	0		1		1		1		1
BBS4	PF13414	1	6.813e-12	0	0.0	0	0.953	0	0.0	0	-0.37523	0	0.0	0	14	0	0.0	0	0.2	0	0.0	0	-1.1804560644581312	0	0.0	0	7	0	0.0	0		1		1		1		1
BBS5	PF07289	1	0.00025273	0	0.0	0	0.884	0	0.0	0	1.0111	0	0.0	0	0	0	0.0	0	0.2	0	0.0	0	-1.9208187539523751	0	0.0	0	9	0	0.0	0		1		1	0	0	0.0	0
BBS7	PF23360	1	8.5502e-07	0	0.0	0	0.701	0	0.0	0	1.7963	0	0.0	0	0	0	0.0	0	0.6	0	0.0	0	-1.00436480540245	0	0.0	0	46	0	0.0	0		1		1		1		1
BBS9	PF14727	1	6.7214e-22	0	0.0	0	0.959	0	0.0	0	1.1685	0	0.0	0	0	0	0.0	0	0.2	0	0.0	0	0.21245396104027575	0	0.0	0	8	0	0.0	0		1		1		1		1
BCAP31		0		1		1		1		1		1		1	1	0		1	0.2	0		1	2.075550610910658	0		1	11	0		1	3	0		1	0	0		1
BCAS3		0	0.0088253	0		1	0.58	0		1	2.837	0		1	0	0		1	0.2	0		1	0.13703745478951265	0		1	10	0		1		1		1		1		1
BCAT2	PF01063	1	5.2297e-13	0	0.0	0	1.038	0	0.0	0	0.80523	0	0.0	0	1	0	0.0	0	0.6	0	0.0	0	1.532767114714318	0	0.0	0	7	0	0.0	0		1		1		1		1
BCKDHA	PF00676	0	5.6705e-13	0	0.0	0	1.086	0	0.0	0	1.6588	0	0.0	0	2	0	0.0	0	0.2	0	-0.2	0	0.6938148538894169	0	-0.5687106227268701	0	11	0	2.0	0		1		1		1		1
BCKDHB	PF02779	0	1.5154e-11	0	-0.2624266666583038	0	1.206	0	0.30100000000000005	0	0.0045109	0	-1.2906260666666667	0	4	0	-17.666666666666668	0	0.6	0	0.0	0	1.136752266326663	0	-0.8105313226925646	0	18	0	-0.33333333333333215	0		1		1	0	0	0.0	0
BCL10	PF00619	0	0.73351	0	0.5800752	0	0.637	0	-0.3697999999999997	0	1.844	0	1.38765	0	0	0	-5.2	0	0.2	0	-0.23999999999999994	0	0.6264430253312947	0	1.0704597032422267	0	7	0	1.333333333333333	0		1		1		1		1
BCL11A	PF25491	0	1.0	0	0.002315000000000067	0	0.125	0	-0.16849999999999998	0	3.6173	0	1.16215	0	14	0	0.0	0	0.6	0	-0.04999999999999993	0	-0.324221658325915	0	-0.14447628968977216	0	10	0	-5.0	0	3	0	0.0	0	0	0	0.0	0
BCL11B	PF25491	0	0.99537	0	-0.002314999999999956	0	0.462	0	0.16850000000000004	0	1.293	0	-1.1621500000000002	0	14	0	0.0	0	0.7	0	0.050000000000000044	0	-0.03526907894637064	0	0.1444762896897722	0	20	0	5.0	0		1		1		1		1
BCOR	PF12796	0		1		1		1		1		1		1	1	0	-4.545454545454546	0	0.2	0	-0.29090909090909084	0	-0.37468754903832613	0	0.37750113483045045	0	31	0	18.909090909090907	0	3	0	0.0	0	0	0	0.0	0
BCS1L	PF00004	0	2.6741e-10	0	-0.17032400092895908	0	0.958	0	0.24580000000000002	0	2.6803	0	1.0419580000000002	0	0	0	-8.0	0	0.2	0	-0.2	0	0.8014723135214711	0	0.11767978359985054	0	23	0	7.5	0		1		1		1		1
BEST1	PF01062	1	3.209e-19	0	0.0	0	1.28	0	0.0	0	0.89191	0	0.0	0	3	0	0.0	0	0.6	0	0.0	0	-1.5086383061657274	0	0.0	0		1		1		1		1		1		1
BFSP1	PF00038	0	7.9397e-15	0	-0.11190776037476778	0	1.371	0	0.46629411764705864	0	-0.76131	0	-1.5533682352941178	0	0	0	-64.0	0	0.2	0	-0.4176470588235294	0	0.009025742086910208	0	-2.1931166656971874	0	33	0	16.0	0		1		1		1		1
BGN	PF13855	0		1		1		1		1		1		1	22	0	-8.5	0	0.8	0	0.30000000000000004	0	1.8115817078942182	0	2.8045524415660745	0		1		1		1		1		1		1
BHLHA9	PF00010	0	0.12142	0	-0.37111241875	0	1.931	0	1.03625	0	-2.8112	0	-3.1629449999999997	0	13	0	5.125	0	0.8	0	0.31250000000000006	0	-1.3979400086720375	0	-0.8216886606523273	0		1		1		1		1		1		1
BICRA	PF15249	1	0.027767	0	0.0	0	0.659	0	0.0	0	-3.9229	0	0.0	0	1	0	0.0	0	0.2	0	0.0	0	-0.5100415205751654	0	0.0	0		1		1		1		1		1		1
BIN1	PF03114	1	1.3843e-11	0	0.0	0	0.817	0	0.0	0	1.3433	0	0.0	0	3	0	0.0	0	0.7	0	0.0	0	1.1818721590103336	0	0.0	0	8	0	0.0	0		1		1		1		1
BLM	PF08072	1	8.7183e-22	0	0.0	0	0.847	0	0.0	0	1.9677	0	0.0	0	4	0	0.0	0	0.6	0	0.0	0	-0.3142582613977364	0	0.0	0	18	0	0.0	0		1		1	0	0	0.0	0
BLOC1S3		0	0.0013877	0		1	1.836	0		1	-1.3295	0		1	0	0		1	0.2	0		1	0.5478977175630971	0		1	9	0		1		1		1		1		1
BLOC1S6		0	5.1903e-07	0		1	1.5	0		1	0.32337	0		1	0	0		1	0.2	0		1	0.7498135852929378	0		1		1		1		1		1		1		1
BMP1	PF01400	1	1.3726e-08	0	0.0	0	0.648	0	0.0	0	2.193	0	0.0	0	35	0	0.0	0	0.2	0	0.0	0	0.4488608456074407	0	0.0	0	40	0	0.0	0		1		1		1		1
BMP2	PF00019	0	0.99999	0	0.1956156	0	0.213	0	-0.16560000000000005	0	1.468	0	-0.4351400000000001	0	31	0	0.0	0	0.2	0	-0.2	0	-1.958607314841775	0	-0.6855806369177684	0	4	0	-3.75	0		1		1		1		1
BMP4	PF00019	0	0.99998	0	0.19560559999999994	0	0.258	0	-0.12060000000000004	0	1.7532	0	-0.14993999999999996	0	31	0	0.0	0	0.6	0	0.19999999999999996	0	-1.7695510786217261	0	-0.4965244006977194	0	5	0	-2.75	0	3	0	0.0	0	0	0	0.0	0
BMPER	PF08742	0	8.1808e-06	0	4.09039999999999e-06	0	0.652	0	-0.0045000000000000595	0	1.5503	0	-0.45669999999999966	0	19	0	0.0	0	0.2	0	0.0	0	-1.7695510786217261	0	0.26573945852112746	0	1	0	-1.0	0		1		1		1		1
BMPR1A	PF01064	0	1.0	0	0.20719399517379988	0	0.195	0	-0.2542	0	3.9074	0	0.8940000000000001	0	11	0	0.0	0	0.2	0	-0.07999999999999996	0	-1.3665315444204134	0	-0.3711240858407445	0	55	0	38.6	0	3	0	0.0	0	0	0	0.0	0
BMPR1B	PF01064	0	1.0	0	0.20719399517379988	0	0.331	0	-0.11819999999999997	0	1.2676	0	-1.7457999999999998	0	11	0	0.0	0	0.6	0	0.32	0	-1.3187587626244128	0	-0.323351304044744	0	2	0	-14.399999999999999	0		1		1		1		1
BMPR2	PF01064	0	1.0	0	0.20719399517379988	0	0.376	0	-0.07319999999999999	0	3.2823	0	0.26890000000000036	0	11	0	0.0	0	0.2	0	-0.07999999999999996	0	-1.1870866433571443	0	-0.19167918477747548	0	10	0	-6.399999999999999	0	3	0	0.0	0	0	0	0.0	0
BNC2	PF00096	0	1.0	0	0.19458064285714283	0	0.365	0	-0.07907142857142863	0	0.84672	0	-1.1018664285714284	0	1	0	-13.4	0	0.6	0	0.11333333333333334	0	-1.1611509092627446	0	-0.4825970534968822	0	2	0	-10.416666666666666	0		1		1		1		1
BOLA3	PF01722	1	0.0025646	0	0.0	0	1.712	0	0.0	0	0.11088	0	0.0	0	3	0	0.0	0	0.6	0	0.0	0	-0.047691990337874794	0	0.0	0	10	0	0.0	0		1		1		1		1
BPGM	PF00300	0	0.00057152	0	0.0002857533095	0	0.987	0	-0.21699999999999997	0	1.2279	0	0.49215	0	3	0	0.0	0	0.6	0	-0.04999999999999993	0	1.2833238476187863	0	-0.3060521118802806	0	12	0	4.5	0		1		1		1		1
BPNT2	PF00459	1	0.78838	0	0.0	0	0.619	0	0.0	0	-0.43186	0	0.0	0	4	0	0.0	0	0.2	0	0.0	0		1		1		1		1		1		1		1		1
BPTF		0	1.0	0		1	0.09	0		1	5.0945	0		1	11	0		1	0.2	0		1	0.2530955858490315	0		1	15	0		1	3	0		1	0	0		1
BRAF	PF00130	0	1.0	0	0.5862763283482817	0	0.237	0	-0.3576666666666668	0	4.9103	0	2.2607833333333334	0	23	0	4.333333333333332	0	0.2	0	-0.38333333333333336	0	0.16761267272753008	0	0.40683283912989604	0	23	0	16.4	0	0	0	0.0	0	0	0	0.0	0
BRAT1	PF02985	0	3.0623e-29	0	-0.5	0	1.39	0	0.5225	0	-1.9733	0	-3.6999	0	0	0	-1.0	0	0.2	0	0.0	0	0.33465476688324136	0	-0.9927467985934348	0	29	0	-13.5	0		1		1		1		1
BRCA1	PF00533	0	1.5474e-34	0	-7.8135e-05	0	0.885	0	-0.07899999999999996	0	2.3379	0	0.5213000000000001	0	0	0	-1.0	0	0.2	0	0.0	0	-0.043351420794796675	0	0.16669964440365145	0	9	0	3.0	0	3	0	0.0	0	0	0	0.0	0
BRCA2	PF09169	1	6.5274e-44	0	0.0	0	0.803	0	0.0	0	1.0218	0	0.0	0	0	0	0.0	0	0.6	0	0.0	0	-1.2218487496163564	0	0.0	0	42	0	0.0	0	3	0	0.0	0	0	0	0.0	0
BRD4		0	1.0	0		1	0.191	0		1	2.6425	0		1	11	0		1	0.2	0		1	0.7498135852929378	0		1	26	0		1		1		1		1		1
BRF1	PF07741	1	3.1018e-15	0	0.0	0	0.921	0	0.0	0	-1.5663	0	0.0	0	4	0	0.0	0	0.2	0	0.0	0	-0.3053948010664313	0	0.0	0	3	0	0.0	0		1		1		1		1
BRIP1		0	8.7115e-19	0		1	0.848	0		1	2.4664	0		1	3	0		1	0.6	0		1	-1.1307682802690238	0		1	31	0		1	3	0		1	0	0		1
BRPF1	PF00439	0	1.0	0	0.0	0	0.205	0	0.028599999999999987	0	5.001	0	0.6754000000000007	0	8	0	4.833333333333334	0	0.6	0	0.3333333333333333	0	-0.2967086218813386	0	-0.01772727076272479	0	7	0	-0.75	0	3	0	0.0	0	0	0	0.0	0
BRSK2		0	1.0	0		1	0.361	0		1	2.1289	0		1	17	0		1	0.7	0		1	-0.6615435063953952	0		1	1	0		1	3	0		1	0	0		1
BRWD3	PF00439	0		1		1		1		1		1		1	2	0	-1.1666666666666665	0	0.2	0	-0.06666666666666665	0	-1.537602002101044	0	-1.25862065098243	0	1	0	-6.75	0	3	0	0.0	0	0	0	0.0	0
BSCL2		0	7.4505e-10	0		1	0.869	0		1	1.0354	0		1	0	0		1	0.6	0		1	-0.368556230986828	0		1	115	0		1		1		1		1		1
BSND	PF15462	1	0.00065519	0	0.0	0	1.03	0	0.0	0	1.0448	0	0.0	0	0	0	0.0	0	0.7	0	0.0	0	-1.1135092748275182	0	0.0	0		1		1		1		1		1		1
BTD	PF00795	0	5.4385e-05	0	2.71925e-05	0	1.22	0	0.10499999999999998	0	0.16275	0	-0.508075	0	2	0	1.0	0	0.6	0	0.19999999999999996	0	1.9111629374739343	0	0.9725106023674508	0	12	0	2.5	0		1		1		1		1
BUB1B		0	2.5766e-14	0		1	0.707	0		1	1.7805	0		1	1	0		1	0.6	0		1	-0.1390633792999063	0		1	18	0		1		1		1	0	0		1
C12ORF65	PF00472	1		1		1		1		1		1		1	0	0	0.0	0		1		1		1		1		1		1		1		1		1		1
C19ORF12	PF20721	1		1		1		1		1		1		1	0	0	0.0	0		1		1		1		1		1		1		1		1		1		1
C1QA	PF00386	0	0.059746	0	-0.02596425	0	0.997	0	-0.1270000000000001	0	1.1379	0	0.454836	0	23	0	0.0	0	0.6	0	0.0	0	2.7558756175919665	0	0.9798431893097503	0	35	0	18.75	0		1		1		1		1
C1QB	PF00386	0	0.24893	0	0.16321975	0	1.001	0	-0.12300000000000022	0	1.2403	0	0.5572360000000001	0	23	0	0.0	0	0.6	0	0.0	0	3.0722502653478907	0	1.2962178370656745	0	6	0	-10.25	0		1		1	0	0	0.0	0
C1QBP	PF02330	1	1.4508e-07	0	0.0	0	1.155	0	0.0	0	0.20817	0	0.0	0	0	0	0.0	0	0.2	0	0.0	0	2.9052565889153814	0	0.0	0	82	0	0.0	0		1		1		1		1
C1QC	PF00386	0	0.017715	0	-0.06799525000000001	0	1.643	0	0.5189999999999999	0	0.33866	0	-0.3444039999999999	0	23	0	0.0	0	0.6	0	0.0	0	2.3729138431970633	0	0.5968814149148471	0	16	0	-0.25	0		1		1		1		1
C1R	PF00431	0	0.8552	0	0.7124301003333333	0	0.635	0	-0.18466666666666687	0	2.4049	0	1.2372083333333335	0	16	0	-4.0	0	0.6	0	-0.03333333333333344	0	2.955207019021145	0	2.4430785597304276	0	4	0	-51.0	0		1		1		1		1
C1S	PF00431	0	0.00018058	0	-0.14258931966666666	0	0.783	0	-0.03666666666666685	0	2.0076	0	0.8399083333333335	0	16	0	-4.0	0	0.8	0	0.16666666666666663	0	2.872156855693515	0	2.360028396402798	0	3	0	-52.0	0		1		1		1		1
C2CD3	PF00168	0	1.8824e-14	0	-0.34837714288489285	0	0.637	0	-0.03671428571428581	0	2.6212	0	0.47805571428571403	0	0	0	-10.357142857142858	0	0.2	0	-0.32142857142857145	0	-1.2218487496163564	0	-0.9454400892747262	0		1		1		1		1		1		1
C3	PF00207	0	1.2692e-06	0	6.346e-07	0	0.541	0	-0.14200000000000002	0	4.4464	0	1.8798199999999996	0	8	0	0.0	0	0.8	0	0.10000000000000009	0	3.764250950175384	0	2.4894605575823086	0	22	0	0.0	0		1		1		1		1
CA12	PF00194	0	3.3815e-08	0	-0.059072530271	0	0.968	0	-0.13549999999999995	0	0.45595	0	0.22696499999999997	0	14	0	0.0	0	0.6	0	-0.050000000000000044	0	0.17638069224327035	0	-0.07898299444467993	0	1	0	-4.666666666666667	0		1		1		1		1
CA2	PF00194	0	3.9499e-08	0	-0.059072524587	0	1.491	0	0.3875000000000002	0	0.27169	0	0.04270499999999994	0	14	0	0.0	0	0.6	0	-0.050000000000000044	0	2.4756726408119065	0	2.220308954123956	0		1		1		1		1		1		1
CA5A	PF00194	0	1.8303e-07	0	-0.059072381055999997	0	1.257	0	0.15349999999999997	0	-1.3698	0	-1.598785	0	14	0	0.0	0	0.8	0	0.15000000000000002	0	-2.0	0	-2.25536368668795	0	1	0	-4.666666666666667	0		1		1		1		1
CA8	PF00194	0	0.23629	0	0.177217435914	0	0.698	0	-0.40549999999999997	0	1.5581	0	1.329115	0	14	0	0.0	0	0.6	0	-0.050000000000000044	0	0.3694014136966243	0	0.11403772700867404	0	15	0	9.333333333333332	0		1		1	0	0	0.0	0
CABP2	PF13499	0	1.0077e-08	0	-0.5862023097784	0	1.299	0	0.5439999999999999	0	-0.18317	0	-3.8791240000000005	0	20	0	2.1999999999999993	0	0.8	0	0.20000000000000007	0	-1.0457574905606752	0	-1.522630536336006	0	17	0	7.75	0		1		1	0	0	0.0	0
CABP4	PF00036	0	8.2977e-11	0	-0.31034289327801534	0	1.345	0	0.354	0	-0.65326	0	-1.2673633333333334	0	20	0	-4.666666666666668	0	0.8	0	-1.1102230246251565e-16	0	-1.5228787452803376	0	-0.8682021347704577	0	2	0	-6.5	0		1		1	0	0	0.0	0
CACNA1A	PF08763	0	1.0	0	0.0	0	0.331	0	0.08325000000000002	0	3.9533	0	-2.1913000000000005	0	26	0	0.0	0	0.8	0	0.16000000000000003	0	-1.0915149811213503	0	0.3619758716191892	0	1	0	0.0	0	3	0	0.0	0	0	0	0.0	0
CACNA1B		0	1.0	0		1	0.425	0		1	3.2473	0		1	26	0		1	0.6	0		1	-1.7695510786217261	0		1		1		1		1		1		1		1
CACNA1C	PF08763	0	1.0	0	0.0	0	0.186	0	-0.06175	0	7.2836	0	1.1389999999999993	0	26	0	0.0	0	0.6	0	-0.040000000000000036	0	-1.3467874862246563	0	0.10670336651588319	0		1		1		1		1	0	0	0.0	0
CACNA1D	PF08763	0	1.0	0	0.0	0	0.253	0	0.005250000000000005	0	6.624	0	0.47939999999999916	0	26	0	0.0	0	0.2	0	-0.44	0	-1.6989700043360187	0	-0.24547915159547928	0		1		1		1		1		1		1
CACNA1E	PF08763	0	1.0	0	0.0	0	0.221	0	-0.026749999999999996	0	6.7175	0	0.5728999999999997	0	26	0	0.0	0	0.8	0	0.16000000000000003	0	-1.408935392973501	0	0.04455545976703856	0		1		1		1		1	0	0	0.0	0
CACNA1F	PF08763	0		1		1		1		1		1		1	26	0	0.0	0	0.8	0	0.16000000000000003	0	-1.7212463990471711	0	-0.2677555463066317	0		1		1		1		1		1		1
CACNA1G	PF00520	0	1.0	0	0.498599062471754	0	0.406	0	-0.14656250000000004	0	5.0503	0	1.0383723125	0	26	0	-0.0625	0	0.6	0	0.006250000000000089	0	-1.3187587626244128	0	0.1284765529808003	0		1		1		1		1		1		1
CACNA2D4		0	9.552e-50	0		1	1.175	0		1	0.35183	0		1	4	0		1	0.8	0		1	-2.0	0		1		1		1		1		1		1		1
CAD	PF01979	0	1.0	0	0.4999999999797915	0	0.409	0	-0.31	0	5.7821	0	2.821045	0	3	0	-1.0	0	0.2	0	-0.24999999999999994	0	1.3944691923474342	0	0.5682753710166879	0	1	0	-1.5	0		1		1		1		1
CALM3	PF13499	0	0.93101	0	0.34480768014459995	0	0.556	0	-0.19899999999999995	0	3.6331	0	-0.06285400000000019	0	20	0	2.1999999999999993	0	0.6	0	0.0	0	2.6117243698507426	0	2.134851324075412	0	6	0	-3.25	0	0	0	-1.0	0	0	0	0.0	0
CAMK2A	PF08332	0	1.0	0	0.0003349999999999742	0	0.187	0	-0.1315	0	6.1108	0	1.3730000000000002	0	22	0	0.0	0	0.7	0	0.0	0	1.2253351318185406	0	0.03498436258591808	0	55	0	13.0	0		1		1	0	0	0.0	0
CAMK2B	PF08332	0	0.99933	0	-0.0003349999999999742	0	0.45	0	0.1315	0	3.3648	0	-1.3730000000000002	0	22	0	0.0	0	0.7	0	0.0	0	1.1553664066467044	0	-0.03498436258591808	0	29	0	-13.0	0		1		1	0	0	0.0	0
CAMTA1	PF12796	0	1.0	0	0.5375011689017899	0	0.227	0	-0.48050000000000004	0	4.7704	0	3.4110410000000004	0	1	0	-4.545454545454546	0	0.2	0	-0.29090909090909084	0	-1.7212463990471711	0	-0.9690577151783946	0	1	0	-11.090909090909092	0	3	0	0.0	0	0	0	0.0	0
CANT1	PF06079	1	2.0744e-09	0	0.0	0	1.239	0	0.0	0	0.56905	0	0.0	0	0	0	0.0	0	0.2	0	0.0	0	0.19893186993220904	0	0.0	0	27	0	0.0	0		1		1		1		1
CAPN1	PF01067	1	2.8441e-20	0	0.0	0	0.977	0	0.0	0	1.606	0	0.0	0	20	0	0.0	0	0.6	0	0.0	0	2.356027770380459	0	0.0	0	23	0	0.0	0		1		1		1		1
CAPN15	PF00648	1	1.819e-14	0	0.0	0	0.974	0	0.0	0	-2.1004	0	0.0	0	20	0	0.0	0	0.2	0	0.0	0	-1.154901959985743	0	0.0	0		1		1		1		1		1		1
CAPN5	PF00168	0	5.467e-14	0	-0.348377142884857	0	0.928	0	0.2542857142857142	0	1.2087	0	-0.9344442857142858	0	20	0	9.642857142857142	0	0.6	0	0.07857142857142851	0	-0.04817696468408802	0	0.22823169565754212	0	2	0	-14.444444444444443	0		1		1		1		1
CARD14	PF00619	0	3.0278e-38	0	-0.15343480000000004	0	1.222	0	0.21520000000000028	0	-0.25379	0	-0.71014	0	3	0	-2.2	0	0.6	0	0.16000000000000003	0	-0.8538719643217619	0	-0.40985528641082997	0		1		1	0	0	0.0	0	0	0	0.0	0
CARD9	PF00619	0	6.2657e-17	0	-0.15343479999999998	0	1.143	0	0.13620000000000032	0	-0.92366	0	-1.38001	0	3	0	-2.2	0	0.6	0	0.16000000000000003	0	-0.3645162531850879	0	0.07950042472584407	0	7	0	1.333333333333333	0		1		1		1		1
CARS1		0	0.013447	0		1	0.571	0		1	1.195	0		1	1	0		1	0.2	0		1	1.3159913253599147	0		1		1		1		1		1		1		1
CARS2		0	1.8986e-13	0		1	1.225	0		1	-1.0737	0		1	1	0		1	0.2	0		1	0.7875313161272343	0		1	7	0		1		1		1		1		1
CASK	PF00625	0		1		1		1		1		1		1	7	0	1.666666666666667	0	0.2	0	-0.16666666666666663	0	0.4729026518036641	0	-0.199961287009628	0	19	0	-9.5	0		1		1		1		1
CASP10	PF01335	1	6.3858e-09	0	0.0	0	1.046	0	0.0	0	0.61351	0	0.0	0	16	0	0.0	0	0.2	0	0.0	0	-0.13548891894160814	0	0.0	0		1		1		1		1	0	0	0.0	0
CASQ2	PF01216	1	1.1783e-10	0	0.0	0	1.322	0	0.0	0	0.30635	0	0.0	0	1	0	0.0	0	0.8	0	0.0	0	1.2041471252128477	0	0.0	0	34	0	0.0	0		1		1		1		1
CBL	PF02262	1	0.00033116	0	0.0	0	0.622	0	0.0	0	1.6974	0	0.0	0	2	0	0.0	0	0.2	0	0.0	0	0.4565178578052626	0	0.0	0	15	0	0.0	0	0	0	0.0	0	0	0	0.0	0
CBLIF	PF01122	0	0.0051339	0	0.002566928665	0	0.865	0	-0.011500000000000066	0	0.66559	0	1.079895	0	2	0	0.0	0	0.8	0	0.10000000000000009	0	-1.031517051446065	0	-0.24993219092911112	0		1		1		1		1		1		1
CBS	PF00571	0		1		1		1		1		1		1	5	0	-0.40000000000000036	0	0.6	0	0.05999999999999994	0	0.9877109431303058	0	1.3311329876421085	0		1		1		1		1		1		1
CC2D1A		0	2.7205e-09	0		1	0.649	0		1	1.1895	0		1	1	0		1	0.2	0		1	0.6571515019009667	0		1	15	0		1		1		1		1		1
CC2D2A	PF15625	1	6.8922e-26	0	0.0	0	0.854	0	0.0	0	0.46757	0	0.0	0	2	0	0.0	0	0.6	0	0.0	0	-1.7212463990471711	0	0.0	0	2	0	0.0	0		1		1	0	0	0.0	0
CCBE1	PF01391	0	2.2995e-08	0	-0.0006012590378800766	0	0.933	0	0.004888888888888943	0	-0.014009	0	-0.8598202222222222	0	0	0	-19.666666666666668	0	0.6	0	0.0	0	-2.3979400086720375	0	-2.5315388889358297	0	4	0	-7.6	0		1		1		1		1
CCDC32		0	0.19314	0		1	0.76	0		1	0.49157	0		1	0	0		1	0.2	0		1	0.04571405894086761	0		1		1		1		1		1		1		1
CCDC39		0	6.1729e-20	0		1	1.226	0		1	0.095849	0		1	0	0		1	0.6	0		1	-2.7958800173440754	0		1		1		1		1		1		1		1
CCDC40	PF08647	1	2.6347e-28	0	0.0	0	0.962	0	0.0	0	0.91122	0	0.0	0	0	0	0.0	0	0.6	0	0.0	0	-2.0457574905606752	0	0.0	0	21	0	0.0	0		1		1		1		1
CCDC47		0	5.4337e-09	0		1	0.918	0		1	1.2024	0		1	0	0		1	0.2	0		1	1.4983243406971716	0		1		1		1		1		1		1		1
CCDC8		0	0.0017454	0		1	1.796	0		1	-0.12651	0		1	13	0		1	0.6	0		1	-0.1290111862394247	0		1	24	0		1		1		1	0	0		1
CCDC88C		0	1.3467e-22	0		1	0.759	0		1	-0.39584	0		1	5	0		1	0.6	0		1	0.13385812520333468	0		1	6	0		1		1		1		1		1
CCM2	PF16545	1	0.0010505	0	0.0	0	0.753	0	0.0	0	1.787	0	0.0	0	1	0	0.0	0	0.6	0	0.0	0	0.3839947894417328	0	0.0	0	8	0	0.0	0		1		1		1		1
CCND2	PF02984	0	0.99932	0	0.499659999830045	0	0.385	0	-0.6565000000000001	0	2.8824	0	2.38265	0	18	0	0.0	0	0.6	0	0.0	0	-1.4202164033831899	0	-0.03671445857926692	0	7	0	-6.5	0		1		1		1		1
CCNO	PF02984	0	3.3991e-10	0	-0.499659999830045	0	1.698	0	0.6564999999999999	0	-1.8829	0	-2.38265	0	18	0	0.0	0	0.6	0	0.0	0	-1.3467874862246563	0	0.036714458579266696	0	20	0	6.5	0		1		1		1		1
CCNQ		0		1		1		1		1		1		1	6	0		1	0.2	0		1	-1.2676062401770316	0		1		1		1		1		1	0	0		1
CD151		0	0.00056955	0		1	0.816	0		1	0.62523	0		1	32	0		1	0.6	0		1	1.2041471252128477	0		1	5	0		1		1		1		1		1
CD19		0	0.0059088	0		1	0.627	0		1	1.3202	0		1	0	0		1	0.7	0		1	-0.3477536589966768	0		1	5	0		1		1		1		1		1
CD247	PF02189	1	0.65538	0	0.0	0	0.633	0	0.0	0	0.37572	0	0.0	0	0	0	0.0	0	0.7	0	0.0	0	0.9425536803342098	0	0.0	0		1		1		1		1		1		1
CD27	PF00020	0	0.00016116	0	-0.010158240033666667	0	0.946	0	-0.09133333333333349	0	0.88168	0	0.4540200000000001	0	21	0	0.0	0	0.7	0	0.06666666666666665	0	-0.3391345219961308	0	0.1562300525278088	0	17	0	-14.5	0		1		1		1		1
CD36	PF01130	0	8.8525e-17	0	-0.0014305999999999557	0	1.953	0	0.635	0	-1.819	0	-1.72965	0	2	0	0.0	0	0.6	0	0.19999999999999996	0	2.2174865762936995	0	0.6599022572486397	0	3	0	-3.0	0		1		1		1		1
CD40	PF00020	0	0.030797	0	0.020477599966333332	0	0.677	0	-0.3603333333333334	0	2.0303	0	1.60264	0	21	0	0.0	0	0.6	0	-0.033333333333333326	0	0.773859552376687	0	1.2692241269006266	0	46	0	14.5	0		1		1		1		1
CD55	PF00084	0	1.1051e-06	0	-1.0135156433333333e-06	0	1.234	0	0.281	0	0.32192	0	-1.0042633333333335	0	39	0	13.0	0	0.2	0	-0.3333333333333333	0	1.2430628648048065	0	0.04677874604100207	0	11	0	-11.333333333333332	0		1		1		1		1
CD59	PF25152	1	0.56556	0	0.0	0	1.277	0	0.0	0	0.49864	0	0.0	0	3	0	0.0	0	0.2	0	0.0	0	2.359837378818201	0	0.0	0	10	0	0.0	0		1		1		1		1
CD79B	PF07686	0	0.99818	0	0.6654531108763666	0	0.421	0	-0.6216666666666666	0	1.9247	0	1.4512500000000002	0	1	0	-3.666666666666667	0	0.8	0	0.06666666666666665	0	-0.5003129173815962	0	-0.09602457227595379	0	85	0	55.0	0		1		1		1		1
CD8A	PF07686	0	2.5309e-09	0	-0.33272688659273336	0	1.496	0	0.45333333333333337	0	-1.2645	0	-1.7379499999999999	0	0	0	-4.666666666666667	0	0.8	0	0.06666666666666665	0	-0.09636748391576232	0	0.3079208611898801	0	3	0	-27.0	0		1		1	0	0	0.0	0
CDC14A		0	4.1688e-08	0		1	1.141	0		1	1.3835	0		1	8	0		1	0.6	0		1	-0.07520400420208784	0		1	1	0		1		1		1		1		1
CDC42	PF00071	0	0.872	0	0.30093478825	0	0.611	0	-0.09424999999999994	0	2.9049	0	1.2088969166666668	0	22	0	-32.46153846153846	0	0.2	0	-0.12307692307692314	0	2.6646429155864544	0	1.4725184873685233	0	6	0	-5.583333333333334	0		1		1		1		1
CDC45		0	6.6732e-08	0		1	0.77	0		1	1.4196	0		1	0	0		1	0.7	0		1	-0.17005330405836405	0		1	13	0		1		1		1		1		1
CDC6		0	4.1027e-10	0		1	0.99	0		1	1.0039	0		1	1	0		1	0.6	0		1	-1.0506099933550872	0		1	39	0		1		1		1		1		1
CDC73	PF05179	1	0.99901	0	0.0	0	0.42	0	0.0	0	3.3697	0	0.0	0	0	0	0.0	0	0.2	0	0.0	0	0.9666578842017578	0	0.0	0	6	0	0.0	0	3	0	0.0	0	0	0	0.0	0
CDH1	PF01049	0	0.85613	0	0.5707533333314292	0	0.514	0	-0.2853333333333332	0	1.9041	0	1.1075533333333332	0	35	0	-0.6666666666666643	0	0.6	0	-0.06666666666666665	0	1.1461590556048182	0	0.621631279974421	0	10	0	-13.666666666666668	0	3	0	0.0	0	0	0	0.0	0
CDH23	PF00028	0	2.8869e-32	0	-0.3890116666666667	0	0.685	0	0.09233333333333338	0	1.6119	0	0.3718316666666668	0	33	0	-7.0	0	0.6	0	0.08571428571428574	0	-1.2518119729937995	0	0.1995678265426475	0	53	0	30.833333333333332	0		1		1		1		1
CDH3	PF01049	0	5.7123e-12	0	-0.28537666666285844	0	0.823	0	0.023666666666666725	0	0.71843	0	-0.07811666666666661	0	66	0	30.333333333333336	0	0.6	0	-0.06666666666666665	0	-0.4329736338409396	0	-0.9575014094713368	0	4	0	-19.666666666666668	0		1		1		1		1
CDHR1	PF00028	0	1.0861e-16	0	-0.3890116666666666	0	1.004	0	0.41133333333333333	0	-0.43308	0	-1.6731483333333332	0	33	0	-7.0	0	0.7	0	0.18571428571428572	0	-1.275724130399211	0	0.17565566913723596	0	3	0	-19.166666666666668	0		1		1		1		1
CDK19	PF00069	0	0.49182	0	0.097295708144992	0	0.655	0	0.0004285714285714448	0	2.7676	0	0.5137295238095234	0	26	0	9.625	0	0.2	0	-0.1333333333333333	0	-0.4294570601181025	0	-0.4915950209155646	0	32	0	10.782608695652176	0		1		1		1		1
CDK4	PF00069	0	0.56668	0	0.17215570814499198	0	0.61	0	-0.044571428571428595	0	2.2555	0	0.0016295238095236364	0	26	0	9.625	0	0.2	0	-0.1333333333333333	0	1.0374663396435004	0	0.9753283788460383	0	21	0	-0.2173913043478244	0	0	0	-2.142857142857143	0	0	0	0.0	0
CDK5RAP2	PF23246	1	1.2853e-20	0	0.0	0	0.692	0	0.0	0	1.1451	0	0.0	0	1	0	0.0	0	0.2	0	0.0	0	-0.33818731446273875	0	0.0	0	34	0	0.0	0		1		1		1		1
CDK6	PF00069	0	0.99728	0	0.6027557081449921	0	0.412	0	-0.2425714285714286	0	3.1383	0	0.8844295238095237	0	26	0	9.625	0	0.6	0	0.26666666666666666	0	1.2878241156667791	0	1.225686154869317	0	22	0	0.7826086956521756	0		1		1		1		1
CDKL5	PF00069	0		1		1		1		1		1		1	26	0	9.625	0	0.6	0	0.26666666666666666	0	-1.0506099933550872	0	-1.1127479541525493	0	1	0	-20.217391304347824	0	3	0	0.8571428571428572	0	0	0	0.0	0
CDKN1B		0	0.24233	0		1	0.804	0		1	-1.3002	0		1	2	0		1	0.2	0		1	0.33665982345442	0		1	27	0		1	3	0		1	0	0		1
CDKN1C		0	0.00043741	0		1	1.943	0		1	-1.85	0		1	2	0		1	0.6	0		1	-0.6516951369518393	0		1	10	0		1	3	0		1	0	0		1
CDKN2A		0	0.61783	0		1	0.791	0		1	-1.3314	0		1	1	0		1	0.6	0		1	1.0000434272768626	0		1	3	0		1	3	0		1	0	0		1
CDT1	PF08839	1	1.2251e-28	0	0.0	0	1.737	0	0.0	0	-2.6749	0	0.0	0	0	0	0.0	0	0.8	0	0.0	0	-0.2358238676096693	0	0.0	0	5	0	0.0	0		1		1		1		1
CEBPA	PF07716	1	0.26038	0	0.0	0	1.372	0	0.0	0	-1.2385	0	0.0	0	4	0	0.0	0	0.7	0	0.0	0	-0.8416375079047503	0	0.0	0	2	0	0.0	0	0	0	0.0	0	0	0	0.0	0
CELF2		0	1.0	0		1	0.294	0		1	4.1462	0		1	6	0		1	0.6	0		1	1.4297684244786055	0		1		1		1		1		1		1		1
CENPE	PF00225	0	0.99958	0	-0.00027999999999994696	0	0.451	0	0.13433333333333336	0	1.8159	0	-1.3742999999999994	0	41	0	0.0	0	0.6	0	-0.06666666666666665	0	-1.0555173278498313	0	-1.203080740410599	0	6	0	-13.333333333333332	0		1		1		1		1
CENPF		0	1.0803e-39	0		1	0.734	0		1	1.3914	0		1	0	0		1	0.7	0		1	0.05346260492545521	0		1	16	0		1		1		1		1		1
CEP104		0	2.4722e-17	0		1	0.851	0		1	1.5089	0		1	0	0		1	0.2	0		1	-1.275724130399211	0		1		1		1		1		1		1		1
CEP120	PF00168	0	1.9566e-18	0	-0.3483771428849117	0	0.93	0	0.25628571428571423	0	-0.44298	0	-2.586124285714286	0	0	0	-10.357142857142858	0	0.2	0	-0.32142857142857145	0	-0.8827287043442357	0	-0.6063200440026055	0	8	0	-8.444444444444443	0		1		1		1		1
CEP135		0	4.5509e-24	0		1	0.989	0		1	-0.014089	0		1	4	0		1	0.2	0		1	-0.575118363368933	0		1	8	0		1		1		1		1		1
CEP152		0	2.2782e-26	0		1	0.784	0		1	1.2282	0		1	3	0		1	0.6	0		1	-1.0861861476162833	0		1	10	0		1		1		1		1		1
CEP164		0	3.2099e-45	0		1	1.009	0		1	1.0225	0		1	3	0		1	0.2	0		1	-1.3010299956639813	0		1	32	0		1		1		1	0	0		1
CEP290	PF16574	1	1.2493e-48	0	0.0	0	1.094	0	0.0	0	0.17962	0	0.0	0	0	0	0.0	0	0.2	0	0.0	0	-1.1135092748275182	0	0.0	0	15	0	0.0	0		1		1	0	0	0.0	0
CEP41		0	0.00023358	0		1	1.066	0		1	0.79493	0		1	1	0		1	0.6	0		1	0.34458874257871386	0		1		1		1		1		1		1		1
CEP57		0	6.8356e-06	0		1	0.74	0		1	0.050453	0		1	1	0		1	0.2	0		1	-0.14508697769214446	0		1	16	0		1		1		1		1		1
CEP63		0	2.2922e-17	0		1	1.127	0		1	-0.15809	0		1	2	0		1	0.2	0		1	-1.2924298239020635	0		1	15	0		1		1		1		1		1
CEP78		0	7.6315e-18	0		1	1.531	0		1	-1.0296	0		1	0	0		1	0.2	0		1	-0.5985994592184559	0		1	24	0		1		1		1	0	0		1
CEP83		0	1.2207e-05	0		1	0.807	0		1	1.02	0		1	1	0		1	0.2	0		1	-0.7825160557860937	0		1		1		1		1		1		1		1
CEP85L	PF24555	1	0.00010923	0	0.0	0	0.696	0	0.0	0	0.048639	0	0.0	0	1	0	0.0	0	0.6	0	0.0	0	-1.2518119729937995	0	0.0	0		1		1		1		1		1		1
CERKL	PF19280	1	2.2725e-17	0	0.0	0	1.43	0	0.0	0	-0.14752	0	0.0	0	4	0	0.0	0	0.6	0	0.0	0	-1.5686362358410126	0	0.0	0	9	0	0.0	0		1		1		1		1
CERT1	PF00169	0	0.103	0	-0.41915041237500006	0	0.656	0	0.04749999999999999	0	2.6715	0	-0.26026000000000016	0	5	0	0.75	0	0.2	0	-0.10000000000000003	0	0.6405808064896527	0	0.4148182603355516	0		1		1	0	0	0.0	0	0	0	0.0	0
CFAP298	PF11069	1	5.4028e-11	0	0.0	0	1.267	0	0.0	0	0.31379	0	0.0	0	0	0	0.0	0	0.2	0	0.0	0	0.6740340004312549	0	0.0	0		1		1		1		1		1		1
CFAP300		0	2.4243e-07	0		1	1.386	0		1	-0.37899	0		1	0	0		1	0.6	0		1	-1.6382721639824072	0		1		1		1		1		1		1		1
CFAP410		0	1.7639e-06	0		1	1.453	0		1	-1.8237	0		1	0	0		1	0.2	0		1	-0.8153085691824012	0		1		1		1		1		1		1		1
CFAP418	PF14996	1	1.7648e-05	0	0.0	0	1.642	0	0.0	0	0.13822	0	0.0	0	0	0	0.0	0	0.2	0	0.0	0		1		1		1		1		1		1		1		1
CFB	PF00084	0	1.4693e-10	0	-2.1184687133333333e-06	0	0.719	0	-0.23399999999999999	0	2.7519	0	1.4257166666666665	0	39	0	13.0	0	0.8	0	0.2666666666666667	0	3.172603223074333	0	1.9763191043105284	0	13	0	-9.333333333333332	0		1		1		1		1
CFC1	PF09443	1	0.85842	0	0.0	0	0.586	0	0.0	0	1.748	0	0.0	0	5	0	0.0	0	0.6	0	0.0	0	-2.3979400086720375	0	0.0	0		1		1	0	0	0.0	0	0	0	0.0	0
CFI	PF21286	1	4.9115e-15	0	0.0	0	1.076	0	0.0	0	0.28073	0	0.0	0	16	0	0.0	0	0.8	0	0.0	0	2.826075450901062	0	0.0	0	1	0	0.0	0		1		1		1		1
CFL2	PF00241	1	0.10827	0	0.0	0	0.91	0	0.0	0	1.3419	0	0.0	0	2	0	0.0	0	0.7	0	0.0	0	2.539077353977327	0	0.0	0	1	0	0.0	0		1		1		1		1
CFTR	PF00664	0	2.3757e-39	0	-1.8186250023899252e-06	0	1.152	0	0.31074999999999986	0	-1.0736	0	-3.123475	0	11	0	0.25	0	0.6	0	0.050000000000000044	0	-1.3665315444204134	0	0.0572618408238168	0		1		1		1		1		1		1
CHAMP1		0	1.0	0		1	0.16	0		1	0.31653	0		1	0	0		1	0.2	0		1	0.8887970674566807	0		1		1		1		1		1	0	0		1
CHAT	PF00755	0	9.9145e-17	0	4.956757605e-17	0	0.973	0	-0.06900000000000006	0	0.67235	0	-0.313975	0	6	0	0.0	0	0.7	0	0.050000000000000044	0	-1.3767507096020994	0	-1.2297859852707145	0		1		1		1		1		1		1
CHD1	PF18375	0	1.0	0	0.0	0	0.207	0	0.016499999999999987	0	3.2892	0	-1.3728500000000006	0	30	0	0.0	0	0.2	0	0.0	0	0.5039268041935104	0	0.3053600255668312	0	2	0	0.0	0		1		1		1		1
CHD2	PF18375	0	1.0	0	0.0	0	0.174	0	-0.016500000000000015	0	6.0349	0	1.3728499999999997	0	30	0	0.0	0	0.2	0	0.0	0	-0.10679324694015198	0	-0.30536002556683123	0		1		1	3	0	0.0	0	0	0	0.0	0
CHD4	PF08074	1	1.0	0	0.0	0	0.192	0	0.0	0	8.6275	0	0.0	0	30	0	0.0	0	0.2	0	0.0	0	1.346372536824548	0	0.0	0	40	0	0.0	0		1		1	0	0	0.0	0
CHD7	PF07533	0	1.0	0	0.0	0	0.109	0	-0.054000000000000006	0	3.9606	0	-2.6427333333333345	0	30	0	0.0	0	0.6	0	0.26666666666666666	0	-0.6420651529995461	0	-0.7227289136870578	0	3	0	-9.0	0	3	0	0.0	0	0	0	0.0	0
CHD8	PF07533	0	1.0	0	0.0	0	0.154	0	-0.009000000000000008	0	7.0384	0	0.4350666666666658	0	30	0	0.0	0	0.2	0	-0.1333333333333333	0	-0.059981844992336796	0	-0.14064560567984852	0	20	0	8.0	0	3	0	0.0	0	0	0	0.0	0
CHEK2	PF00498	1	2.847e-14	0	0.0	0	1.399	0	0.0	0	-0.016674	0	0.0	0	0	0	0.0	0	0.2	0	0.0	0	0.20167017964658152	0	0.0	0	5	0	0.0	0	3	0	0.0	0	0	0	0.0	0
CHKB	PF01633	1	5.1371e-13	0	0.0	0	1.015	0	0.0	0	-0.14666	0	0.0	0	3	0	0.0	0	0.2	0	0.0	0	0.9009676239191243	0	0.0	0	1	0	0.0	0		1		1	0	0	0.0	0
CHM	PF00996	1		1		1		1		1		1		1	3	0	0.0	0	0.2	0	0.0	0	-0.20760831050174613	0	0.0	0	31	0	0.0	0	3	0	0.0	0	0	0	0.0	0
CHMP1A		0	7.9416e-05	0		1	1.045	0		1	-0.26423	0		1	4	0		1	0.2	0		1	1.1335708406140392	0		1	20	0		1		1		1	0	0		1
CHN1	PF00130	0	0.0068059	0	-0.40691777165171833	0	0.79	0	0.19533333333333325	0	1.5173	0	-1.1322166666666669	0	4	0	-14.666666666666668	0	0.8	0	0.21666666666666667	0	-0.3535962737769304	0	-0.11437610737456447	0	2	0	-4.6	0		1		1		1		1
CHRDL1		0		1		1		1		1		1		1	19	0		1	0.6	0		1	0.6150026145245883	0		1	6	0		1	3	0		1	0	0		1
CHRNA1	PF02931	0	5.0496e-09	0	-0.32569057844369004	0	0.943	0	0.12129999999999985	0	1.6855	0	-0.26999499999999976	0	45	0	0.0	0	0.8	0	0.07000000000000006	0	-1.3979400086720375	0	0.112938010549954	0		1		1		1		1		1		1
CHRNA3		0	2.7242e-10	0		1	1.065	0		1	1.6569	0		1	45	0		1	0.7	0		1	-1.1487416512809248	0		1	30	0		1		1		1		1		1
CHRNA4	PF02931	0	5.6303e-06	0	-0.32568495319329005	0	0.834	0	0.012299999999999867	0	0.18604	0	-1.7694549999999998	0	45	0	0.0	0	0.8	0	0.07000000000000006	0	-1.3467874862246563	0	0.16409053299733523	0	142	0	97.0	0	0	0	0.0	0	0	0	0.0	0
CHRNB1	PF02931	0	1.0067e-13	0	-0.32569058349318936	0	1.047	0	0.22529999999999983	0	1.2258	0	-0.7296949999999998	0	45	0	0.0	0	0.6	0	-0.13	0	-1.6382721639824072	0	-0.12739414476041566	0	26	0	-19.0	0		1		1		1		1
CHRNB2	PF02931	0	1.6832e-09	0	-0.32569058181009003	0	1.116	0	0.2943	0	1.0117	0	-0.9437949999999997	0	45	0	0.0	0	0.7	0	-0.030000000000000027	0	-1.8860566476931633	0	-0.3751786284711718	0	97	0	52.0	0		1		1		1		1
CHRNG	PF02931	0	4.4206e-25	0	-0.32569058349329005	0	1.286	0	0.46429999999999993	0	0.9905	0	-0.9649949999999997	0	45	0	0.0	0	0.8	0	0.07000000000000006	0	-1.3187587626244128	0	0.19211925659757867	0		1		1		1		1		1		1
CHST14	PF03567	0	0.0044188	0	-0.1118606	0	0.917	0	0.11699999999999999	0	0.41448	0	-0.6289100000000001	0	6	0	2.5	0	0.2	0	0.0	0	-0.4788619162959637	0	-0.48307086636951624	0	8	0	-4.5	0		1		1		1		1
CHST3	PF00685	0	4.1464e-06	0	-0.0006566267999999999	0	1.119	0	0.13349999999999995	0	-0.98194	0	-0.403485	0	6	0	-3.0	0	0.2	0	-0.2	0	-1.0915149811213503	0	-0.4912472890555196	0	8	0	-4.0	0		1		1		1		1
CHSY1	PF05679	1	1.0	0	0.0	0	0.357	0	0.0	0	0.87685	0	0.0	0	7	0	0.0	0	0.2	0	0.0	0	-1.080921907623926	0	0.0	0	36	0	0.0	0		1		1	0	0	0.0	0
CHUK		0	0.3913	0		1	0.61	0		1	2.0823	0		1	3	0		1	0.2	0		1	0.2880255353883628	0		1	17	0		1		1		1		1		1
CIB2	PF13499	0	1.5892e-06	0	-0.5862007306554	0	1.274	0	0.519	0	0.64344	0	-3.0525140000000004	0	8	0	-9.8	0	0.6	0	0.0	0	-1.6777807052660807	0	-2.1546537510414114	0	13	0	3.75	0		1		1		1		1
CIC	PF16090	1	1.0	0	0.0	0	0.249	0	0.0	0	1.6344	0	0.0	0	50	0	0.0	0	0.2	0	0.0	0	0.16761267272753008	0	0.0	0	7	0	0.0	0	3	0	0.0	0	0	0	0.0	0
CISD2	PF10660	1	0.97014	0	0.0	0	0.437	0	0.0	0	1.3254	0	0.0	0	2	0	0.0	0	0.2	0	0.0	0	1.7387884834938474	0	0.0	0	52	0	0.0	0		1		1		1		1
CKAP2L	PF15297	1	0.00013949	0	0.0	0	0.72	0	0.0	0	-0.018164	0	0.0	0	1	0	0.0	0	0.6	0	0.0	0	-1.0506099933550872	0	0.0	0	1	0	0.0	0		1		1		1		1
CLCN2	PF00654	1	3.1071e-15	0	0.0	0	0.786	0	0.0	0	2.1216	0	0.0	0	8	0	0.0	0	0.6	0	0.0	0	-1.0655015487564323	0	0.0	0	1	0	0.0	0		1		1		1		1
CLCN7	PF00571	0	1.2342e-12	0	-0.2500006094740744	0	0.821	0	0.07124999999999992	0	0.89844	0	-1.6431950000000004	0	8	0	2.5999999999999996	0	0.2	0	-0.34	0	-0.040481623027001735	0	0.30294042148480094	0	26	0	14.0	0		1		1		1		1
CLCNKB	PF00571	0	1.4731e-22	0	-0.25000060947530856	0	1.072	0	0.32225000000000004	0	1.2899	0	-1.2517350000000003	0	8	0	2.5999999999999996	0	0.7	0	0.15999999999999992	0	-1.4559319556497243	0	-1.1125099111379217	0		1		1		1		1	0	0	0.0	0
CLDN1		0	0.021176	0		1	0.837	0		1	0.78688	0		1	22	0		1	0.6	0		1	-0.5590909179347823	0		1		1		1		1		1		1		1
CLDN14	PF00822	0	0.028763	0	0.014379416800000001	0	1.745	0	0.24550000000000005	0	0.80695	0	0.09064499999999998	0	22	0	0.0	0	0.8	0	0.10000000000000009	0	-1.2291479883578558	0	-0.1748609597818529	0		1		1		1		1	0	0	0.0	0
CLDN19	PF00822	0	4.1664e-06	0	-0.0143794168	0	1.254	0	-0.24550000000000005	0	0.62566	0	-0.09064499999999998	0	22	0	0.0	0	0.6	0	-0.09999999999999998	0	-0.8794260687941501	0	0.1748609597818528	0	4	0	0.0	0		1		1		1		1
CLMP	PF13895	0	3.1884e-05	0	-0.319349058	0	0.792	0	0.1060000000000001	0	1.1001	0	-0.6047499999999999	0	14	0	1.0	0	0.6	0	-0.06666666666666665	0	-0.18111458540599013	0	-0.025027782232591972	0	5	0	0.5	0		1		1	0	0	0.0	0
CLN3	PF02487	1	5.3225e-14	0	0.0	0	1.022	0	0.0	0	0.97718	0	0.0	0	0	0	0.0	0	0.2	0	0.0	0	0.3911116137028025	0	0.0	0	13	0	0.0	0		1		1		1		1
CLN5	PF15014	1	3.9441e-10	0	0.0	0	1.197	0	0.0	0	0.27528	0	0.0	0	0	0	0.0	0	0.2	0	0.0	0	0.16761267272753008	0	0.0	0	10	0	0.0	0		1		1		1		1
CLN6	PF15156	1	8.7664e-06	0	0.0	0	1.015	0	0.0	0	0.55889	0	0.0	0	0	0	0.0	0	0.2	0	0.0	0	0.4101020766428606	0	0.0	0		1		1		1		1		1		1
CLN8	PF03798	1	1.9452e-06	0	0.0	0	1.183	0	0.0	0	-0.59713	0	0.0	0	5	0	0.0	0	0.2	0	0.0	0	-0.09528445472131904	0	0.0	0		1		1		1		1		1		1
CLPB		0	0.00035321	0		1	0.643	0		1	1.6433	0		1	0	0		1	0.8	0		1	0.7694511794020377	0		1	13	0		1		1		1		1		1
CLPP	PF00574	1	0.0061632	0	0.0	0	0.936	0	0.0	0	0.12828	0	0.0	0	0	0	0.0	0	0.2	0	0.0	0	1.79658127076655	0	0.0	0	6	0	0.0	0		1		1	0	0	0.0	0
CLRN1	PF25807	1	8.5957e-05	0	0.0	0	1.168	0	0.0	0	-0.36895	0	0.0	0	2	0	0.0	0	0.7	0	0.0	0	-2.154901959985743	0	0.0	0		1		1		1		1	0	0	0.0	0
CLTC	PF00637	1	1.0	0	0.0	0	0.104	0	0.0	0	10.229	0	0.0	0	2	0	0.0	0	0.2	0	0.0	0	2.4996884569658553	0	0.0	0	3	0	0.0	0	3	0	0.0	0	0	0	0.0	0
CNBP		0	0.94605	0		1	0.541	0		1	3.1262	0		1	3	0		1	0.2	0		1	1.887622925875492	0		1	83	0		1		1		1		1		1
CNGA1	PF16526	0	4.6542e-05	0	2.32709999515535e-05	0	0.779	0	-0.17349999999999988	0	1.0037	0	0.24755499999999997	0	17	0	0.0	0	0.8	0	0.10000000000000009	0	-1.5086383061657274	0	-0.13603314986433235	0	4	0	-9.0	0		1		1		1		1
CNGA3	PF16526	0	9.6893e-14	0	-2.32709999515535e-05	0	1.126	0	0.1735	0	0.50859	0	-0.24755500000000008	0	17	0	0.0	0	0.6	0	-0.09999999999999998	0	-1.2365720064370627	0	0.13603314986433235	0	22	0	9.0	0		1		1		1		1
CNGB1	PF00027	0	1.6912e-34	0	-0.3387695	0	0.94	0	0.3055	0	-0.26888	0	-2.369065	0	17	0	2.166666666666666	0	0.8	0	0.18333333333333346	0	-1.337242168318426	0	-0.27275320605880227	0		1		1		1		1		1		1
CNGB3	PF00027	0	8.5316e-20	0	-0.3387695	0	1.044	0	0.4095000000000001	0	-0.15051	0	-2.250695	0	17	0	2.166666666666666	0	0.6	0	-0.016666666666666607	0	-2.5228787452803374	0	-1.4583897830207138	0		1		1		1		1		1		1
CNKSR2		0		1		1		1		1		1		1	4	0		1	0.7	0		1	-1.2006594505464183	0		1		1		1	3	0		1	0	0		1
CNNM2	PF00571	0	1.0	0	0.7499993905246914	0	0.312	0	-0.43775000000000003	0	5.0163	0	2.474665	0	3	0	-2.4000000000000004	0	0.6	0	0.05999999999999994	0	-0.712198270069774	0	-0.3687762255579713	0	4	0	-8.0	0		1		1		1		1
CNNM4	PF00571	0	2.4379e-06	0	-0.24999817157530854	0	0.794	0	0.04425000000000001	0	2.9619	0	0.42026499999999967	0	3	0	-2.4000000000000004	0	0.6	0	0.05999999999999994	0	-0.4962093169428189	0	-0.1527872724310162	0	6	0	-6.0	0		1		1		1		1
CNOT2		0	0.99999	0		1	0.211	0		1	3.2082	0		1	1	0		1	0.2	0		1	0.6274682724597097	0		1	24	0		1		1		1	0	0		1
CNOT3	PF04153	1	1.0	0	0.0	0	0.057	0	0.0	0	3.7821	0	0.0	0	1	0	0.0	0	0.2	0	0.0	0	1.0644954267927278	0	0.0	0	34	0	0.0	0	0	0	0.0	0	0	0	0.0	0
CNPY3	PF11938	1	0.00026212	0	0.0	0	0.882	0	0.0	0	0.77674	0	0.0	0	1	0	0.0	0	0.2	0	0.0	0	1.2014244375799117	0	0.0	0	36	0	0.0	0		1		1		1		1
CNTNAP1	PF00754	0	1.514e-07	0	0.0	0	0.578	0	0.0	0	3.8452	0	0.0	0	35	0	17.0	0	0.6	0	-0.09999999999999998	0	0.42829681398287955	0	0.49134630535464097	0	17	0	0.0	0		1		1		1		1
CNTNAP2		0	1.9949e-18	0		1	0.721	0		1	0.26666	0		1	35	0		1	0.7	0		1	-0.8210230527068306	0		1		1		1		1		1	0	0		1
COA8		0	1.1686e-06	0		1	1.305	0		1	-1.074	0		1	0	0		1	0.6	0		1	-1.2676062401770316	0		1		1		1		1		1		1		1
COASY	PF01121	1	2.6657e-06	0	0.0	0	0.791	0	0.0	0	0.27059	0	0.0	0	1	0	0.0	0	0.2	0	0.0	0	1.3617467179758969	0	0.0	0	9	0	0.0	0		1		1		1		1
COG1		0	6.1028e-11	0		1	0.718	0		1	1.1315	0		1	0	0		1	0.2	0		1	0.3077099234048067	0		1	30	0		1		1		1		1		1
COG4		0	1.9463e-13	0		1	0.805	0		1	-0.0047756	0		1	1	0		1	0.2	0		1	0.6523430550627148	0		1	37	0		1		1		1		1		1
COG5		0	4.6848e-17	0		1	1.026	0		1	-0.53705	0		1	0	0		1	0.2	0		1	0.6840370374865198	0		1	31	0		1		1		1		1		1
COG7	PF10191	1	2.562e-05	0	0.0	0	0.651	0	0.0	0	1.302	0	0.0	0	0	0	0.0	0	0.2	0	0.0	0	0.5133507988059569	0	0.0	0	34	0	0.0	0		1		1	0	0	0.0	0
COG8		0	1.4237e-15	0		1	1.257	0		1	0.66344	0		1	0	0		1	0.2	0		1	0.3600250891893975	0		1	24	0		1		1		1	0	0		1
COL10A1	PF00386	0	0.01645	0	-0.06926025	0	0.855	0	-0.26900000000000013	0	0.015396	0	-0.6676679999999999	0	23	0	0.0	0	0.6	0	0.0	0	-1.0969100130080565	0	-2.872942441290273	0	8	0	-8.25	0		1		1		1		1
COL11A1	PF01410	0	1.0	0	0.22219716217111107	0	0.349	0	0.06477777777777777	0	1.0145	0	-2.6019666666666668	0	37	0	0.0	0	0.6	0	0.022222222222222143	0	-0.06198090252378971	0	-0.5492895690775261	0		1		1		1		1	0	0	0.0	0
COL11A2	PF01410	0	0.00022512	0	-0.777577717828889	0	0.503	0	0.2187777777777778	0	3.4045	0	-0.21196666666666664	0	37	0	0.0	0	0.7	0	0.12222222222222212	0	0.06483221973857377	0	-0.4224764468151626	0		1		1		1		1		1		1
COL13A1		0	1.5227e-19	0		1	0.886	0		1	-0.13261	0		1	37	0		1	0.6	0		1	-0.2628073572952627	0		1	1	0		1		1		1		1		1
COL17A1	PF01391	0	2.3058e-48	0	-0.0006012820328800766	0	0.909	0	-0.01911111111111108	0	0.79988	0	-0.04593122222222212	0	37	0	17.333333333333332	0	0.8	0	0.20000000000000007	0	-0.2732727909734277	0	-0.40687167123722	0		1		1		1		1		1		1
COL18A1		0	8.5915e-33	0		1	1.001	0		1	-2.8284	0		1	37	0		1	0.6	0		1	1.1461590556048182	0		1	29	0		1		1		1		1		1
COL1A1	PF01410	0	1.0	0	0.22219716217111107	0	0.159	0	-0.1252222222222222	0	5.7881	0	2.1716333333333333	0	37	0	0.0	0	0.6	0	0.022222222222222143	0	1.6674622924558062	0	1.18015362590207	0	22	0	12.0	0	3	0	1.0	0	0	0	0.0	0
COL1A2	PF01410	0	1.0	0	0.22219716217111107	0	0.339	0	0.054777777777777814	0	3.5486	0	-0.06786666666666674	0	37	0	0.0	0	0.6	0	0.022222222222222143	0	1.6191037702724662	0	1.13179510371873	0	3	0	-7.0	0	0	0	-2.0	0	0	0	0.0	0
COL25A1	PF01391	0	5.7892e-16	0	-0.0006012820328794976	0	1.034	0	0.10588888888888892	0	0.96891	0	0.12309877777777789	0	37	0	17.333333333333332	0	0.6	0	0.0	0	-1.3979400086720375	0	-1.5315388889358297	0	1	0	-10.6	0		1		1		1		1
COL27A1	PF01410	0	4.2046e-07	0	-0.7778024173688889	0	0.539	0	0.2547777777777778	0	1.2258	0	-2.3906666666666667	0	37	0	0.0	0	0.6	0	0.022222222222222143	0	-0.39469495385889053	0	-0.8820036204126269	0		1		1		1		1		1		1
COL2A1	PF01410	0	1.0	0	0.22219716217111107	0	0.183	0	-0.10122222222222221	0	5.3873	0	1.770833333333333	0	37	0	0.0	0	0.7	0	0.12222222222222212	0	0.2506639194632435	0	-0.23664474709049288	0	19	0	9.0	0	3	0	1.0	0	0	0	0.0	0
COL3A1	PF01410	0	1.0	0	0.22219716217111107	0	0.291	0	0.0067777777777777715	0	4.6137	0	0.997233333333333	0	37	0	0.0	0	0.6	0	0.022222222222222143	0	0.6999244027424767	0	0.2126157361887403	0	4	0	-6.0	0	3	0	1.0	0	0	0	0.0	0
COL4A1	PF01413	0	1.0	0	0.6666666665357834	0	0.238	0	-0.2799999999999999	0	4.9877	0	1.7593333333333336	0	37	0	0.0	0	0.6	0	0.2	0	0.7235377615320568	0	0.5057393155025347	0	9	0	4.333333333333333	0		1		1		1		1
COL4A3	PF01413	0	2.7709e-21	0	-0.3333333334642166	0	0.709	0	0.19100000000000006	0	2.4627	0	-0.7656666666666667	0	37	0	0.0	0	0.6	0	0.2	0	-0.1408617027054692	0	-0.3586601487349913	0		1		1		1		1	0	0	0.0	0
COL4A4	PF01413	0	3.9265e-10	0	-0.3333333330715666	0	0.607	0	0.08900000000000008	0	2.2347	0	-0.9936666666666665	0	37	0	0.0	0	0.2	0	-0.19999999999999996	0	0.10071508657308159	0	-0.11708335945644055	0	1	0	-3.666666666666667	0		1		1		1		1
COL4A5	PF01413	0		1		1		1		1		1		1	37	0	0.0	0	0.2	0	-0.19999999999999996	0	0.1878026387184193	0	-0.02999580731110285	0	4	0	-0.666666666666667	0	3	0	0.0	0	0	0	0.0	0
COL5A1	PF01410	0	1.0	0	0.22219716217111107	0	0.089	0	-0.1952222222222222	0	4.1992	0	0.5827333333333335	0	37	0	0.0	0	0.6	0	0.022222222222222143	0	0.4363217001397333	0	-0.050986966414003076	0	11	0	1.0	0	3	0	1.0	0	0	0	0.0	0
COL5A2	PF01410	0	1.0	0	0.22219716217111107	0	0.106	0	-0.17822222222222223	0	3.3665	0	-0.2499666666666669	0	37	0	0.0	0	0.2	0	-0.3777777777777778	0	0.10414555055400815	0	-0.38316311599972824	0	1	0	-9.0	0	0	0	-2.0	0	0	0	0.0	0
COL6A2	PF01391	0	5.0534e-23	0	-0.0006012820328800766	0	0.895	0	-0.03311111111111109	0	-0.91252	0	-1.758331222222222	0	37	0	17.333333333333332	0	0.2	0	-0.39999999999999997	0	2.1139466930207718	0	1.9803478127569796	0	36	0	24.4	0		1		1		1		1
COL6A3	PF01391	0	2.2106e-13	0	-0.0006012820326590165	0	0.564	0	-0.36411111111111116	0	2.1118	0	1.2659887777777779	0	12	0	-7.666666666666668	0	0.6	0	0.0	0	2.3579367517966356	0	2.2243378715328435	0		1		1		1		1		1		1
COL7A1	PF01391	0	1.4204e-56	0	-0.0006012820328800766	0	0.69	0	-0.23811111111111116	0	4.0644	0	3.2185887777777777	0	37	0	17.333333333333332	0	0.6	0	0.0	0	-0.48945498979338786	0	-0.6230538700571802	0		1		1		1		1		1		1
COL9A1		0	6.4083e-24	0		1	0.889	0		1	0.12097	0		1	37	0		1	0.6	0		1	-0.19586056766464957	0		1	4	0		1	0	0		1	0	0		1
COL9A2		0	3.1387e-14	0		1	0.817	0		1	0.15536	0		1	37	0		1	0.7	0		1	-0.4056074496245733	0		1		1		1	0	0		1	0	0		1
COL9A3		0	1.4149e-25	0		1	1.026	0		1	-1.6352	0		1	37	0		1	0.6	0		1	-0.6655462488490691	0		1		1		1		1		1		1		1
COLEC10	PF01391	0	0.0054092	0	0.004807917967119924	0	1.082	0	0.15388888888888896	0	0.24254	0	-0.6032712222222222	0	4	0	-15.666666666666668	0	0.8	0	0.20000000000000007	0	0.4032921451582542	0	0.2696932648944619	0	11	0	-0.5999999999999996	0		1		1		1		1
COLEC11	PF01391	0	2.3153e-06	0	-0.0005989667328800765	0	1.168	0	0.23988888888888882	0	1.6017	0	0.7558887777777777	0	4	0	-15.666666666666668	0	0.6	0	0.0	0	1.6954904323390683	0	1.5618915520752759	0	6	0	-5.6	0		1		1	0	0	0.0	0
COMP	PF11598	1	1.6355e-24	0	0.0	0	1.073	0	0.0	0	1.5119	0	0.0	0	5	0	0.0	0	0.8	0	0.0	0	1.6149077570334118	0	0.0	0	3	0	0.0	0		1		1		1		1
COPB2	PF04053	1	1.0	0	0.0	0	0.177	0	0.0	0	3.4692	0	0.0	0	1	0	0.0	0	0.2	0	0.0	0	1.754355981673324	0	0.0	0	5	0	0.0	0		1		1		1		1
COQ2	PF01040	1	0.00017758	0	0.0	0	1.032	0	0.0	0	-1.2344	0	0.0	0	1	0	0.0	0	0.6	0	0.0	0	-0.978810700930062	0	0.0	0	1	0	0.0	0		1		1	0	0	0.0	0
COQ4	PF05019	1	2.7347e-14	0	0.0	0	1.645	0	0.0	0	-0.084373	0	0.0	0	0	0	0.0	0	0.2	0	0.0	0	-1.6575773191777938	0	0.0	0	19	0	0.0	0		1		1		1		1
COQ8A	PF03109	1	7.6305e-15	0	0.0	0	0.999	0	0.0	0	-0.50193	0	0.0	0	4	0	0.0	0	0.7	0	0.0	0	0.8756977619802079	0	0.0	0		1		1		1		1		1		1
COQ9	PF08511	1	8.0652e-09	0	0.0	0	1.035	0	0.0	0	0.3419	0	0.0	0	0	0	0.0	0	0.6	0	0.0	0	1.3765952043404752	0	0.0	0	1	0	0.0	0		1		1		1		1
CORO1A	PF08953	1	0.70891	0	0.0	0	0.572	0	0.0	0	3.0728	0	0.0	0	6	0	0.0	0	0.7	0	0.0	0	2.958564360993412	0	0.0	0	39	0	0.0	0		1		1	0	0	0.0	0
COX15	PF02628	1	5.8917e-16	0	0.0	0	1.198	0	0.0	0	1.6685	0	0.0	0	0	0	0.0	0	0.2	0	0.0	0	0.4442009888641595	0	0.0	0	1	0	0.0	0		1		1	0	0	0.0	0
COX16		0	0.00018572	0		1	1.373	0		1	0.00043046	0		1	2	0		1	0.2	0		1	-0.6675615400843947	0		1	3	0		1		1		1		1		1
COX4I1	PF02936	1	1.1962e-05	0	0.0	0	1.15	0	0.0	0	-0.21368	0	0.0	0	1	0	0.0	0	0.2	0	0.0	0	2.359837378818201	0	0.0	0	32	0	0.0	0		1		1		1		1
COX6B1	PF02297	1	0.98685	0	0.0	0	0.421	0	0.0	0	1.2958	0	0.0	0	1	0	0.0	0	0.6	0	0.0	0	2.4668691025853065	0	0.0	0	22	0	0.0	0		1		1	0	0	0.0	0
COX7B		0		1		1		1		1		1		1	1	0		1	0.6	0		1	-0.05848856736559697	0		1		1		1		1		1		1		1
CP	PF00394	1	4.9953e-07	0	0.0	0	0.624	0	0.0	0	1.607	0	0.0	0	35	0	0.0	0	0.8	0	0.0	0	3.4867139175848365	0	0.0	0	8	0	0.0	0		1		1		1		1
CPAMD8	PF00207	0	4.7182e-30	0	-6.346e-07	0	0.825	0	0.1419999999999999	0	0.68676	0	-1.87982	0	8	0	0.0	0	0.6	0	-0.09999999999999998	0	-1.214670164989233	0	-2.4894605575823086	0		1		1		1		1		1		1
CPAP	PF07202	1		1		1		1		1		1		1	1	0	0.0	0		1		1		1		1		1		1		1		1		1		1
CPLANE1	PF15392	1	2.7962e-36	0	0.0	0	0.728	0	0.0	0	2.7342	0	0.0	0	0	0	0.0	0	0.2	0	0.0	0	-2.0969100130080562	0	0.0	0		1		1		1		1	0	0	0.0	0
CPS1	PF25596	1	1.7622e-19	0	0.0	0	0.764	0	0.0	0	1.7456	0	0.0	0	5	0	0.0	0	0.8	0	0.0	0	1.6031552027714753	0	0.0	0	15	0	0.0	0		1		1		1		1
CRADD	PF00619	0	0.033664	0	-0.11977080000000004	0	0.999	0	-0.007799999999999696	0	0.68636	0	0.23000999999999994	0	0	0	-5.2	0	0.2	0	-0.23999999999999994	0	0.2579184503140584	0	0.7019351282249904	0		1		1		1		1	0	0	0.0	0
CRAT	PF00755	0	9.8479e-21	0	-4.956757605e-17	0	1.111	0	0.06899999999999995	0	1.3003	0	0.313975	0	6	0	0.0	0	0.6	0	-0.04999999999999993	0	1.0828212609393293	0	1.2297859852707145	0	9	0	0.0	0		1		1		1		1
CRB1	PF00008	0	9.3619e-17	0	-1.1003023543612294e-06	0	0.776	0	-0.13877777777777778	0	0.63626	0	0.37480111111111114	0	0	0	-13.0	0	0.8	0	0.13333333333333353	0	0.025715383901340642	0	-0.7248621288779133	0		1		1		1		1		1		1
CRB2	PF00008	0	1.0689e-28	0	-1.1003023544548484e-06	0	1.202	0	0.28722222222222216	0	-2.058	0	-2.3194588888888887	0	3	0	-10.0	0	0.6	0	-0.06666666666666654	0	-0.7351821769904635	0	-1.4857596897697176	0		1		1		1		1		1		1
CRBN	PF02190	1	1.0366e-10	0	0.0	0	1.147	0	0.0	0	-0.91879	0	0.0	0	0	0	0.0	0	0.2	0	0.0	0	0.5515719736742537	0	0.0	0	11	0	0.0	0		1		1		1		1
CREBBP	PF00439	0	1.0	0	0.0	0	0.101	0	-0.0754	0	4.7763	0	0.4507000000000003	0	1	0	-2.1666666666666665	0	0.2	0	-0.06666666666666665	0	-0.20971483596675833	0	0.0692665151518555	0	11	0	3.25	0	3	0	0.0	0	0	0	0.0	0
CRLF1	PF09067	0	8.3681e-10	0	-0.07864499958159502	0	1.045	0	0.1975	0	0.52571	0	0.17606500000000003	0	23	0	0.0	0	0.6	0	0.0	0	-1.1191864077192086	0	-0.41717688278383325	0	9	0	0.0	0		1		1		1		1
CRPPA	PF01128	1	3.8872e-06	0	0.0	0	1.462	0	0.0	0	-1.6315	0	0.0	0	0	0	0.0	0	0.6	0	0.0	0	-1.0222763947111522	0	0.0	0		1		1		1		1		1		1
CRX	PF00046	0	0.72313	0	0.26086806920860534	0	0.673	0	-0.15321874999999996	0	1.0896	0	0.9543003124999999	0	50	0	17.352941176470587	0	0.8	0	0.14411764705882357	0	-1.4202164033831899	0	-0.25208473755658045	0		1		1		1		1		1		1
CRYAA	PF00525	0		1		1		1		1		1		1	8	0	0.0	0	0.7	0	0.050000000000000044	0	2.0969134873500144	0	-0.34527384782084614	0	47	0	8.5	0		1		1		1		1
CRYAB	PF00525	0	0.005468	0	0.0	0	1.18	0	0.0	0	1.1939	0	0.0	0	8	0	0.0	0	0.6	0	-0.04999999999999993	0	2.7874611829917066	0	0.34527384782084614	0	30	0	-8.5	0		1		1		1		1
CRYBA1	PF00030	0	2.5475e-05	0	-0.02219330234	0	0.987	0	-0.08700000000000008	0	1.2062	0	0.3769463999999999	0	14	0	0.0	0	0.0	0	-0.52	0	1.7649304466902818	0	0.010977758703982765	0		1		1	0	0	0.0	0	0	0	0.0	0
CRYBB1		0	0.0070272	0		1	0.789	0		1	1.3118	0		1	14	0		1	0.6	0		1	2.004325673706721	0		1	4	0		1		1		1		1		1
CRYBB2	PF00030	0	0.089294	0	0.06707522266	0	0.765	0	-0.30900000000000005	0	1.7421	0	0.9128464	0	14	0	0.0	0	0.6	0	0.07999999999999996	0	2.161370997359005	0	0.40741830937270596	0		1		1	0	0	0.0	0	0	0	0.0	0
CRYGC	PF00030	0	0.0018396	0	-0.02037917734	0	0.941	0	-0.13300000000000012	0	0.24242	0	-0.5868336000000001	0	14	0	0.0	0	0.8	0	0.28	0	1.8926565945905085	0	0.1387039066042095	0	2	0	-3.666666666666667	0	0	0	0.0	0	0	0	0.0	0
CRYGD	PF00030	0	6.8117e-06	0	-0.022211965639999998	0	1.796	0	0.722	0	0.096428	0	-0.7328256000000001	0	14	0	0.0	0	0.6	0	0.07999999999999996	0	0.9685296443748396	0	-0.7854230436114594	0	9	0	3.333333333333333	0		1		1		1		1
CRYGS	PF00030	0	0.019928	0	-0.0022907773399999977	0	0.881	0	-0.19300000000000006	0	0.85912	0	0.02986639999999996	0	14	0	0.0	0	0.6	0	0.07999999999999996	0	1.9822757569168599	0	0.22832306893056087	0	6	0	0.33333333333333304	0		1		1		1		1
CSF1R	PF00047	0	0.97537	0	0.24691998273350002	0	0.485	0	-0.0635	0	2.4273	0	-0.2750750000000002	0	53	0	7.5	0	0.6	0	0.10000000000000003	0	1.017075096376059	0	0.8514018174499005	0	1	0	-6.5	0		1		1		1		1
CSF2RB	PF21460	1	0.9326	0	0.0	0	0.511	0	0.0	0	0.88803	0	0.0	0	7	0	0.0	0	0.6	0	0.0	0	-1.8860566476931633	0	0.0	0		1		1		1		1		1		1
CSF3R	PF00041	0	3.6121e-09	0	-0.2999953171797707	0	0.726	0	0.08799999999999997	0	2.4079	0	0.6979690000000003	0	23	0	-3.5	0	0.6	0	1.1102230246251565e-16	0	-1.8860566476931633	0	-1.3449265461734083	0		1		1		1		1		1		1
CSNK2A1	PF00069	0	1.0	0	0.605475708144992	0	0.274	0	-0.38057142857142856	0	5.3272	0	3.073329523809524	0	4	0	-12.375	0	0.2	0	-0.1333333333333333	0	1.5105584141504382	0	1.448420453352976	0	87	0	65.78260869565217	0		1		1	0	0	0.0	0
CSNK2B	PF01214	1	0.99996	0	0.0	0	0.237	0	0.0	0	3.7843	0	0.0	0	0	0	0.0	0	0.2	0	0.0	0	1.8293102067756908	0	0.0	0	64	0	0.0	0		1		1		1		1
CSPP1		0	1.8241e-09	0		1	0.876	0		1	0.73622	0		1	0	0		1	0.2	0		1	-0.6861327796308466	0		1	3	0		1		1		1	0	0		1
CSRP3	PF00412	0	1.039e-07	0	4.0411000000000004e-08	0	1.307	0	0.16100000000000003	0	0.46588	0	0.42775	0	2	0	-19.333333333333332	0	0.6	0	-0.033333333333333326	0	1.4548600981440498	0	-0.34792974113232167	0	2	0	0.0	0		1		1		1		1
CSTA		0	0.12232	0		1	1.219	0		1	-0.20959	0		1	1	0		1	0.6	0		1	2.086363390450994	0		1	11	0		1		1		1		1		1
CSTB	PF00031	1	0.0029059	0	0.0	0	1.681	0	0.0	0	-0.24896	0	0.0	0	1	0	0.0	0	0.8	0	0.0	0	2.58206449980677	0	0.0	0	5	0	0.0	0		1		1	0	0	0.0	0
CTBP1		0	0.9459	0		1	0.533	0		1	2.2636	0		1	3	0		1	0.2	0		1	1.3344738569115375	0		1	39	0		1		1		1		1		1
CTC1	PF15489	1	4.0781e-18	0	0.0	0	0.776	0	0.0	0	1.0969	0	0.0	0	0	0	0.0	0	0.2	0	0.0	0	-1.3979400086720375	0	0.0	0	26	0	0.0	0		1		1	0	0	0.0	0
CTCF	PF00096	0	1.0	0	0.19458064285714283	0	0.205	0	-0.23907142857142863	0	4.8464	0	2.8978135714285713	0	36	0	21.6	0	0.2	0	-0.2866666666666666	0	0.8797264966395772	0	1.5582803524054396	0	38	0	25.583333333333336	0	3	0	0.6666666666666665	0	0	0	0.0	0
CTDP1		0	2.7597e-05	0		1	0.65	0		1	0.82764	0		1	0	0		1	0.2	0		1	0.06483221973857377	0		1	6	0		1		1		1		1		1
CTH	PF01053	1	1.0152e-10	0	0.0	0	1.078	0	0.0	0	0.67056	0	0.0	0	14	0	0.0	0	0.8	0	0.0	0	0.7642508754387732	0	0.0	0	16	0	0.0	0		1		1	0	0	0.0	0
CTNNA2		0	0.97551	0		1	0.491	0		1	3.6947	0		1	4	0		1	0.7	0		1	0.6243852414202651	0		1	10	0		1		1		1		1		1
CTNNB1	PF00514	0	1.0	0	0.0	0	0.139	0	-0.023999999999999994	0	5.7223	0	1.49395	0	4	0	-1.0	0	0.2	0	0.0	0	1.5415917234937693	0	-0.10561619033705161	0	24	0	7.0	0	3	0	0.0	0	0	0	0.0	0
CTNND1	PF00514	0	1.0	0	0.0	0	0.187	0	0.023999999999999994	0	2.7344	0	-1.49395	0	6	0	1.0	0	0.2	0	0.0	0	1.7528241041678725	0	0.10561619033705161	0	10	0	-7.0	0		1		1		1		1
CTNND2		0	1.0	0		1	0.228	0		1	2.5135	0		1	6	0		1	0.8	0		1	-0.29157909986528724	0		1	4	0		1		1		1	0	0		1
CTNS	PF04193	0	0.0010072	0	0.00049657	0	0.754	0	-0.11499999999999999	0	0.64366	0	-0.04325000000000001	0	0	0	-0.5	0	0.2	0	0.0	0	-1.9208187539523751	0	-1.5527692845513232	0		1		1		1		1	0	0	0.0	0
CTSA	PF00450	1	1.4137e-09	0	0.0	0	0.851	0	0.0	0	1.6492	0	0.0	0	2	0	0.0	0	0.6	0	0.0	0	1.502440776828883	0	0.0	0	8	0	0.0	0		1		1		1		1
CTSC	PF08773	1	2.2986e-08	0	0.0	0	1.051	0	0.0	0	-0.54589	0	0.0	0	12	0	0.0	0	0.2	0	0.0	0	1.4518017813479311	0	0.0	0	5	0	0.0	0		1		1		1		1
CTSD	PF07966	1	1.4812e-06	0	0.0	0	0.886	0	0.0	0	1.2419	0	0.0	0	9	0	0.0	0	0.2	0	0.0	0	2.033427776713536	0	0.0	0	1	0	0.0	0		1		1		1		1
CTSF	PF08246	0	1.0803e-23	0	-0.0034408	0	1.296	0	0.274	0	-0.64111	0	-1.4032049999999998	0	12	0	0.0	0	0.6	0	0.0	0	-0.3585258894959005	0	-0.14600658867230296	0	37	0	16.0	0		1		1		1		1
CTSK	PF08246	0	0.0068816	0	0.0034408	0	0.748	0	-0.274	0	2.1653	0	1.4032049999999998	0	12	0	0.0	0	0.6	0	0.0	0	-0.06651271215129456	0	0.14600658867230296	0	5	0	-16.0	0		1		1		1		1
CTU2		0	5.4023e-34	0		1	1.535	0		1	-5.9994	0		1	0	0		1	0.2	0		1	-0.1337126609158051	0		1	30	0		1		1		1		1		1
CUBN	PF00431	0	1.0686e-57	0	-0.14276989966666667	0	0.756	0	-0.06366666666666687	0	1.0005	0	-0.16719166666666663	0	35	0	15.0	0	0.8	0	0.16666666666666663	0	0.30124708863621136	0	-0.2108813706545059	0		1		1		1		1	0	0	0.0	0
CUL3	PF00888	1	0.99999	0	0.0	0	0.365	0	0.0	0	5.156	0	0.0	0	7	0	0.0	0	0.6	0	0.0	0	1.2279124017517482	0	0.0	0	53	0	0.0	0		1		1		1		1
CUL4B		0		1		1		1		1		1		1	7	0		1	0.2	0		1	0.8932622858879914	0		1	38	0		1	3	0		1	0	0		1
CUL7		0	1.197e-11	0		1	0.62	0		1	2.9059	0		1	1	0		1	0.2	0		1	-0.46597389394386496	0		1	27	0		1		1		1		1		1
CWC27		0	4.1569e-06	0		1	1.181	0		1	0.75484	0		1	22	0		1	0.2	0		1	0.6600112212893308	0		1	7	0		1		1		1		1		1
CXCR4		0	0.96908	0		1	0.514	0		1	2.6131	0		1	23	0		1	0.6	0		1	0.5933968423002067	0		1	169	0		1		1		1		1		1
CYB5A	PF00173	0	0.038003	0	0.02355546666541313	0	1.198	0	0.16966666666666663	0	0.33298	0	0.09357333333333331	0	1	0	0.6666666666666667	0	0.6	0	0.10000000000000003	0	2.3502499571444866	0	1.8680394415725043	0	5	0	-3.0	0		1		1	0	0	0.0	0
CYB5R3	PF00970	1	6.0512e-08	0	0.0	0	1.074	0	0.0	0	-1.0086	0	0.0	0	5	0	0.0	0	0.2	0	0.0	0	2.502428485688203	0	0.0	0	20	0	0.0	0		1		1		1		1
CYBA	PF05038	1	2.5895e-10	0	0.0	0	1.726	0	0.0	0	-2.4309	0	0.0	0	0	0	0.0	0	0.6	0	0.0	0	0.3098430047160705	0	0.0	0	8	0	0.0	0		1		1		1		1
CYBB	PF08022	1		1		1		1		1		1		1	6	0	0.0	0	0.6	0	0.0	0	0.5978048424042929	0	0.0	0	6	0	0.0	0	3	0	0.0	0	0	0	0.0	0
CYC1	PF02167	1	0.8463	0	0.0	0	0.583	0	0.0	0	-0.60664	0	0.0	0	0	0	0.0	0	0.6	0	0.0	0	1.9410192184134112	0	0.0	0	9	0	0.0	0		1		1		1		1
CYFIP2	PF07159	1	1.0	0	0.0	0	0.274	0	0.0	0	6.9395	0	0.0	0	1	0	0.0	0	0.6	0	0.0	0	1.3159913253599147	0	0.0	0	21	0	0.0	0		1		1		1		1
CYLD	PF01302	1	1.0	0	0.0	0	0.325	0	0.0	0	4.7125	0	0.0	0	0	0	0.0	0	0.6	0	0.0	0	-0.0501222959631252	0	0.0	0	5	0	0.0	0	3	0	0.0	0	0	0	0.0	0
CYP11B2	PF00067	0	1.3679e-10	0	-1.1647583563199732e-06	0	1.008	0	-0.10544444444444423	0	0.01061	0	-0.03772777777777775	0	2	0	-3.7777777777777777	0	0.8	0	0.1777777777777778	0	-0.4762535331884355	0	0.236741634218875	0		1		1		1		1		1		1
CYP17A1	PF00067	0	1.9908e-07	0	-9.658151463199733e-07	0	1.249	0	0.13555555555555587	0	1.3441	0	1.2957622222222223	0	0	0	-5.777777777777778	0	0.8	0	0.1777777777777778	0	0.451939869365103	0	1.1649350367724134	0	2	0	0.25	0		1		1		1		1
CYP1B1	PF00067	0	1.5114e-06	0	3.4650485368002676e-07	0	1.089	0	-0.02444444444444427	0	-2.0908	0	-2.139137777777778	0	2	0	-3.7777777777777777	0	0.2	0	-0.4222222222222222	0	-0.5497508916806388	0	0.16324427572667166	0		1		1		1		1		1		1
CYP21A2	PF00067	0	8.7239e-06	0	7.5590048536800265e-06	0	0.91	0	-0.2034444444444442	0	1.8091	0	1.7607622222222221	0	0	0	-5.777777777777778	0	0.8	0	0.1777777777777778	0	0.10414555055400815	0	0.8171407179613186	0		1		1		1		1	0	0	0.0	0
CYP24A1	PF00067	0	1.2314e-17	0	-1.1648951463076593e-06	0	1.507	0	0.39355555555555566	0	-1.134	0	-1.1823377777777777	0	3	0	-2.7777777777777777	0	0.7	0	0.07777777777777772	0	-0.8601209135987634	0	-0.1471257461914529	0	3	0	1.25	0		1		1		1		1
CYP27A1	PF00067	0	1.9163e-15	0	-1.1648951444036733e-06	0	1.039	0	-0.07444444444444431	0	0.10597	0	0.057632222222222244	0	3	0	-2.7777777777777777	0	0.7	0	0.07777777777777772	0	-0.09636748391576232	0	0.6166276834915482	0		1		1		1		1		1		1
CYP2R1	PF00067	0	2.5249e-12	0	-1.1648926214199732e-06	0	1.113	0	-0.00044444444444424747	0	0.39152	0	0.3431822222222222	0	15	0	9.222222222222221	0	0.2	0	-0.4222222222222222	0	-2.3010299956639813	0	-1.5880348282566707	0		1		1		1		1		1		1
CYP2U1	PF00067	0	4.9537e-08	0	-1.1153581463199732e-06	0	0.98	0	-0.13344444444444425	0	0.13159	0	0.08325222222222226	0	15	0	9.222222222222221	0	0.8	0	0.1777777777777778	0	-1.136677139879544	0	-0.4236819724722336	0	1	0	-0.75	0		1		1		1		1
CYP4V2	PF00067	0	5.1146e-17	0	-1.1648951462688273e-06	0	1.126	0	0.012555555555555653	0	-0.13305	0	-0.18138777777777776	0	12	0	6.222222222222222	0	0.6	0	-0.022222222222222254	0	-1.5528419686577808	0	-0.8398468012504703	0	1	0	-0.75	0		1		1		1		1
D2HGDH	PF02913	0	4.6247e-07	0	-0.499884768765	0	0.909	0	0.25050000000000006	0	0.52596	0	-1.13917	0	2	0	0.0	0	0.2	0	0.0	0	-0.11013827874181155	0	-0.7340460866640753	0	12	0	0.0	0		1		1		1		1
DAG1	PF18424	1	1.0	0	0.0	0	0.298	0	0.0	0	2.5564	0	0.0	0	0	0	0.0	0	0.2	0	0.0	0	1.0294243640580163	0	0.0	0	37	0	0.0	0		1		1		1		1
DARS2	PF02938	1	8.0697e-13	0	0.0	0	0.923	0	0.0	0	1.4245	0	0.0	0	4	0	0.0	0	0.2	0	0.0	0	1.0899404184986348	0	0.0	0	12	0	0.0	0		1		1	0	0	0.0	0
DBH	PF03712	1	9.4704e-13	0	0.0	0	0.936	0	0.0	0	0.35624	0	0.0	0	1	0	0.0	0	0.8	0	0.0	0	1.50651856161725	0	0.0	0	2	0	0.0	0		1		1	0	0	0.0	0
DBT	PF00198	0	3.6458e-09	0	-1.5887771e-06	0	1.255	0	0.248	0	1.3238	0	-0.004349999999999854	0	3	0	0.0	0	0.2	0	-0.2	0	1.4082569296087173	0	-0.16247418152404736	0	49	0	22.0	0		1		1	0	0	0.0	0
DCAF17	PF15802	1	3.4768e-07	0	0.0	0	0.855	0	0.0	0	0.92354	0	0.0	0	0	0	0.0	0	0.2	0	0.0	0	-1.3767507096020994	0	0.0	0	5	0	0.0	0		1		1		1		1
DCC	PF00041	0	1.0	0	0.7000046792081294	0	0.414	0	-0.22400000000000003	0	0.97556	0	-0.7343709999999999	0	36	0	9.5	0	0.6	0	1.1102230246251565e-16	0	-1.4559319556497243	0	-0.9148018541299694	0	5	0	-2.875	0		1		1		1		1
DCDC2	PF03607	0	1.1753e-09	0	-2.6190323992999996e-07	0	1.062	0	-0.42233333333333345	0	0.58407	0	3.902276666666667	0	2	0	-1.0	0	0.6	0	-0.09999999999999998	0	-0.638272163982407	0	0.6268023566689539	0	3	0	-10.0	0		1		1		1		1
DCHS1	PF00028	0	0.33407	0	-0.05494166666666672	0	0.491	0	-0.10166666666666668	0	1.5704	0	0.3303316666666667	0	33	0	-7.0	0	0.2	0	-0.3142857142857142	0	-1.3187587626244128	0	0.1326210369120342	0	14	0	-8.166666666666668	0		1		1	0	0	0.0	0
DCLRE1C	PF07522	1	8.1784e-08	0	0.0	0	0.866	0	0.0	0	0.057832	0	0.0	0	2	0	0.0	0	0.2	0	0.0	0	-0.712198270069774	0	0.0	0	7	0	0.0	0		1		1	0	0	0.0	0
DCN		0	0.1405	0		1	0.789	0		1	0.79087	0		1	22	0		1	0.2	0		1	2.1760941543425765	0		1	3	0		1		1		1		1		1
DCPS	PF05652	1	2.2711e-07	0	0.0	0	1.0	0	0.0	0	-0.11585	0	0.0	0	0	0	0.0	0	0.6	0	0.0	0	1.330434067009712	0	0.0	0		1		1		1		1		1		1
DCX	PF03607	0		1		1		1		1		1		1	6	0	3.0	0	0.6	0	-0.09999999999999998	0	-0.12959609472097294	0	1.135478425930388	0	23	0	10.0	0	3	0	0.0	0	0	0	0.0	0
DDB2	PF00400	0	0.00014594	0	-0.0005291566547115	0	0.719	0	-0.23299999999999998	0	2.2896	0	1.74759875	0	0	0	-8.875	0	0.2	0	-0.10000000000000003	0	0.8028421127390745	0	0.7389536981537923	0	38	0	18.75	0		1		1	0	0	0.0	0
DDC	PF00282	0	7.7907e-10	0	-0.09461286614728666	0	0.922	0	0.18833333333333335	0	1.0856	0	-1.2044666666666668	0	7	0	0.0	0	0.6	0	0.10000000000000003	0	0.09377178149872979	0	0.17147681958640865	0	1	0	-12.333333333333334	0		1		1		1		1
DDHD1	PF02862	0	4.5078e-05	0	2.18967e-05	0	0.642	0	-0.05799999999999994	0	0.71714	0	-0.51133	0	2	0	0.0	0	0.6	0	0.19999999999999996	0	0.16166741243773583	0	0.20751660675007855	0	12	0	-1.0	0		1		1	0	0	0.0	0
DDHD2	PF02862	0	1.2846e-06	0	-2.1896699999999997e-05	0	0.758	0	0.05800000000000005	0	1.7398	0	0.5113300000000001	0	2	0	0.0	0	0.2	0	-0.2	0	-0.25336580106242124	0	-0.20751660675007855	0	14	0	1.0	0		1		1		1		1
DDOST	PF23358	1	0.0007799	0	0.0	0	0.747	0	0.0	0	0.6592	0	0.0	0	0	0	0.0	0	0.2	0	0.0	0	2.012841441135985	0	0.0	0	2	0	0.0	0		1		1	0	0	0.0	0
DDX11		0	4.4735e-15	0		1	0.781	0		1	2.2907	0		1	3	0		1	0.2	0		1	-0.48280410205002566	0		1	37	0		1		1		1		1		1
DDX3X	PF00270	0		1		1		1		1		1		1	38	0	21.75	0	0.2	0	-0.10000000000000003	0	2.1760941543425765	0	1.915259993266981	0		1		1	3	0	0.0	0	0	0	0.0	0
DDX41	PF00270	0	8.2138e-10	0	-0.3333333326488899	0	0.768	0	0.05133333333333323	0	3.1508	0	1.4937583333333329	0	38	0	21.75	0	0.2	0	-0.10000000000000003	0	0.6876181295717699	0	0.42678396849617445	0	8	0	-6.333333333333334	0	3	0	0.0	0	0	0	0.0	0
DEAF1	PF01342	1	1.6906e-18	0	0.0	0	1.18	0	0.0	0	0.83045	0	0.0	0	0	0	0.0	0	0.8	0	0.0	0	-0.563837352959244	0	0.0	0	2	0	0.0	0		1		1		1		1
DEGS1	PF00487	1	3.8147e-05	0	0.0	0	1.051	0	0.0	0	0.7947	0	0.0	0	1	0	0.0	0	0.8	0	0.0	0	0.21510858105309316	0	0.0	0	20	0	0.0	0		1		1		1		1
DENND5A		0	0.00023707	0		1	0.574	0		1	3.2048	0		1	10	0		1	0.2	0		1	-1.1611509092627446	0		1	5	0		1		1		1		1		1
DEPDC5		0	1.0	0		1	0.403	0		1	3.7429	0		1	0	0		1	0.2	0		1	-0.8477116556169435	0		1	9	0		1	3	0		1	0	0		1
DGAT1	PF03062	0	3.8462e-18	0	-8.703307690000001e-14	0	1.055	0	-0.08699999999999997	0	0.41962	0	0.608235	0	2	0	-2.0	0	0.6	0	0.0	0	0.05346260492545521	0	0.08916015810985248	0	19	0	5.666666666666666	0		1		1		1		1
DGUOK	PF01712	0	6.2222e-08	0	3.1023925e-08	0	1.115	0	-0.0025000000000001688	0	-0.2619	0	-0.5203150000000001	0	3	0	0.0	0	0.2	0	-0.2	0	0.5706596700215341	0	-0.5812728113176391	0	48	0	13.0	0		1		1		1		1
DHCR24	PF01565	1	0.048572	0	0.0	0	0.597	0	0.0	0	2.3914	0	0.0	0	0	0	0.0	0	0.6	0	0.0	0	1.2122142474199413	0	0.0	0	5	0	0.0	0		1		1		1		1
DHCR7	PF01222	0	1.1484e-12	0	-0.4864349999994258	0	1.087	0	0.29400000000000004	0	0.76289	0	-0.09317000000000009	0	2	0	0.0	0	0.6	0	0.19999999999999996	0	1.2304744673611585	0	-0.07306036848965847	0		1		1		1		1	0	0	0.0	0
DHFR	PF00186	1	0.060812	0	0.0	0	0.994	0	0.0	0	1.7043	0	0.0	0	2	0	0.0	0	0.2	0	0.0	0	1.1790057075648201	0	0.0	0	5	0	0.0	0		1		1		1		1
DHH	PF01085	0	0.0002665	0	-0.48745675	0	0.999	0	0.253	0	1.425	0	0.46128499999999995	0	2	0	0.0	0	0.8	0	0.10000000000000009	0	-2.5228787452803374	0	-0.9577878492700016	0	6	0	0.0	0		1		1		1		1
DHODH	PF01180	0	1.6102e-08	0	8.051e-09	0	1.034	0	-0.028000000000000025	0	-0.11329	0	-0.10688	0	2	0	0.0	0	0.8	0	0.10000000000000009	0	0.290257269394518	0	0.025980100759562086	0	9	0	0.0	0		1		1	0	0	0.0	0
DHTKD1		0	2.3646e-15	0		1	0.864	0		1	0.030914	0		1	2	0		1	0.6	0		1	0.5429498488141788	0		1	5	0		1		1		1		1		1
DICER1	PF00270	0	1.0	0	0.6666666665297301	0	0.275	0	-0.44166666666666676	0	6.1513	0	4.494258333333333	0	0	0	-16.25	0	0.2	0	-0.10000000000000003	0	0.17926446433902535	0	-0.08156969673657014	0	28	0	13.666666666666666	0	3	0	0.0	0	0	0	0.0	0
DIS3L2	PF17877	1	0.99711	0	0.0	0	0.468	0	0.0	0	1.4012	0	0.0	0	2	0	0.0	0	0.2	0	0.0	0	0.32035403281767183	0	0.0	0	2	0	0.0	0		1		1	0	0	0.0	0
DKC1	PF08068	1		1		1		1		1		1		1	0	0	0.0	0	0.2	0	0.0	0	1.6374997361825243	0	0.0	0	88	0	0.0	0		1		1	0	0	0.0	0
DLAT	PF00198	0	3.1812e-06	0	1.5887771e-06	0	0.759	0	-0.2479999999999999	0	1.3325	0	0.004350000000000076	0	3	0	0.0	0	0.6	0	0.19999999999999996	0	1.7332052926568122	0	0.16247418152404758	0	5	0	-22.0	0		1		1		1		1
DLD	PF07992	0	0.00025663	0	0.00015799083	0	0.727	0	-0.27833333333333343	0	1.5317	0	0.91755	0	7	0	0.0	0	0.6	0	0.26666666666666666	0	2.334455761768878	0	1.0162362037022532	0	18	0	0.0	0		1		1		1		1
DLG3		0		1		1		1		1		1		1	10	0		1	0.2	0		1	0.4101020766428606	0		1	19	0		1	3	0		1	0	0		1
DLG4	PF00625	0	1.0	0	0.5	0	0.151	0	-0.33699999999999997	0	4.8436	0	2.10401	0	6	0	0.666666666666667	0	0.7	0	0.3333333333333333	0	0.32035403281767183	0	-0.35250990599562027	0		1		1	3	0	0.0	0	0	0	0.0	0
DLL3		0	3.0199e-20	0		1	1.512	0		1	-3.403	0		1	8	0		1	0.8	0		1	-0.9318141382538383	0		1	6	0		1		1		1		1		1
DLL4	PF01414	0	1.0	0	0.0	0	0.197	0	-0.007000000000000006	0	3.9013	0	-0.6981999999999999	0	5	0	0.0	0	0.2	0	0.0	0	-2.0457574905606752	0	-0.852361166612555	0		1		1		1		1		1		1
DMD	PF00307	0		1		1		1		1		1		1	36	0	0.0	0	0.2	0	-0.27499999999999997	0	0.8774289407882198	0	-0.32503529557749056	0	26	0	11.333333333333334	0	3	0	0.75	0	0	0	0.0	0
DMGDH	PF01266	0	6.2725e-21	0	-6.902735389999958e-07	0	0.942	0	-0.03533333333333333	0	1.1583	0	0.4086266666666668	0	10	0	0.0	0	0.7	0	0.19999999999999996	0	0.11760269169008426	0	-0.3082113135327904	0	1	0	-6.666666666666667	0		1		1		1		1
DMP1	PF07263	1	0.0022589	0	0.0	0	1.209	0	0.0	0	1.2873	0	0.0	0	6	0	0.0	0	0.0	0	0.0	0	-0.7351821769904635	0	0.0	0		1		1		1		1		1		1
DMPK		0	0.00053027	0		1	0.67	0		1	-0.55874	0		1	13	0		1	0.6	0		1	-0.6038006529042637	0		1		1		1		1		1		1		1
DNAAF11	PF23602	1	1.6371e-07	0	0.0	0	1.018	0	0.0	0	0.38254	0	0.0	0	13	0	0.0	0	0.6	0	0.0	0		1		1		1		1		1		1		1		1
DNAAF19		0		1		1		1		1		1		1	0	0		1		1		1		1		1		1		1		1		1		1		1
DNAAF3	PF14737	1	6.1143e-12	0	0.0	0	1.139	0	0.0	0	-0.80759	0	0.0	0	1	0	0.0	0	0.7	0	0.0	0	-0.8927900303521317	0	0.0	0		1		1		1		1		1		1
DNAAF4		0	4.0683e-10	0		1	1.018	0		1	-1.2189	0		1	18	0		1	0.6	0		1	-1.7695510786217261	0		1		1		1		1		1		1		1
DNAAF6		0		1		1		1		1		1		1	0	0		1	0.7	0		1		1		1		1		1		1		1		1		1
DNAH5	PF12774	0	8.8294e-79	0	-2.266407804529133e-74	0	0.764	0	-0.03533333333333333	0	2.1186	0	0.6717233333333332	0	15	0	0.0	0	0.6	0	0.0	0	-1.6575773191777938	0	-0.1633620772946769	0		1		1		1		1	0	0	0.0	0
DNAH9	PF12774	0	6.7994e-74	0	4.532903901470866e-74	0	0.775	0	-0.024333333333333318	0	1.7474	0	0.3005233333333335	0	15	0	0.0	0	0.6	0	0.0	0	-1.958607314841775	0	-0.46439207295865814	0		1		1		1		1		1		1
DNAJB2	PF00226	0	0.00022079	0	-0.00010995136666666665	0	0.836	0	-0.14700000000000002	0	1.241	0	0.6951823333333333	0	11	0	-3.0	0	0.6	0	0.13333333333333336	0	0.8143142002074596	0	0.25521679203192904	0	19	0	0.33333333333333215	0		1		1		1		1
DNAJB6	PF00226	0	0.00077061	0	0.00043986863333333337	0	0.92	0	-0.06299999999999994	0	0.090043	0	-0.4557746666666668	0	11	0	-3.0	0	0.2	0	-0.2666666666666666	0	0.9058498266423187	0	0.34675241846678817	0	8	0	-10.666666666666668	0	0	0	0.0	0	0	0	0.0	0
DNAJC12	PF00226	0	8.241e-07	0	-0.00032991726666666666	0	1.193	0	0.21000000000000008	0	0.30641	0	-0.23940766666666674	0	20	0	6.0	0	0.6	0	0.13333333333333336	0	-0.042871802323186915	0	-0.6019692104987174	0	29	0	10.333333333333332	0		1		1		1		1
DNAJC6	PF10409	0	0.99999	0	0.475661	0	0.416	0	-0.1345	0	2.229	0	-0.9452500000000001	0	1	0	-2.5	0	0.7	0	0.25	0	-0.4788619162959637	0	-0.5299504325340655	0	14	0	5.0	0		1		1	0	0	0.0	0
DNM1	PF01031	0	0.99997	0	0.03786500000000004	0	0.417	0	-0.04450000000000004	0	5.0313	0	-0.14900000000000002	0	6	0	0.0	0	0.8	0	0.30000000000000004	0	1.357953894586339	0	-0.48521387389442117	0	21	0	2.5	0		1		1	0	0	0.0	0
DNM1L	PF01031	0	0.92424	0	-0.03786500000000004	0	0.506	0	0.044499999999999984	0	5.3293	0	0.14900000000000002	0	6	0	0.0	0	0.2	0	-0.3	0	2.3283816423751813	0	0.48521387389442117	0	16	0	-2.5	0		1		1		1		1
DNMT3A	PF17980	0	3.0684e-146	0	-0.5	0	1.998	0	0.8009999999999999	0	1.997	0	-0.6689499999999999	0	4	0	0.0	0	0.2	0	-0.2	0	0.04571405894086761	0	-0.11084617990601825	0	2	0	-2.0	0	3	0	0.0	0	0	0	0.0	0
DNMT3B	PF17980	0	1.0	0	0.5	0	0.396	0	-0.801	0	3.3349	0	0.6689500000000002	0	4	0	0.0	0	0.6	0	0.19999999999999996	0	0.2674064187529041	0	0.11084617990601825	0	6	0	2.0	0		1		1		1		1
DOCK2	PF06920	0	1.0	0	0.7499999782485001	0	0.421	0	-0.195	0	4.9199	0	2.9370225000000003	0	10	0	0.0	0	0.7	0	0.275	0	1.336479746957996	0	0.7875157268164589	0		1		1		1		1		1		1
DOCK6	PF06920	0	1.38e-40	0	-0.2500000217515	0	0.87	0	0.254	0	0.83921	0	-1.1436675	0	10	0	0.0	0	0.2	0	-0.22499999999999992	0	-0.4424927980943421	0	-0.9914568182358794	0	8	0	-5.0	0		1		1		1		1
DOCK7	PF06920	0	8.7006e-08	0	-0.2499999347455	0	0.551	0	-0.06499999999999995	0	3.8839	0	1.9010225	0	10	0	0.0	0	0.2	0	-0.22499999999999992	0	0.3637999454791093	0	-0.1851640746624279	0	22	0	9.0	0		1		1	0	0	0.0	0
DOCK8	PF06920	0	2.9093e-17	0	-0.25000002175149993	0	0.622	0	0.006000000000000005	0	-1.7115	0	-3.6943775	0	10	0	0.0	0	0.6	0	0.17500000000000004	0	0.9380691862233858	0	0.38910516608184853	0	9	0	-4.0	0		1		1	0	0	0.0	0
DOK7	PF02174	1	2.311e-14	0	0.0	0	1.658	0	0.0	0	-4.997	0	0.0	0	0	0	0.0	0	0.6	0	0.0	0	0.6731131042382337	0	0.0	0		1		1		1		1		1		1
DOLK		0	0.00023739	0		1	0.858	0		1	1.6948	0		1	0	0		1	0.2	0		1	-0.8386319977650252	0		1	27	0		1		1		1		1		1
DPAGT1	PF21383	1	2.753e-05	0	0.0	0	0.835	0	0.0	0	2.3802	0	0.0	0	0	0	0.0	0	0.2	0	0.0	0	0.029789470831855614	0	0.0	0	6	0	0.0	0		1		1	0	0	0.0	0
DPF2	PF14051	1	1.0	0	0.0	0	0.287	0	0.0	0	3.3606	0	0.0	0	9	0	0.0	0	0.2	0	0.0	0	0.7767738024121071	0	0.0	0	21	0	0.0	0		1		1		1		1
DPM1	PF00535	0	1.934e-05	0	-0.2977704818033334	0	1.005	0	0.23033333333333328	0	0.33652	0	-0.7145566666666667	0	1	0	-12.0	0	0.2	0	-0.1333333333333333	0	1.485735618879807	0	0.5642928537648376	0		1		1		1		1	0	0	0.0	0
DPM3	PF08285	1	0.0094613	0	0.0	0	1.364	0	0.0	0	0.50157	0	0.0	0	0	0	0.0	0	0.2	0	0.0	0	1.3424424210318369	0	0.0	0		1		1		1		1	0	0	0.0	0
DPYD	PF01180	0	6.0188e-30	0	-8.051e-09	0	1.09	0	0.028000000000000025	0	0.10047	0	0.10688	0	2	0	0.0	0	0.6	0	-0.09999999999999998	0	0.23829706787539384	0	-0.025980100759562086	0		1		1		1		1	0	0	0.0	0
DPYS	PF01979	0	4.0417e-11	0	-0.4999999999797915	0	1.029	0	0.30999999999999994	0	0.14001	0	-2.821045	0	5	0	1.0	0	0.7	0	0.25	0	0.2579184503140584	0	-0.5682753710166879	0	4	0	1.5	0		1		1		1		1
DRAM2	PF10277	0	1.0566e-06	0	-5.28667e-05	0	1.115	0	0.122	0	0.39663	0	-0.6145349999999998	0	4	0	2.0	0	0.2	0	-0.3	0	-0.7772835288524167	0	0.5906618929946792	0		1		1		1		1		1		1
DRC1		0	1.5561e-18	0		1	0.867	0		1	0.65957	0		1	1	0		1	0.7	0		1	-1.3565473235138126	0		1		1		1		1		1		1		1
DRC2		0		1		1		1		1		1		1	1	0		1		1		1		1		1		1		1		1		1		1		1
DRC4		0		1		1		1		1		1		1	0	0		1		1		1		1		1		1		1		1		1		1		1
DSE		0	0.062098	0		1	0.563	0		1	3.703	0		1	1	0		1	0.2	0		1	-2.0	0		1	24	0		1		1		1		1		1
DSG1		0	0.99927	0		1	0.455	0		1	0.48529	0		1	6	0		1	0.8	0		1	1.2041471252128477	0		1	9	0		1		1		1		1		1
DSG4	PF01049	0	6.2985e-24	0	-0.28537666666857076	0	1.061	0	0.2616666666666667	0	-0.23289	0	-1.0294366666666666	0	6	0	-29.666666666666664	0	0.8	0	0.13333333333333341	0	0.8603979051273128	0	0.33587012949691564	0	57	0	33.33333333333333	0		1		1	0	0	0.0	0
DSP	PF00681	1	0.99991	0	0.0	0	0.443	0	0.0	0	2.6512	0	0.0	0	36	0	0.0	0	0.6	0	0.0	0	1.7937973668610891	0	0.0	0	14	0	0.0	0	3	0	0.0	0	0	0	0.0	0
DSPP		0	1.3084e-09	0		1	1.271	0		1	3.2166	0		1	0	0		1	0.0	0		1	-1.0604807473813815	0		1		1		1	0	0		1	0	0		1
DSTYK		0	0.99974	0		1	0.445	0		1	2.848	0		1	6	0		1	0.2	0		1	-0.9393021596463883	0		1	39	0		1		1		1		1		1
DTNBP1		0	2.4763e-10	0		1	1.103	0		1	-0.31502	0		1	2	0		1	0.6	0		1	0.346548558548474	0		1	70	0		1		1		1		1		1
DUOX2	PF03098	0	4.3443e-64	0	-6.584011288333333e-11	0	1.165	0	0.22033333333333338	0	0.033927	0	-0.764702	0	6	0	0.666666666666667	0	0.6	0	0.06666666666666665	0	-1.4202164033831899	0	-1.839012985101768	0		1		1		1		1		1		1
DVL1		0	1.2538e-14	0		1	1.046	0		1	-2.5647	0		1	3	0		1	0.6	0		1	-0.4962093169428189	0		1	3	0		1		1		1		1		1
DVL3		0	0.69837	0		1	0.536	0		1	2.4758	0		1	3	0		1	0.2	0		1	-0.19044028536473223	0		1	20	0		1		1		1		1		1
DYM	PF09742	1	7.9636e-21	0	0.0	0	1.081	0	0.0	0	0.92126	0	0.0	0	0	0	0.0	0	0.2	0	0.0	0	-0.17005330405836405	0	0.0	0	42	0	0.0	0		1		1	0	0	0.0	0
DYNC1I2	PF11540	1	2.0289e-08	0	0.0	0	0.84	0	0.0	0	3.3565	0	0.0	0	7	0	0.0	0	0.2	0	0.0	0	1.6138523885232372	0	0.0	0	9	0	0.0	0		1		1		1		1
DYNC2H1	PF12774	0	1.5874e-83	0	-2.266496096941733e-74	0	0.859	0	0.059666666666666646	0	0.47463	0	-0.9722466666666666	0	15	0	0.0	0	0.6	0	0.0	0	-0.8664610916297825	0	0.6277541502533345	0	22	0	0.0	0		1		1		1		1
DYNC2I1		0	2.2708e-17	0		1	0.802	0		1	0.5582	0		1	7	0		1	0.2	0		1		1		1		1		1		1		1		1		1
DYRK1A	PF00069	0	1.0	0	0.605475708144992	0	0.172	0	-0.4825714285714286	0	4.1205	0	1.8666295238095234	0	12	0	-4.375	0	0.2	0	-0.1333333333333333	0	0.25551371281953333	0	0.19337575202207122	0	23	0	1.7826086956521756	0	3	0	0.8571428571428572	0	0	0	0.0	0
DYSF	PF00168	0	3.6575e-52	0	-0.3483771428849117	0	0.836	0	0.16228571428571414	0	1.3979	0	-0.745244285714286	0	4	0	-6.357142857142858	0	0.6	0	0.07857142857142851	0	0.89768206179642	0	1.17409072213805	0		1		1		1		1		1		1
EBF3	PF16422	1	1.0	0	0.0	0	0.353	0	0.0	0	3.1501	0	0.0	0	3	0	0.0	0	0.6	0	0.0	0	-0.8601209135987634	0	0.0	0	6	0	0.0	0	3	0	0.0	0	0	0	0.0	0
EBP	PF05241	1		1		1		1		1		1		1	16	0	0.0	0	0.6	0	0.0	0	1.1399105558756826	0	0.0	0	13	0	0.0	0	3	0	0.0	0	0	0	0.0	0
ECEL1	PF01431	0	1.7007e-27	0	0.0	0	1.099	0	0.0	0	-0.41176	0	0.0	0	6	0	0.0	0	0.7	0	0.050000000000000044	0	-1.1739251972991736	0	0.11750509783716367	0	31	0	15.0	0		1		1		1		1
ECHS1	PF00378	0	0.0009322	0	0.000465971755	0	0.907	0	-0.04349999999999998	0	0.70813	0	0.6709499999999999	0	13	0	0.0	0	0.6	0	0.19999999999999996	0	2.3673577849468344	0	0.8475837668792909	0	3	0	-3.0	0		1		1		1		1
ECM1		0	3.8236e-17	0		1	1.051	0		1	1.0007	0		1	0	0		1	0.6	0		1	2.474217721437843	0		1	20	0		1		1		1		1		1
EDA	PF00229	0		1		1		1		1		1		1	37	0	14.5	0	0.2	0	-0.2	0	-1.6777807052660807	0	-0.3535822414756451	0	54	0	24.5	0	3	0	0.0	0	0	0	0.0	0
EDAR	PF24979	1	1.243e-09	0	0.0	0	0.927	0	0.0	0	1.2955	0	0.0	0	2	0	0.0	0	0.6	0	0.0	0	-1.4559319556497243	0	0.0	0	52	0	0.0	0		1		1		1		1
EDC3	PF16598	1	0.042724	0	0.0	0	0.656	0	0.0	0	3.2166	0	0.0	0	0	0	0.0	0	0.2	0	0.0	0	0.7882390973821681	0	0.0	0	22	0	0.0	0		1		1		1		1
EDEM3	PF01532	0	4.8964e-06	0	2.4481999999999997e-06	0	0.671	0	-0.23149999999999993	0	1.4624	0	1.062705	0	6	0	0.0	0	0.2	0	0.0	0	-0.3798639450262425	0	-0.3115750455548443	0	10	0	2.0	0		1		1		1		1
EDN1	PF00322	0	0.0045322	0	-0.18864389999999998	0	0.84	0	0.07199999999999995	0	0.71523	0	0.383465	0	2	0	0.0	0	0.6	0	0.0	0	-1.585026652029182	0	-0.3228622461913968	0		1		1		1		1		1		1
EDN3	PF00322	0	0.38182	0	0.1886439	0	0.696	0	-0.07200000000000006	0	-0.0517	0	-0.38346500000000006	0	2	0	0.0	0	0.6	0	0.0	0	-0.9393021596463883	0	0.3228622461913969	0	19	0	0.0	0		1		1		1		1
EDNRA	PF00001	0	0.99908	0	0.7214188601428466	0	0.424	0	-0.46500000000000014	0	3.9853	0	2.4266357142857142	0	15	0	0.875	0	0.6	0	-0.125	0	-1.2291479883578558	0	0.27258714654474847	0	7	0	-1.166666666666666	0		1		1		1		1
EDNRB	PF00001	0	0.49438	0	0.21671886014284664	0	0.585	0	-0.30400000000000016	0	1.8888	0	0.3301357142857144	0	15	0	0.875	0	0.6	0	-0.125	0	-2.0457574905606752	0	-0.544022355658071	0	24	0	15.833333333333334	0		1		1	0	0	0.0	0
EEF1A2	PF22594	1	0.99995	0	0.0	0	0.314	0	0.0	0	6.0642	0	0.0	0	18	0	0.0	0	0.6	0	0.0	0	2.809560387959524	0	0.0	0	92	0	0.0	0	0	0	0.0	0	0	0	0.0	0
EFEMP2	PF12662	0	0.62375	0	0.06878099999999998	0	0.56	0	0.09085714285714286	0	1.7076	0	-1.8249128571428572	0	6	0	0.5714285714285712	0	0.2	0	-0.38571428571428573	0	0.2990712600274095	0	0.48115033720097133	0		1		1		1		1		1		1
EFL1	PF00679	0	1.4689e-12	0	-0.33333333345561406	0	0.718	0	0.15400000000000003	0	2.3359	0	-0.6078333333333328	0	18	0	0.0	0	0.2	0	-2.7755575615628914e-17	0	0.6295115342004532	0	-0.5518312221838652	0		1		1		1		1		1		1
EFNB1	PF00812	1		1		1		1		1		1		1	7	0	0.0	0	0.2	0	0.0	0	0.8189513116401728	0	0.0	0	156	0	0.0	0	3	0	0.0	0	1	0	0.0	0
EFTUD2	PF00679	0	1.0	0	0.6666666665429171	0	0.145	0	-0.41899999999999993	0	5.3671	0	2.423366666666667	0	18	0	0.0	0	0.2	0	-2.7755575615628914e-17	0	1.8175719797755616	0	0.6362292233912432	0	33	0	13.5	0	3	0	0.0	0	0	0	0.0	0
EGFR	PF00757	0	0.98251	0	0.48684413749999994	0	0.475	0	-0.054749999999999965	0	3.0635	0	-1.0615	0	53	0	0.0	0	0.6	0	0.3	0	1.004364371107751	0	1.041502935954847	0	14	0	1.75	0	0	0	-1.5	0	0	0	0.0	0
EGLN1	PF13640	0	0.012898	0	0.0064483979499999995	0	0.739	0	-0.03799999999999992	0	0.91454	0	-0.48007999999999995	0	2	0	-0.5	0	0.7	0	0.050000000000000044	0	0.451939869365103	0	0.3301246101724925	0	4	0	0.0	0		1		1		1		1
EGR2	PF11928	1	0.99692	0	0.0	0	0.401	0	0.0	0	2.7999	0	0.0	0	4	0	0.0	0	0.6	0	0.0	0	-0.7619538968712046	0	0.0	0	1	0	0.0	0	0	0	0.0	0	0	0	0.0	0
EHMT1	PF12796	0	1.0	0	0.5375011689017899	0	0.159	0	-0.5485	0	1.9902	0	0.630841	0	19	0	13.454545454545453	0	0.2	0	-0.29090909090909084	0	0.2530955858490315	0	1.0052842697178082	0	24	0	11.909090909090908	0		1		1		1		1
EIF2AK3	PF00069	0	0.00057257	0	-0.393951721855008	0	0.606	0	-0.0485714285714286	0	1.8175	0	-0.43637047619047653	0	8	0	-8.375	0	0.6	0	0.26666666666666666	0	-1.2006594505464183	0	-1.2627974113438805	0	37	0	15.782608695652176	0		1		1		1		1
EIF2AK4	PF12745	1	2.0877e-22	0	0.0	0	0.75	0	0.0	0	3.5338	0	0.0	0	8	0	0.0	0	0.2	0	0.0	0	-0.021363051615525673	0	0.0	0	25	0	0.0	0		1		1		1		1
EIF2B1	PF01008	0	9.7941e-09	0	-2.4418857743333333e-05	0	1.06	0	0.061000000000000054	0	2.2755	0	0.6590200000000002	0	3	0	0.0	0	0.2	0	-2.7755575615628914e-17	0	1.5809363743313305	0	0.3559843192706389	0	29	0	-7.666666666666664	0		1		1		1		1
EIF2B2	PF01008	0	1.6143e-10	0	-2.4428490413333333e-05	0	1.25	0	0.251	0	1.8987	0	0.28222000000000014	0	3	0	0.0	0	0.2	0	-2.7755575615628914e-17	0	1.0294243640580163	0	-0.1955276910026753	0	42	0	5.333333333333336	0		1		1		1		1
EIF2B3	PF25084	0	0.92891	0	0.38210500000000003	0	0.522	0	-0.01100000000000001	0	1.9412	0	0.05245000000000011	0	3	0	0.0	0	0.2	0	0.0	0	1.1931524368520772	0	0.13286537090082917	0	32	0	-18.5	0		1		1	0	0	0.0	0
EIF2B4	PF01008	0	7.3276e-05	0	4.8847348156666665e-05	0	0.687	0	-0.31199999999999994	0	0.67524	0	-0.94124	0	3	0	0.0	0	0.2	0	-2.7755575615628914e-17	0	1.0644954267927278	0	-0.1604566282679638	0	39	0	2.3333333333333357	0		1		1		1		1
EIF2B5	PF25084	0	0.1647	0	-0.382105	0	0.544	0	0.01100000000000001	0	1.8363	0	-0.052449999999999886	0	3	0	0.0	0	0.2	0	0.0	0	0.9274216950504187	0	-0.13286537090082928	0	69	0	18.5	0		1		1		1		1
EIF2S3	PF09173	1		1		1		1		1		1		1	18	0	0.0	0	0.2	0	0.0	0	1.934503501150044	0	0.0	0	2	0	0.0	0		1		1		1		1
EIF3F	PF01398	0	0.99419	0	0.49709307005000003	0	0.46	0	-0.18449999999999994	0	0.27315	0	-0.47372499999999995	0	2	0	0.5	0	0.2	0	0.0	0	2.184694269334348	0	0.6142389000454791	0	20	0	-1.5	0		1		1		1		1
EIF4A3	PF00270	0	1.0	0	0.6666666665297301	0	0.084	0	-0.6326666666666668	0	5.2237	0	3.566658333333333	0	38	0	21.75	0	0.2	0	-0.10000000000000003	0	1.7226421477302007	0	1.4618079866546052	0	10	0	-4.333333333333334	0		1		1	0	0	0.0	0
EIF5A	PF01287	1	0.99865	0	0.0	0	0.278	0	0.0	0	4.4862	0	0.0	0	2	0	0.0	0	0.2	0	0.0	0	2.747412584798934	0	0.0	0	2	0	0.0	0		1		1		1		1
ELAC2	PF23023	1	2.8305e-27	0	0.0	0	1.02	0	0.0	0	-0.074804	0	0.0	0	1	0	0.0	0	0.2	0	0.0	0	0.9939209588012867	0	0.0	0	8	0	0.0	0		1		1		1		1
ELANE	PF00089	0	0.00041675	0	0.0002778259713332047	0	1.245	0	0.02633333333333332	0	-0.55026	0	0.5414933333333334	0	6	0	2.6666666666666665	0	0.8	0	0.06666666666666665	0	2.127108039356311	0	1.140695929162686	0	5	0	0.5	0		1		1		1		1
ELMO2		0	0.98091	0		1	0.486	0		1	4.6759	0		1	5	0		1	0.2	0		1	0.7818271529324279	0		1	19	0		1		1		1		1		1
ELN		0	7.6169e-10	0		1	0.696	0		1	1.2583	0		1	0	0		1	0.8	0		1	1.2966871237724018	0		1		1		1	3	0		1	0	0		1
ELOVL4	PF01151	1	0.12588	0	0.0	0	0.649	0	0.0	0	1.718	0	0.0	0	6	0	0.0	0	0.6	0	0.0	0	-1.494850021680094	0	0.0	0	18	0	0.0	0		1		1		1		1
ELP1		0	1.1953e-23	0		1	0.803	0		1	0.98074	0		1	0	0		1	0.2	0		1	0.8248414717537006	0		1		1		1		1		1		1		1
ELP4		0	5.2279e-11	0		1	1.377	0		1	0.023458	0		1	0	0		1	0.2	0		1	0.21245396104027575	0		1	14	0		1		1		1		1		1
EMC1	PF25293	1	1.0051e-25	0	0.0	0	0.913	0	0.0	0	2.3619	0	0.0	0	0	0	0.0	0	0.2	0	0.0	0	1.0607356034493185	0	0.0	0		1		1		1		1		1		1
EMC10		0	3.4071e-13	0		1	1.606	0		1	-1.7206	0		1	0	0		1	0.6	0		1	0.6305295714268241	0		1		1		1		1		1		1		1
EMG1	PF03587	1	2.5463e-07	0	0.0	0	1.228	0	0.0	0	0.4878	0	0.0	0	0	0	0.0	0	0.2	0	0.0	0	0.9542907617011269	0	0.0	0	3	0	0.0	0		1		1		1		1
EML1	PF23409	1	1.0	0	0.0	0	0.36	0	0.0	0	3.3528	0	0.0	0	9	0	0.0	0	0.2	0	0.0	0	-0.05502409158795209	0	0.0	0	9	0	0.0	0		1		1		1		1
ENG	PF26060	1	1.0	0	0.0	0	0.374	0	0.0	0	1.285	0	0.0	0	2	0	0.0	0	0.6	0	0.0	0	0.8149796837607568	0	0.0	0		1		1	3	0	0.0	0	0	0	0.0	0
ENO3	PF00113	1	4.7177e-15	0	0.0	0	1.181	0	0.0	0	0.26335	0	0.0	0	3	0	0.0	0	0.7	0	0.0	0	2.7185025192574592	0	0.0	0	2	0	0.0	0		1		1		1		1
ENPP1	PF01223	1	1.7403e-05	0	0.0	0	0.729	0	0.0	0	1.2082	0	0.0	0	6	0	0.0	0	0.6	0	0.0	0	0.7528931548845939	0	0.0	0	20	0	0.0	0		1		1	0	0	0.0	0
EOGT	PF04577	0	4.8218e-07	0	2.3458399999999998e-07	0	1.121	0	-0.07899999999999996	0	-0.4678	0	-0.71269	0	1	0	0.0	0	0.2	0	0.0	0	-0.07831352451639793	0	0.1906785003463642	0		1		1		1		1		1		1
EP300	PF00439	0	1.0	0	0.0	0	0.164	0	-0.012399999999999994	0	2.6711	0	-1.6544999999999996	0	1	0	-2.1666666666666665	0	0.2	0	-0.06666666666666665	0	-0.13312218566250114	0	0.1458591654561127	0	12	0	4.25	0	3	0	0.0	0	0	0	0.0	0
EPCAM	PF21283	1	4.2301e-06	0	0.0	0	1.341	0	0.0	0	-1.9634	0	0.0	0	1	0	0.0	0	0.6	0	0.0	0	1.3636307801121383	0	0.0	0		1		1		1		1		1		1
EPG5	PF26103	1	1.6929e-14	0	0.0	0	0.58	0	0.0	0	1.7487	0	0.0	0	2	0	0.0	0	0.2	0	0.0	0	-1.1249387366083	0	0.0	0	1	0	0.0	0		1		1		1		1
EPHA2	PF14575	0	2.8105e-07	0	-0.3333345834	0	0.652	0	0.1313333333333333	0	2.667	0	-0.1615333333333333	0	53	0	0.0	0	0.6	0	0.13333333333333336	0	0.16465021593429674	0	0.10349920383326328	0	22	0	-4.0	0		1		1		1		1
EPHB2	PF14575	0	1.0	0	0.66666513555	0	0.265	0	-0.2556666666666667	0	4.124	0	1.2954666666666665	0	53	0	0.0	0	0.6	0	0.13333333333333336	0	0.03382569395331033	0	-0.027325318147723134	0	11	0	-15.0	0		1		1		1		1
EPHB4	PF14575	0	4.3123e-06	0	-0.33333055215	0	0.645	0	0.1243333333333333	0	1.6946	0	-1.133933333333333	0	53	0	0.0	0	0.2	0	-0.2666666666666666	0	-0.015022873584506671	0	-0.07617388568554014	0	45	0	19.0	0		1		1		1		1
EPRS1	PF21972	1	0.019945	0	0.0	0	0.549	0	0.0	0	1.9921	0	0.0	0	2	0	0.0	0	0.2	0	0.0	0	1.9464571778187916	0	0.0	0		1		1		1		1		1		1
ERBB3	PF00757	0	2.6217e-16	0	-0.4956658624999998	0	0.695	0	0.16525	0	3.3038	0	-0.8212000000000002	0	53	0	0.0	0	0.2	0	-0.09999999999999998	0	-0.5482135644757098	0	-0.5110749996286137	0	4	0	-8.25	0		1		1		1		1
ERCC1	PF14520	0	9.5936e-13	0	-0.49765499999952034	0	1.306	0	0.4195	0	0.86216	0	-1.39327	0	0	0	-3.0	0	0.2	0	-0.2	0	0.009025742086910208	0	0.0866675852972423	0	5	0	-6.0	0		1		1		1		1
ERCC2	PF06733	1	6.8729e-28	0	0.0	0	1.089	0	0.0	0	0.6086	0	0.0	0	3	0	0.0	0	0.2	0	0.0	0	0.47871075551275927	0	0.0	0	6	0	0.0	0		1		1		1		1
ERCC3	PF16203	1	3.838e-11	0	0.0	0	0.797	0	0.0	0	2.079	0	0.0	0	0	0	0.0	0	0.2	0	0.0	0	0.4410664066392631	0	0.0	0	23	0	0.0	0		1		1	0	0	0.0	0
ERCC4	PF02732	1	3.5282e-11	0	0.0	0	0.984	0	0.0	0	-0.57103	0	0.0	0	0	0	0.0	0	0.6	0	0.0	0	-0.16877030613293661	0	0.0	0	25	0	0.0	0		1		1	0	0	0.0	0
ERCC5	PF00867	1	1.02e-13	0	0.0	0	0.766	0	0.0	0	1.1266	0	0.0	0	0	0	0.0	0	0.2	0	0.0	0	-0.37059040089728107	0	0.0	0	10	0	0.0	0		1		1		1		1
ERCC6	PF00271	1	1.2087e-23	0	0.0	0	0.803	0	0.0	0	1.7245	0	0.0	0	30	0	0.0	0	0.2	0	0.0	0	-0.619788758288394	0	0.0	0	4	0	0.0	0		1		1		1		1
ERCC6L2		0	2.4418e-13	0		1	0.792	0		1	2.3101	0		1	0	0		1	0.2	0		1	-1.5086383061657274	0		1		1		1		1		1	0	0		1
ERCC8	PF00400	0	1.7192e-11	0	-0.0006750966375195	0	1.608	0	0.6560000000000001	0	-0.66199	0	-1.20399125	0	9	0	0.125	0	0.2	0	-0.10000000000000003	0	-1.3187587626244128	0	-1.3826471772096949	0	8	0	-11.25	0		1		1	0	0	0.0	0
ERF	PF00178	0	0.99787	0	-0.0005199999999999649	0	0.443	0	0.0015000000000000013	0	1.658	0	-0.27125	0	28	0	0.0	0	0.2	0	0.0	0	0.14952701375434777	0	-0.11633509831155295	0	46	0	20.0	0	3	0	0.0	0	0	0	0.0	0
ESCO2	PF13880	1	2.084e-12	0	0.0	0	1.013	0	0.0	0	0.46974	0	0.0	0	5	0	0.0	0	0.6	0	0.0	0	-0.5497508916806388	0	0.0	0	13	0	0.0	0		1		1		1		1
ESPN	PF12796	0	7.2662e-24	0	-0.46249883109821005	0	1.307	0	0.5994999999999999	0	-1.0887	0	-2.4480589999999998	0	1	0	-4.545454545454546	0	0.6	0	0.10909090909090913	0	-0.1778319206319825	0	0.5743567632367941	0	6	0	-6.090909090909092	0		1		1	0	0	0.0	0
ESR1	PF12743	1	0.99795	0	0.0	0	0.456	0	0.0	0	2.4607	0	0.0	0	8	0	0.0	0	0.6	0	0.0	0	0.05346260492545521	0	0.0	0	6	0	0.0	0		1		1		1		1
ESR2	PF12497	1	5.9579e-10	0	0.0	0	1.002	0	0.0	0	-0.14268	0	0.0	0	8	0	0.0	0	0.6	0	0.0	0	-1.744727494896694	0	0.0	0		1		1		1		1		1		1
ESRRB	PF00104	0	0.79243	0	0.041116666666666024	0	0.56	0	0.10483333333333339	0	1.791	0	-0.9163208333333337	0	8	0	-2.4615384615384617	0	0.7	0	0.11538461538461542	0	-1.4685210829577449	0	-0.4537633075831726	0	5	0	-8.25	0		1		1		1		1
ETFA	PF01012	0	0.0029774	0	0.001478236	0	1.166	0	0.03299999999999992	0	0.7966	0	-0.24124999999999996	0	0	0	0.0	0	0.6	0	0.0	0	2.361729724250366	0	0.11893740896175586	0	3	0	-4.0	0		1		1		1		1
ETFB	PF01012	0	2.0928e-05	0	-0.001478236	0	1.1	0	-0.03299999999999992	0	1.2791	0	0.24124999999999996	0	0	0	0.0	0	0.6	0	0.0	0	2.1238549063268546	0	-0.11893740896175542	0	11	0	4.0	0		1		1	0	0	0.0	0
ETFDH	PF21162	1	7.6935e-06	0	0.0	0	1.126	0	0.0	0	0.50137	0	0.0	0	0	0	0.0	0	0.6	0	0.0	0	1.4771357309611233	0	0.0	0	2	0	0.0	0		1		1		1		1
ETHE1	PF00753	1	0.00038514	0	0.0	0	0.97	0	0.0	0	0.58782	0	0.0	0	4	0	0.0	0	0.6	0	0.0	0	1.468362102082093	0	0.0	0	1	0	0.0	0		1		1		1		1
ETV6	PF00178	0	0.99891	0	0.0005199999999999649	0	0.44	0	-0.0015000000000000013	0	2.2005	0	0.27125	0	28	0	0.0	0	0.2	0	0.0	0	0.3821972103774537	0	0.11633509831155298	0	6	0	-20.0	0	3	0	0.0	0	0	0	0.0	0
EVC		0	6.2955e-37	0		1	1.134	0		1	-1.5572	0		1	1	0		1	0.2	0		1	-2.3979400086720375	0		1		1		1		1		1		1		1
EVC2	PF12297	1	1.7773e-47	0	0.0	0	1.092	0	0.0	0	-1.7856	0	0.0	0	1	0	0.0	0	0.2	0	0.0	0	-2.221848749616356	0	0.0	0		1		1		1		1	0	0	0.0	0
EXOSC2	PF14382	1	5.217e-08	0	0.0	0	1.009	0	0.0	0	0.68158	0	0.0	0	1	0	0.0	0	0.2	0	0.0	0	1.1523189274246453	0	0.0	0	21	0	0.0	0		1		1		1		1
EXOSC3	PF15985	1	2.9349e-05	0	0.0	0	1.072	0	0.0	0	-0.54311	0	0.0	0	1	0	0.0	0	0.2	0	0.0	0	0.9894943127727092	0	0.0	0	21	0	0.0	0		1		1	0	0	0.0	0
EXOSC9	PF01138	1	1.1629e-07	0	0.0	0	1.121	0	0.0	0	-0.059334	0	0.0	0	2	0	0.0	0	0.2	0	0.0	0	0.8615941446438653	0	0.0	0	9	0	0.0	0		1		1		1		1
EXPH5		0	3.5934e-07	0		1	1.142	0		1	0.90174	0		1	0	0		1	0.6	0		1	-0.5985994592184559	0		1	11	0		1		1		1	0	0		1
EXT1	PF03016	0	1.0	0	0.49999999993884003	0	0.339	0	-0.21800000000000003	0	2.7372	0	0.27185000000000015	0	4	0	0.0	0	0.2	0	0.0	0	-1.0457574905606752	0	-0.35425766112112467	0	36	0	10.0	0	3	0	0.0	0	0	0	0.0	0
EXT2	PF03016	0	1.2232e-10	0	-0.49999999993884	0	0.775	0	0.21799999999999997	0	2.1935	0	-0.27185000000000015	0	4	0	0.0	0	0.2	0	0.0	0	-0.3372421683184259	0	0.35425766112112467	0	16	0	-10.0	0	3	0	0.0	0	0	0	0.0	0
EYA1	PF00702	0	1.0	0	0.37878850666666664	0	0.291	0	-0.339	0	1.3988	0	0.11526666666666663	0	3	0	1.0	0	0.6	0	0.13333333333333336	0	-1.031517051446065	0	-0.872409959587151	0	9	0	2.0	0	3	0	0.0	0	0	0	0.0	0
EYA4	PF00702	0	0.86351	0	0.24229850666666664	0	0.536	0	-0.09399999999999997	0	1.2878	0	0.004266666666666641	0	3	0	1.0	0	0.6	0	0.13333333333333336	0	-0.36754270781527576	0	-0.20843561595636173	0	5	0	-2.0	0	3	0	0.0	0	0	0	0.0	0
EYS	PF00008	0	6.4354e-50	0	-1.1003023544548484e-06	0	0.96	0	0.045222222222222164	0	-0.45186	0	-0.7133188888888888	0	6	0	-7.0	0	0.8	0	0.13333333333333353	0	-2.0	0	-2.750577512779254	0		1		1		1		1		1		1
F10	PF00008	0	9.9027e-06	0	8.802397645545152e-06	0	0.968	0	0.05322222222222217	0	2.0575	0	1.7960411111111112	0	16	0	3.0	0	0.6	0	-0.06666666666666654	0	2.2121902687791093	0	1.4616127559998553	0	3	0	-19.0	0		1		1		1		1
F12	PF00008	0	2.9444e-26	0	-1.1003023544548484e-06	0	1.286	0	0.37122222222222223	0	-0.22747	0	-0.4889288888888889	0	16	0	3.0	0	0.8	0	0.13333333333333353	0	2.9595188536955486	0	2.2089413409162946	0	2	0	-20.0	0		1		1		1		1
F13A1	PF00927	0	1.4198e-08	0	9.465329821312528e-09	0	0.734	0	-0.13766666666666671	0	1.8962	0	0.27856666666666685	0	8	0	0.0	0	0.6	0	-0.06666666666666665	0	2.8388497201490916	0	2.183107597224571	0		1		1		1		1	0	0	0.0	0
F7	PF00008	0	1.1139e-11	0	-1.1002912154548483e-06	0	1.113	0	0.1982222222222222	0	0.3692	0	0.10774111111111107	0	16	0	3.0	0	0.8	0	0.13333333333333353	0	1.298874899704699	0	0.548297386925445	0		1		1		1		1		1		1
FA2H	PF00173	0	0.0053396	0	-0.009107933334586869	0	0.759	0	-0.2693333333333333	0	-0.88456	0	-1.1239666666666668	0	0	0	-0.3333333333333333	0	0.7	0	0.2	0	-1.3187587626244128	0	-1.800969278196395	0		1		1		1		1		1		1
FADD	PF00531	0	0.069433	0	-0.28691466666666665	0	1.715	0	0.607	0	0.66783	0	0.5797533333333333	0	0	0	-17.666666666666668	0	0.2	0	-2.7755575615628914e-17	0	1.3117750456357398	0	1.3083555897827488	0	8	0	-13.0	0		1		1	0	0	0.0	0
FAH	PF01557	1	1.8906e-12	0	0.0	0	1.067	0	0.0	0	1.1148	0	0.0	0	3	0	0.0	0	0.6	0	0.0	0	1.710125830808679	0	0.0	0		1		1		1		1	0	0	0.0	0
FAM111A	PF13365	1	0.16155	0	0.0	0	1.89	0	0.0	0	1.0515	0	0.0	0	1	0	0.0	0	0.2	0	0.0	0	-0.6307841425898572	0	0.0	0	2	0	0.0	0		1		1		1		1
FAM126A	PF09790	0	0.025698	0	0.0	0	0.745	0	0.0	0	0.8172	0	0.0	0	1	0	0.0	0		1		1	0.6181527333785195	0	0.0	0	12	0	0.0	0		1		1		1		1
FAM149B1		0	5.3985e-10	0		1	0.98	0		1	0.80716	0		1	1	0		1	0.2	0		1	-1.5228787452803376	0		1	2	0		1		1		1		1		1
FAM161A		0	1.995e-16	0		1	1.025	0		1	0.029301	0		1	2	0		1	0.8	0		1	-1.1426675035687315	0		1	5	0		1		1		1	0	0		1
FAM20A		0	2.8931e-12	0		1	1.108	0		1	-0.67761	0		1	2	0		1	0.6	0		1	-0.7644715530924511	0		1		1		1		1		1		1		1
FAM20C	PF06702	1	8.1566e-14	0	0.0	0	1.226	0	0.0	0	-1.6641	0	0.0	0	2	0	0.0	0	0.2	0	0.0	0	0.11760269169008426	0	0.0	0		1		1		1		1		1		1
FAN1	PF21315	1	5.2757e-25	0	0.0	0	1.015	0	0.0	0	0.34726	0	0.0	0	0	0	0.0	0	0.2	0	0.0	0	-1.3872161432802645	0	0.0	0	1	0	0.0	0		1		1	0	0	0.0	0
FANCA	PF24783	1	1.7065e-87	0	0.0	0	1.344	0	0.0	0	-6.4686	0	0.0	0	0	0	0.0	0	0.6	0	0.0	0	-0.7189666327522725	0	0.0	0	19	0	0.0	0		1		1	0	0	0.0	0
FANCB		0		1		1		1		1		1		1	0	0		1	0.6	0		1	-1.1870866433571443	0		1	7	0		1	3	0		1	0	0		1
FANCC	PF02106	1	2.6625e-14	0	0.0	0	1.022	0	0.0	0	0.41238	0	0.0	0	0	0	0.0	0	0.6	0	0.0	0	-1.6989700043360187	0	0.0	0	3	0	0.0	0		1		1	0	0	0.0	0
FANCD2	PF14631	1	2.7719e-19	0	0.0	0	0.777	0	0.0	0	1.7648	0	0.0	0	0	0	0.0	0	0.6	0	0.0	0	0.3928727454020794	0	0.0	0	8	0	0.0	0		1		1	0	0	0.0	0
FANCE	PF11510	1	7.6995e-11	0	0.0	0	0.957	0	0.0	0	0.32308	0	0.0	0	0	0	0.0	0	0.2	0	0.0	0	-0.9355420107730815	0	0.0	0	4	0	0.0	0		1		1	0	0	0.0	0
FANCF	PF11107	1		1		1		1		1	-0.4993	0	0.0	0	0	0	0.0	0	0.2	0	0.0	0	-1.3665315444204134	0	0.0	0		1		1		1		1	0	0	0.0	0
FANCG		0	1.516e-20	0		1	1.05	0		1	1.7875	0		1	0	0		1	0.2	0		1	-1.3565473235138126	0		1	14	0		1		1		1	0	0		1
FANCI	PF14679	1	8.6548e-36	0	0.0	0	0.959	0	0.0	0	-0.69162	0	0.0	0	0	0	0.0	0	0.6	0	0.0	0	1.0334639660774052	0	0.0	0	1	0	0.0	0		1		1		1		1
FANCL	PF11793	1	1.6815e-17	0	0.0	0	1.444	0	0.0	0	-0.81485	0	0.0	0	0	0	0.0	0	0.2	0	0.0	0	-1.2839966563652008	0	0.0	0	5	0	0.0	0		1		1	0	0	0.0	0
FANCM	PF00270	0	2.395e-13	0	-0.33333333347003047	0	0.754	0	0.03733333333333322	0	0.70017	0	-0.956871666666667	0	0	0	-16.25	0	0.6	0	0.29999999999999993	0	-1.5086383061657274	0	-1.769472467241323	0	9	0	-5.333333333333334	0		1		1	0	0	0.0	0
FAR1	PF07993	1	0.57071	0	0.0	0	0.595	0	0.0	0	3.7127	0	0.0	0	1	0	0.0	0	0.2	0	0.0	0	0.230704313612569	0	0.0	0		1		1		1		1		1		1
FARS2	PF03147	1	3.2178e-09	0	0.0	0	1.015	0	0.0	0	1.1309	0	0.0	0	2	0	0.0	0	0.2	0	0.0	0	0.06483221973857377	0	0.0	0	41	0	0.0	0		1		1	0	0	0.0	0
FARSB	PF03483	1	0.0073883	0	0.0	0	1.131	0	0.0	0	0.31792	0	0.0	0	1	0	0.0	0	0.2	0	0.0	0	1.7134989432928172	0	0.0	0	14	0	0.0	0		1		1		1		1
FAS	PF00531	0	0.99961	0	0.6432623333333334	0	0.372	0	-0.7360000000000001	0	1.2561	0	1.1680233333333334	0	22	0	4.333333333333332	0	0.2	0	-2.7755575615628914e-17	0	0.31827208021162695	0	0.314852624358636	0	34	0	13.0	0		1		1	0	0	0.0	0
FAT4	PF00028	0	1.0	0	0.6109883333333332	0	0.317	0	-0.27566666666666667	0	2.1425	0	0.9024316666666667	0	6	0	-34.0	0	0.2	0	-0.3142857142857142	0	-1.5228787452803376	0	-0.0714989457438906	0	46	0	23.833333333333332	0		1		1		1		1
FBLN5	PF12662	0	0.25042	0	-0.30454900000000007	0	0.58	0	0.11085714285714277	0	2.2094	0	-1.3231128571428572	0	6	0	0.5714285714285712	0	0.6	0	0.014285714285714235	0	1.1931524368520772	0	1.375231514025639	0	140	0	85.5	0		1		1		1		1
FBN1	PF12662	0	1.0	0	0.44503099999999995	0	0.105	0	-0.3641428571428572	0	8.1987	0	4.666187142857144	0	2	0	-3.428571428571429	0	0.6	0	0.014285714285714235	0	1.0294243640580163	0	1.2115034412315782	0	8	0	-46.5	0	3	0	1.5	0	0	0	0.0	0
FBN2	PF12662	0	1.0	0	0.44503099999999995	0	0.312	0	-0.1571428571428572	0	3.2951	0	-0.2374128571428571	0	2	0	-3.428571428571429	0	0.8	0	0.2142857142857143	0	-0.2984320149440726	0	-0.11635293777051078	0	25	0	-29.5	0	0	0	-1.5	0	0	0	0.0	0
FBP1	PF00316	1	1.4284e-07	0	0.0	0	1.156	0	0.0	0	1.9532	0	0.0	0	1	0	0.0	0	0.6	0	0.0	0	1.3159913253599147	0	0.0	0	4	0	0.0	0		1		1	0	0	0.0	0
FBXL3	PF12937	1	0.92159	0	0.0	0	0.546	0	0.0	0	3.135	0	0.0	0	15	0	0.0	0	0.2	0	0.0	0	-1.2441251443275085	0	0.0	0	7	0	0.0	0		1		1		1		1
FBXL4		0	6.4718e-09	0		1	0.841	0		1	1.294	0		1	15	0		1	0.2	0		1	-1.4814860601221125	0		1	31	0		1		1		1		1		1
FBXO11	PF13229	0	1.0	0	0.5	0	0.215	0	-0.28400000000000003	0	4.098	0	1.1651499999999997	0	1	0	-17.5	0	0.2	0	-0.24999999999999994	0	-0.8326826652518239	0	0.2256569955566884	0	62	0	0.0	0		1		1		1		1
FDX2	PF00111	1	0.00037103	0	0.0	0	1.164	0	0.0	0	0.34471	0	0.0	0	1	0	0.0	0	0.2	0	0.0	0	0.17055505852120845	0	0.0	0		1		1		1		1		1		1
FDXR	PF13450	1	1.6798e-08	0	0.0	0	0.9	0	0.0	0	0.79755	0	0.0	0	2	0	0.0	0	0.8	0	0.0	0	1.5378316831366916	0	0.0	0	29	0	0.0	0		1		1		1		1
FECH	PF00762	1	1.0073e-07	0	0.0	0	0.859	0	0.0	0	1.6367	0	0.0	0	0	0	0.0	0	0.6	0	0.0	0	1.1139767582898463	0	0.0	0	26	0	0.0	0		1		1		1		1
FERMT1	PF00373	0	3.6488e-11	0	1.8244e-11	0	0.871	0	-0.009000000000000008	0	1.7509	0	0.7267399999999999	0	2	0	-21.0	0	0.6	0	-0.09999999999999998	0	0.4699692094999595	0	0.6002281326410216	0	5	0	0.0	0		1		1		1		1
FEZF1	PF00096	0	0.99871	0	0.1932906428571428	0	0.42	0	-0.024071428571428632	0	1.3867	0	-0.5618864285714285	0	28	0	13.6	0	0.6	0	0.11333333333333334	0	-1.2441251443275085	0	-0.5655712885616462	0	19	0	6.583333333333334	0		1		1		1		1
FGB	PF08702	0	0.018221	0	-0.36353450000000004	0	0.662	0	0.05349999999999999	0	1.2427	0	-0.13735000000000008	0	25	0	0.0	0	0.8	0	0.0	0	3.733277614193983	0	0.12060793490600386	0	93	0	30.0	0		1		1		1		1
FGD1	PF01363	0		1		1		1		1		1		1	10	0	2.0	0	0.2	0	-0.1333333333333333	0	-0.42365864979420714	0	-0.030997599101526274	0	2	0	-11.333333333333334	0	3	0	0.0	0	0	0	0.0	0
FGF10	PF00167	0	0.99903	0	0.37502258	0	0.267	0	-0.5158	0	1.4724	0	0.5651400000000002	0	21	0	0.0	0	0.2	0	-0.39999999999999997	0	-2.0457574905606752	0	-0.7964409452269801	0	4	0	-32.5	0	3	0	1.5	0	0	0	-0.5	0
FGF12	PF00167	0	0.14712	0	-0.47688741999999995	0	0.932	0	0.1492	0	1.0243	0	0.11704000000000025	0	21	0	0.0	0	0.8	0	0.20000000000000007	0	-1.0655015487564323	0	0.18381499657726286	0	44	0	7.5	0	0	0	-1.5	0	1	0	0.5	0
FGF13	PF00167	0		1		1		1		1		1		1	21	0	0.0	0	0.6	0	0.0	0	-0.790484985457369	0	0.4588315598763262	0	106	0	69.5	0		1		1		1		1
FGF14	PF00167	0	0.97977	0	0.35576258000000005	0	0.482	0	-0.30080000000000007	0	1.8427	0	0.9354400000000003	0	21	0	0.0	0	0.6	0	0.0	0	-0.9829666607012196	0	0.26634988463247555	0	24	0	-12.5	0		1		1		1		1
FGF3	PF00167	0	0.0015771	0	-0.62243032	0	1.815	0	1.0322	0	-1.951	0	-2.8582599999999996	0	21	0	0.0	0	0.8	0	0.20000000000000007	0	-1.1674910872937636	0	0.08182545803993158	0	35	0	-1.5	0		1		1		1		1
FGF9	PF00167	0	0.99254	0	0.36853258	0	0.418	0	-0.36480000000000007	0	2.1479	0	1.2406400000000002	0	21	0	0.0	0	0.6	0	0.0	0	-1.4436974992327127	0	-0.19438095389901755	0	6	0	-30.5	0		1		1		1		1
FGFR1	PF07679	0	1.0	0	0.18128499963276656	0	0.274	0	-0.2998333333333334	0	4.2752	0	1.4254999999999995	0	53	0	13.166666666666664	0	0.2	0	-0.3333333333333333	0	0.6254153521544081	0	0.42670989729587827	0	43	0	-14.0	0	3	0	1.5	0	0	0	0.0	0
FGFR2	PF07679	0	1.0	0	0.18128499963276656	0	0.278	0	-0.2958333333333334	0	4.4473	0	1.5976	0	53	0	13.166666666666664	0	0.8	0	0.2666666666666667	0	-0.3115801779972894	0	-0.5102856328558192	0	50	0	-7.0	0		1		1		1		1
FGFR3	PF21165	1	0.99865	0	0.0	0	0.458	0	0.0	0	1.1956	0	0.0	0	53	0	0.0	0	0.6	0	0.0	0	-0.3829996588791011	0	0.0	0	16	0	0.0	0	0	0	0.0	0	0	0	0.0	0
FGG	PF08702	0	0.74529	0	0.3635345	0	0.555	0	-0.05349999999999999	0	1.5174	0	0.13735000000000008	0	25	0	0.0	0	0.8	0	0.0	0	3.492061744381975	0	-0.1206079349060043	0	33	0	-30.0	0		1		1		1		1
FH	PF10415	1	0.26752	0	0.0	0	0.599	0	0.0	0	2.072	0	0.0	0	2	0	0.0	0	0.6	0	0.0	0	2.110593076910091	0	0.0	0	1	0	0.0	0	3	0	0.0	0	0	0	0.0	0
FHL1	PF00412	0		1		1		1		1		1		1	59	0	37.66666666666667	0	0.7	0	0.06666666666666665	0	2.222719071705557	0	0.4199292324291857	0		1		1		1		1		1		1
FIG4	PF02383	1	1.3237e-16	0	0.0	0	0.966	0	0.0	0	1.7961	0	0.0	0	13	0	0.0	0	0.2	0	0.0	0	-0.6655462488490691	0	0.0	0	8	0	0.0	0		1		1		1		1
FKBP14	PF00254	1	4.1885e-06	0	0.0	0	1.342	0	0.0	0	0.32492	0	0.0	0	18	0	0.0	0	0.2	0	0.0	0	0.017450729510536125	0	0.0	0	45	0	0.0	0		1		1	0	0	0.0	0
FKBP15		0	2.9955e-20	0		1	0.823	0		1	1.7145	0		1	18	0		1	0.2	0		1	0.8698768132667666	0		1	19	0		1		1		1		1		1
FKRP	PF22921	1	6.1822e-10	0	0.0	0	1.543	0	0.0	0	-2.4908	0	0.0	0	0	0	0.0	0	0.2	0	0.0	0	-1.2441251443275085	0	0.0	0	28	0	0.0	0		1		1		1		1
FKTN	PF19737	1	1.5042e-05	0	0.0	0	1.022	0	0.0	0	0.12731	0	0.0	0	0	0	0.0	0	0.2	0	0.0	0	-1.3279021420642825	0	0.0	0	6	0	0.0	0		1		1		1		1
FLAD1		0	3.0655e-07	0		1	0.809	0		1	1.3376	0		1	0	0		1	0.2	0		1	0.7882390973821681	0		1	21	0		1		1		1		1		1
FLCN	PF11704	1	0.9891	0	0.0	0	0.487	0	0.0	0	1.9669	0	0.0	0	0	0	0.0	0	0.2	0	0.0	0	-0.4762535331884355	0	0.0	0	18	0	0.0	0	3	0	0.0	0	0	0	0.0	0
FLNA	PF00307	0		1		1		1		1		1		1	36	0	0.0	0	0.6	0	0.125	0	3.173769114218645	0	1.9713048778529345	0	8	0	-6.666666666666666	0	3	0	0.75	0	0	0	0.0	0
FLNB	PF00307	0	0.00057489	0	-0.4993201721666667	0	0.504	0	0.01200000000000001	0	4.5491	0	0.9845133333333331	0	36	0	0.0	0	0.2	0	-0.27499999999999997	0	1.9420130163594589	0	0.7395487799937486	0	7	0	-7.666666666666666	0	0	0	-2.25	0	0	0	0.0	0
FLNC	PF00307	0	1.0	0	0.5001049378333333	0	0.424	0	-0.068	0	5.9661	0	2.401513333333333	0	36	0	0.0	0	0.6	0	0.125	0	1.8048274857913562	0	0.6023632494256459	0	19	0	4.333333333333334	0	3	0	0.75	0	0	0	0.0	0
FLT4	PF07679	0	1.0	0	0.18128499963276656	0	0.265	0	-0.3088333333333334	0	3.0272	0	0.17749999999999977	0	53	0	13.166666666666664	0	0.2	0	-0.3333333333333333	0	0.5392015992941277	0	0.34049614443559784	0	12	0	-45.0	0		1		1		1		1
FLVCR1	PF07690	0	6.6916e-07	0	-0.00015170647333377857	0	1.013	0	-0.004428571428571448	0	-0.1071	0	-0.6461685714285713	0	4	0	-3.0	0	0.6	0	0.025000000000000022	0	-0.060480747381381476	0	0.8033515865389883	0	37	0	23.57142857142857	0		1		1		1		1
FLVCR2	PF07690	0	3.3589e-06	0	-0.00014901673333377857	0	0.9	0	-0.11742857142857133	0	0.61075	0	0.07168142857142867	0	4	0	-3.0	0	0.6	0	0.025000000000000022	0	-0.41116827440579273	0	0.452664059514577	0	1	0	-12.428571428571429	0		1		1	0	0	0.0	0
FMN2		0	0.51243	0		1	0.51	0		1	-0.27361	0		1	18	0		1	0.6	0		1	-0.8996294548824371	0		1	17	0		1		1		1		1		1
FMO3	PF00743	1	4.5714e-12	0	0.0	0	1.314	0	0.0	0	0.20944	0	0.0	0	5	0	0.0	0	0.8	0	0.0	0	-0.009217308196862183	0	0.0	0	1	0	0.0	0		1		1		1		1
FMR1	PF05641	1		1		1		1		1		1		1	2	0	0.0	0	0.2	0	0.0	0	0.7938602013426697	0	0.0	0	9	0	0.0	0	3	0	0.0	0	0	0	0.0	0
FOLR1	PF03024	1	0.13787	0	0.0	0	0.735	0	0.0	0	1.2702	0	0.0	0	4	0	0.0	0	0.8	0	0.0	0	0.8325727748461799	0	0.0	0	2	0	0.0	0		1		1	0	0	0.0	0
FOXC1	PF00250	0	0.054624	0	-0.408751761	0	1.276	0	0.19800000000000018	0	-3.6444	0	-3.4556880000000003	0	41	0	6.727272727272727	0	0.7	0	0.12727272727272732	0	-0.3133637307377066	0	0.6686306397486357	0	10	0	2.0	0	3	0	0.375	0	0	0	0.0	0
FOXC2	PF00250	0	0.00066521	0	-0.46271055099999997	0	1.807	0	0.7290000000000001	0	-3.0645	0	-2.875788	0	41	0	6.727272727272727	0	0.8	0	0.2272727272727274	0	-0.51427857351842	0	0.4677157969679223	0		1		1	3	0	0.375	0	0	0	0.0	0
FOXE1	PF00250	0	0.0099304	0	-0.453445361	0	1.926	0	0.8480000000000001	0	-2.0319	0	-1.8431879999999998	0	41	0	6.727272727272727	0	0.8	0	0.2272727272727274	0	-1.958607314841775	0	-0.9766129443554328	0	2	0	-6.0	0		1		1		1		1
FOXE3	PF00250	0	0.11644	0	-0.346935761	0	1.935	0	0.8570000000000002	0	-3.0438	0	-2.8550880000000003	0	41	0	6.727272727272727	0	0.0	0	-0.5727272727272726	0	-0.9030899869919435	0	0.07890438349439877	0	7	0	-1.0	0	0	0	-2.625	0	0	0	0.0	0
FOXF1	PF00250	0	0.427	0	-0.036375761000000006	0	0.685	0	-0.3929999999999998	0	0.30525	0	0.49396199999999996	0	41	0	6.727272727272727	0	0.6	0	0.027272727272727337	0	-0.7258421507363202	0	0.2561522197500221	0	16	0	8.0	0	3	0	0.375	0	0	0	0.0	0
FOXG1	PF00250	0	0.99832	0	0.534944239	0	0.36	0	-0.7179999999999999	0	3.7963	0	3.9850119999999998	0	4	0	-30.272727272727273	0	0.8	0	0.2272727272727274	0	-1.0	0	-0.018005629513657695	0	2	0	-6.0	0	3	0	0.375	0	0	0	0.0	0
FOXJ1		0	0.43885	0		1	0.701	0		1	-0.39001	0		1	41	0		1	0.6	0		1	-1.2441251443275085	0		1	8	0		1		1		1		1		1
FOXL2	PF00250	0	0.028008	0	-0.435367761	0	1.913	0	0.8350000000000002	0	-0.79505	0	-0.606338	0	41	0	6.727272727272727	0	0.6	0	0.027272727272727337	0	-0.7281583934635011	0	0.2538359770228412	0		1		1	3	0	0.375	0	0	0	0.0	0
FOXN1	PF00250	0	0.99877	0	0.535394239	0	0.442	0	-0.6359999999999999	0	0.81588	0	1.004592	0	41	0	6.727272727272727	0	0.6	0	0.027272727272727337	0	-2.221848749616356	0	-1.2398543791300138	0		1		1		1		1		1		1
FOXP1	PF00250	0	1.0	0	0.536624239	0	0.279	0	-0.7989999999999998	0	2.6573	0	2.846012	0	41	0	6.727272727272727	0	0.2	0	-0.37272727272727263	0	-0.39147396642280585	0	0.5905204040635365	0	9	0	1.0	0	3	0	0.375	0	0	0	0.0	0
FOXP2	PF00250	0	1.0	0	0.536624239	0	0.157	0	-0.9209999999999998	0	3.1178	0	3.3065119999999997	0	4	0	-30.272727272727273	0	0.6	0	0.027272727272727337	0	-0.9746941347352298	0	0.007300235751112494	0	14	0	6.0	0	3	0	0.375	0	0	0	0.0	0
FOXP3	PF00250	0		1		1		1		1		1		1	41	0	6.727272727272727	0	0.6	0	0.027272727272727337	0	-1.0705810742857071	0	-0.08858670379936484	0	4	0	-4.0	0		1		1		1		1
FOXRED1	PF01266	0	2.0617e-11	0	-6.90252922000002e-07	0	1.118	0	0.14066666666666683	0	0.86475	0	0.11507666666666672	0	10	0	0.0	0	0.2	0	-0.3	0	0.5303277897780863	0	0.1045137845552116	0	13	0	5.333333333333333	0		1		1	0	0	0.0	0
FRAS1		0	6.8358e-52	0		1	0.729	0		1	1.4453	0		1	7	0		1	0.6	0		1	-1.4436974992327127	0		1	28	0		1		1		1		1		1
FREM1	PF16184	1	2.6459e-52	0	0.0	0	1.157	0	0.0	0	-4.442	0	0.0	0	7	0	0.0	0	0.6	0	0.0	0	-2.221848749616356	0	0.0	0		1		1		1		1		1		1
FREM2		0	2.3417e-11	0		1	0.588	0		1	0.88478	0		1	7	0		1	0.6	0		1	-1.1307682802690238	0		1	34	0		1		1		1		1		1
FRMD7	PF08736	1		1		1		1		1		1		1	10	0	0.0	0	0.6	0	0.0	0	-1.6020599913279623	0	0.0	0		1		1	3	0	0.0	0	0	0	0.0	0
FRMPD4		0		1		1		1		1		1		1	2	0		1	0.7	0		1	-2.853871964321762	0		1		1		1		1		1		1		1
FRRS1L		0	0.00014941	0		1	1.41	0		1	-0.78414	0		1	2	0		1	0.6	0		1	-1.080921907623926	0		1		1		1		1		1		1		1
FSHB	PF00007	0	0.023197	0	0.011534635	0	1.163	0	-0.21999999999999997	0	0.37596	0	-0.02779999999999999	0	9	0	3.0	0	0.8	0	0.06666666666666665	0	0.27207378750000993	0	1.0786700654539938	0		1		1		1		1		1		1
FTCD	PF02971	1	1.2895e-29	0	0.0	0	1.61	0	0.0	0	-2.0472	0	0.0	0	1	0	0.0	0	0.8	0	0.0	0	0.6656747809938933	0	0.0	0		1		1		1		1	0	0	0.0	0
FTL	PF00210	1	2.0921e-06	0	0.0	0	1.552	0	0.0	0	1.1926	0	0.0	0	3	0	0.0	0	0.6	0	0.0	0	2.0492219002821734	0	0.0	0	218	0	0.0	0	0	0	0.0	0	0	0	0.0	0
FTO	PF12934	1	1.1447e-10	0	0.0	0	0.924	0	0.0	0	1.2714	0	0.0	0	0	0	0.0	0	0.2	0	0.0	0	0.8573928109209014	0	0.0	0	20	0	0.0	0		1		1		1		1
FTSJ1	PF01728	1		1		1		1		1		1		1	2	0	0.0	0	0.2	0	0.0	0	0.1821292140529984	0	0.0	0	3	0	0.0	0		1		1	0	0	0.0	0
FUCA1	PF01120	1	3.6291e-15	0	0.0	0	1.162	0	0.0	0	0.55825	0	0.0	0	1	0	0.0	0	0.2	0	0.0	0	1.025346834509827	0	0.0	0	6	0	0.0	0		1		1		1		1
FUS	PF00076	0	1.0	0	0.3321067000000001	0	0.104	0	-0.34833333333333333	0	2.8346	0	-0.168072	0	2	0	-8.833333333333334	0	0.2	0	2.7755575615628914e-17	0	2.1303369854792535	0	0.7325608167014461	0	2	0	-28.5	0		1		1		1		1
FUT8	PF19745	1	0.0026169	0	0.0	0	0.667	0	0.0	0	2.2516	0	0.0	0	0	0	0.0	0	0.2	0	0.0	0	0.24575935596727688	0	0.0	0	46	0	0.0	0		1		1		1		1
FXN	PF01491	1	0.16481	0	0.0	0	0.809	0	0.0	0	-0.44136	0	0.0	0	0	0	0.0	0	0.2	0	0.0	0	0.8954777962757147	0	0.0	0		1		1		1		1	0	0	0.0	0
FXYD2	PF02038	1	0.0079463	0	0.0	0	1.239	0	0.0	0	-0.31803	0	0.0	0	6	0	0.0	0	0.8	0	0.0	0	0.021602716028242194	0	0.0	0		1		1		1		1		1		1
FYCO1	PF01363	0	3.462e-28	0	1.7309990727e-28	0	0.847	0	0.07150000000000001	0	1.5115	0	-0.6658999999999999	0	1	0	-7.0	0	0.6	0	0.26666666666666666	0	0.22036963245139443	0	0.6130306831440753	0	32	0	18.666666666666664	0		1		1	0	0	0.0	0
FZD4	PF01534	0	0.36307	0	0.047031139220803764	0	0.614	0	-0.15375000000000005	0	1.5152	0	-0.26900000000000013	0	15	0	-1.75	0	0.6	0	0.2	0	-1.0177287669604316	0	0.10602000810619905	0	5	0	-1.25	0	3	0	0.0	0	0	0	0.0	0
FZD5	PF01534	0	0.90108	0	0.5850411392208037	0	0.551	0	-0.21675	0	2.073	0	0.2887999999999997	0	15	0	-1.75	0	0.6	0	0.2	0	-0.9546770212133425	0	0.1690717538532881	0	1	0	-5.25	0		1		1		1		1
FZD6	PF01534	0	1.6785e-11	0	-0.3160388607624112	0	1.2	0	0.4322499999999999	0	2.0793	0	0.2950999999999997	0	15	0	-1.75	0	0.2	0	-0.19999999999999996	0	-0.8013429130455774	0	0.32240586202105326	0	13	0	6.75	0		1		1		1		1
G6PC1	PF01569	1	3.7042e-05	0	0.0	0	0.963	0	0.0	0	1.173	0	0.0	0	2	0	0.0	0	0.7	0	0.0	0		1		1		1		1		1		1		1		1
GAA	PF13802	0	2.0036e-25	0	1.001799615695e-25	0	1.008	0	-0.0004999999999999449	0	-0.31627	0	0.29056	0	6	0	-1.0	0	0.2	0	-0.3	0	1.4313798488419358	0	1.0065392787610952	0	19	0	0.0	0		1		1		1		1
GABBR2	PF00003	0	0.99997	0	0.5264199999999901	0	0.394	0	-0.31679999999999997	0	4.1068	0	1.8919599999999996	0	2	0	-2.8	0	0.8	0	0.08000000000000007	0	-0.9100948885606021	0	0.4307810385816814	0	2	0	0.5	0		1		1		1		1
GABRA1	PF02931	0	0.99999	0	0.67429941650671	0	0.282	0	-0.5397000000000001	0	4.2735	0	2.3180050000000003	0	45	0	0.0	0	0.7	0	-0.030000000000000027	0	-1.193820026016113	0	0.3170579932058786	0	1	0	-44.0	0		1		1	0	0	0.0	0
GABRA5	PF02931	0	0.79404	0	0.4683494165067099	0	0.56	0	-0.26170000000000004	0	3.2633	0	1.3078050000000003	0	45	0	0.0	0	0.8	0	0.07000000000000006	0	-1.6777807052660807	0	-0.1669026860440892	0	1	0	-44.0	0		1		1		1		1
GABRG2	PF02931	0	0.99942	0	0.6737294165067099	0	0.428	0	-0.3937000000000001	0	3.9288	0	1.973305	0	45	0	0.0	0	0.7	0	-0.030000000000000027	0	-1.2291479883578558	0	0.2817300308641357	0	12	0	-33.0	0		1		1	0	0	0.0	0
GAD1	PF00282	0	0.28136	0	0.18674713307364332	0	0.569	0	-0.16466666666666674	0	3.7496	0	1.4595333333333333	0	7	0	0.0	0	0.7	0	0.2	0	-1.0	0	-0.9222949619123212	0	2	0	-11.333333333333334	0		1		1		1		1
GALC	PF02057	1	3.8591e-15	0	0.0	0	1.019	0	0.0	0	-0.27925	0	0.0	0	0	0	0.0	0	0.2	0	0.0	0	-0.19997064075586568	0	0.0	0	21	0	0.0	0		1		1		1		1
GALE	PF16363	0	5.1351e-08	0	-8.6333245e-06	0	0.925	0	-0.12949999999999995	0	0.88167	0	0.03043499999999999	0	10	0	0.0	0	0.6	0	0.19999999999999996	0	1.3856241454314828	0	1.4146608223320978	0	2	0	-0.5	0		1		1		1		1
GALK1	PF10509	1	8.4112e-10	0	0.0	0	1.198	0	0.0	0	0.018526	0	0.0	0	2	0	0.0	0	0.6	0	0.0	0	1.4487217749497214	0	0.0	0		1		1		1		1	0	0	0.0	0
GALM	PF01263	1	2.9942e-13	0	0.0	0	1.421	0	0.0	0	-0.15961	0	0.0	0	0	0	0.0	0	0.6	0	0.0	0	1.08639542712425	0	0.0	0	5	0	0.0	0		1		1		1		1
GALNS	PF00884	0	2.5056e-23	0	-5.057041333331663e-11	0	1.251	0	0.10133333333333328	0	-1.4486	0	-0.7614743333333334	0	16	0	-0.5	0	0.2	0	-0.23333333333333334	0	0.4134674129858248	0	-0.1311837041513607	0	34	0	8.2	0		1		1	0	0	0.0	0
GALNT2	PF00535	0	0.89335	0	0.5955601781966666	0	0.515	0	-0.2596666666666666	0	1.8886	0	0.8375233333333334	0	19	0	6.0	0	0.2	0	-0.1333333333333333	0	1.2528772925637603	0	0.331434527448791	0	20	0	8.0	0		1		1		1		1
GALNT3	PF00535	0	1.2541e-07	0	-0.29778969639333336	0	0.804	0	0.029333333333333433	0	0.92811	0	-0.12296666666666667	0	19	0	6.0	0	0.6	0	0.26666666666666666	0	0.025715383901340642	0	-0.8957273812136287	0	4	0	-8.0	0		1		1	0	0	0.0	0
GALT	PF02744	1	4.2797e-11	0	0.0	0	0.935	0	0.0	0	1.8721	0	0.0	0	0	0	0.0	0	0.6	0	0.0	0	0.32858344971420195	0	0.0	0	10	0	0.0	0		1		1		1		1
GAMT		0	2.6125e-10	0		1	1.536	0		1	-2.3611	0		1	0	0		1	0.6	0		1	1.05311687492293	0		1	5	0		1		1		1	0	0		1
GAN	PF07707	0	1.5123e-06	0	-2.1520075210910004e-05	0	0.842	0	-0.05525000000000002	0	-2.0202	0	-2.9878774999999997	0	54	0	0.0	0	0.8	0	0.09999999999999998	0	-0.1549019599857432	0	0.2871738931162064	0	31	0	8.0	0		1		1		1		1
GAS2L2	PF00307	0	8.2195e-05	0	-0.4998128671666667	0	0.884	0	0.392	0	-0.19915	0	-3.763736666666667	0	36	0	0.0	0	0.7	0	0.22499999999999998	0	-1.1870866433571443	0	-2.3895508797228544	0	20	0	5.333333333333334	0		1		1		1		1
GATA2	PF00320	0	0.99993	0	0.01079999999999992	0	0.335	0	-0.05339999999999995	0	1.7347	0	0.83168	0	7	0	1.2000000000000002	0	0.2	0	-0.24000000000000005	0	-0.39685562737981767	0	-0.19338598454691747	0	5	0	-9.666666666666666	0	3	0	0.0	0	0	0	0.0	0
GATA3	PF00320	0	0.99953	0	0.010399999999999965	0	0.376	0	-0.012399999999999967	0	1.3283	0	0.4252800000000001	0	7	0	1.2000000000000002	0	0.6	0	0.15999999999999992	0	-0.045757490560675115	0	0.15771215227222507	0		1		1	3	0	0.0	0	0	0	0.0	0
GATA4	PF00320	0	0.99122	0	0.0020899999999999253	0	0.468	0	0.07960000000000006	0	-1.4458	0	-2.34882	0	7	0	1.2000000000000002	0	0.6	0	0.15999999999999992	0	-0.8696662315049939	0	-0.6661965886720937	0		1		1	3	0	0.0	0	0	0	0.0	0
GATA6	PF00320	0	0.95497	0	-0.03416000000000008	0	0.527	0	0.13860000000000006	0	-1.0918	0	-1.99482	0	7	0	1.2000000000000002	0	0.6	0	0.15999999999999992	0	-0.6777807052660807	0	-0.4743110624331805	0	2	0	-12.666666666666666	0	3	0	0.0	0	0	0	0.0	0
GATAD2B	PF00320	0	1.0	0	0.010869999999999935	0	0.236	0	-0.15239999999999998	0	3.9897	0	3.0866800000000003	0	1	0	-4.8	0	0.2	0	-0.24000000000000005	0	0.9727118405470665	0	1.1761814833799666	0	37	0	22.333333333333336	0	3	0	0.0	0	0	0	0.0	0
GATM		0	0.32892	0		1	0.597	0		1	2.2175	0		1	0	0		1	0.7	0		1	1.5728832141971627	0		1	2	0		1		1		1		1		1
GBA	PF02055	0	0.00010117	0	0.0	0	0.707	0	0.0	0	2.2965	0	0.0	0	0	0	0.0	0		1		1	0.6375897858387	0	0.0	0	5	0	0.0	0		1		1	0	0	0.0	0
GBA1	PF02055	0		1		1		1		1		1		1	0	0	0.0	0	0.2	0	0.0	0		1		1		1		1		1		1		1		1
GBA2	PF04685	1	4.857e-13	0	0.0	0	0.773	0	0.0	0	1.9266	0	0.0	0	0	0	0.0	0	0.2	0	0.0	0	-0.7644715530924511	0	0.0	0	4	0	0.0	0		1		1		1		1
GBE1	PF00128	1	1.475e-08	0	0.0	0	1.211	0	0.0	0	-0.075477	0	0.0	0	7	0	0.0	0	0.6	0	0.0	0	1.4624129733125506	0	0.0	0	7	0	0.0	0		1		1	0	0	0.0	0
GCDH	PF00441	0	1.7641e-05	0	1.2775848847448334e-05	0	0.752	0	-0.15683333333333338	0	1.6984	0	0.8063716666666666	0	14	0	0.0	0	0.6	0	0.13333333333333325	0	1.2878241156667791	0	-0.12107580907424076	0		1		1		1		1		1		1
GCNT2	PF02485	0	7.7917e-10	0	-0.3309400774805533	0	1.369	0	0.5236666666666666	0	-1.2775	0	-1.7952933333333334	0	8	0	0.0	0	0.6	0	0.06666666666666665	0	-1.6777807052660807	0	-0.30330980384074957	0	6	0	-6.333333333333334	0		1		1		1		1
GCSH	PF01597	1	0.33443	0	0.0	0	1.537	0	0.0	0	-1.1056	0	0.0	0	0	0	0.0	0	0.6	0	0.0	0	1.4297684244786055	0	0.0	0	3	0	0.0	0		1		1		1		1
GDF1		0	6.6838e-06	0		1	1.972	0		1	-3.1298	0		1	31	0		1	0.8	0		1	-2.0	0		1		1		1		1		1		1		1
GDF5	PF00019	0	0.025782	0	-0.7785924000000001	0	0.71	0	0.3313999999999999	0	1.0668	0	-0.8363400000000001	0	31	0	0.0	0	0.8	0	0.4	0	-1.3979400086720375	0	-0.12491333074803079	0	21	0	13.25	0	3	0	0.0	0	0	0	0.0	0
GEMIN5	PF23770	1	2.9965e-18	0	0.0	0	0.839	0	0.0	0	-0.026735	0	0.0	0	9	0	0.0	0	0.2	0	0.0	0	0.8780044702680252	0	0.0	0	29	0	0.0	0		1		1		1		1
GFAP	PF00038	0	2.8861e-09	0	-0.11190775748867572	0	0.991	0	0.08629411764705863	0	1.8993	0	1.1072417647058823	0	68	0	4.0	0	0.8	0	0.1823529411764706	0	1.6414840257900418	0	-0.560658381994056	0	29	0	12.0	0		1		1		1		1
GFER	PF04777	1	4.5979e-11	0	0.0	0	1.87	0	0.0	0	-1.1759	0	0.0	0	0	0	0.0	0	0.2	0	0.0	0	0.5025636691073634	0	0.0	0	38	0	0.0	0		1		1	0	0	0.0	0
GFI1	PF00096	0	0.048531	0	-0.7568883571428572	0	0.715	0	0.27092857142857135	0	0.70931	0	-1.2392764285714284	0	28	0	13.6	0	0.7	0	0.21333333333333332	0	-0.8664610916297825	0	-0.1879072358639201	0		1		1	0	0	-2.3333333333333335	0	0	0	0.0	0
GFM1	PF00679	0	3.6978e-10	0	-0.33333333308730295	0	0.829	0	0.265	0	1.1282	0	-1.8155333333333328	0	18	0	0.0	0	0.2	0	-2.7755575615628914e-17	0	1.0969447551769405	0	-0.08439800120737795	0	6	0	-13.5	0		1		1	0	0	0.0	0
GFPT1	PF13522	1	0.022385	0	0.0	0	0.716	0	0.0	0	4.3554	0	0.0	0	1	0	0.0	0	0.2	0	0.0	0	1.5563145643353469	0	0.0	0	3	0	0.0	0		1		1		1		1
GGCX	PF05090	1	2.2339e-15	0	0.0	0	0.888	0	0.0	0	1.7017	0	0.0	0	0	0	0.0	0	0.8	0	0.0	0	-0.11975822410451964	0	0.0	0	4	0	0.0	0		1		1		1		1
GHR	PF09067	0	0.15729	0	0.078644999581595	0	0.65	0	-0.1974999999999999	0	0.17358	0	-0.17606499999999997	0	23	0	0.0	0	0.6	0	0.0	0	-0.28483264215154214	0	0.41717688278383325	0		1		1		1		1		1		1
GHRHR	PF00002	0	4.5012e-08	0	-4.828874257639999e-05	0	0.984	0	0.19425000000000003	0	-0.038654	0	-1.4548904999999999	0	42	0	8.75	0	0.8	0	0.050000000000000044	0	-1.7958800173440752	0	-0.4491666158976797	0		1		1		1		1		1		1
GINS1	PF24997	1	0.077799	0	0.0	0	1.888	0	0.0	0	0.20354	0	0.0	0	0	0	0.0	0	0.6	0	0.0	0	0.6295115342004532	0	0.0	0	18	0	0.0	0		1		1		1		1
GJA1	PF00029	0	0.96386	0	0.48192999999999825	0	0.522	0	-0.7215	0	3.3847	0	1.4704	0	20	0	0.0	0	0.2	0	-0.24999999999999994	0	0.5133507988059569	0	0.735979056823866	0	34	0	0.0	0	0	0	0.0	0	0	0	0.0	0
GJB2	PF00029	0	3.5966e-15	0	-0.4819299999999982	0	1.965	0	0.7215	0	0.4439	0	-1.4704000000000002	0	20	0	0.0	0	0.7	0	0.25	0	-0.958607314841775	0	-0.735979056823866	0		1		1		1		1	0	0	0.0	0
GK	PF02782	1		1		1		1		1		1		1	6	0	0.0	0	0.6	0	0.0	0	0.2880255353883628	0	0.0	0	34	0	0.0	0	3	0	0.0	0	0	0	0.0	0
GLA	PF16499	0		1		1		1		1		1		1	3	0	1.0	0	0.2	0	0.0	0	0.6435513685629451	0	-0.32213637355191704	0	6	0	-1.5	0	3	0	0.0	0	0	0	0.0	0
GLB1	PF21317	1	2.9564e-15	0	0.0	0	0.938	0	0.0	0	1.1365	0	0.0	0	3	0	0.0	0	0.2	0	0.0	0	1.187548920861271	0	0.0	0	20	0	0.0	0		1		1	0	0	0.0	0
GLDC	PF01212	1	2.5009e-21	0	0.0	0	1.09	0	0.0	0	-1.2168	0	0.0	0	0	0	0.0	0	0.8	0	0.0	0	0.42504487455138884	0	0.0	0	14	0	0.0	0		1		1	0	0	0.0	0
GLDN	PF01391	0	6.9905e-13	0	-0.0006012820321810266	0	1.078	0	0.14988888888888896	0	-1.2504	0	-2.0962112222222222	0	9	0	-10.666666666666668	0	0.6	0	0.0	0	-0.8096683018297085	0	-0.9432671820935008	0		1		1		1		1		1		1
GLE1	PF07817	1	2.1418e-15	0	0.0	0	1.103	0	0.0	0	1.6629	0	0.0	0	0	0	0.0	0	0.2	0	0.0	0	0.04960561259497315	0	0.0	0	57	0	0.0	0		1		1		1		1
GLI2		0	1.0	0		1	0.364	0		1	0.50151	0		1	14	0		1	0.6	0		1	-0.4621809049267259	0		1	4	0		1	3	0		1	0	0		1
GLI3	PF00096	0	1.0	0	0.19458064285714283	0	0.298	0	-0.14607142857142863	0	1.066	0	-0.8825864285714284	0	14	0	-0.40000000000000036	0	0.2	0	-0.2866666666666666	0	-0.5072396109731625	0	0.17131424479269985	0	1	0	-11.416666666666666	0	3	0	0.6666666666666665	0	0	0	0.0	0
GLIS2		0	0.32698	0		1	0.637	0		1	0.10964	0		1	14	0		1	0.2	0		1	-1.5686362358410126	0		1	7	0		1		1		1		1		1
GLIS3		0	2.4153e-12	0		1	0.853	0		1	-4.5377	0		1	14	0		1	0.6	0		1	-1.5528419686577808	0		1		1		1		1		1	0	0		1
GLMN		0	0.0062403	0		1	1.705	0		1	0.47029	0		1	0	0		1	0.6	0		1	0.6075622431835882	0		1	64	0		1	3	0		1	0	0		1
GLRA1	PF02931	0	1.979e-07	0	-0.32569038559329005	0	0.975	0	0.15329999999999988	0	2.4146	0	0.4591050000000003	0	45	0	0.0	0	0.8	0	0.07000000000000006	0	-1.6989700043360187	0	-0.18809198511402725	0		1		1		1		1		1		1
GLRB	PF02931	0	0.46345	0	0.13775941650670992	0	0.746	0	-0.0757000000000001	0	0.57521	0	-1.3802849999999998	0	45	0	0.0	0	0.6	0	-0.13	0	-1.7212463990471711	0	-0.21036837982517964	0	36	0	-9.0	0		1		1	0	0	0.0	0
GLRX5	PF00462	0	0.00038364	0	0.0001918154102	0	1.741	0	0.18199999999999994	0	-1.8416	0	-0.816095	0	1	0	-0.5	0	0.2	0	-0.3	0	1.725102699808259	0	2.01306634773612	0	1	0	-3.0	0		1		1		1		1
GLUD1	PF00208	1	0.016085	0	0.0	0	0.748	0	0.0	0	2.9685	0	0.0	0	18	0	0.0	0	0.7	0	0.0	0	2.079184865153228	0	0.0	0	3	0	0.0	0		1		1		1		1
GLUL	PF00120	1	0.99971	0	0.0	0	0.377	0	0.0	0	3.2304	0	0.0	0	1	0	0.0	0	0.6	0	0.0	0	1.5105584141504382	0	0.0	0	10	0	0.0	0		1		1	0	0	0.0	0
GM2A	PF02221	0	0.11867	0	0.0593338906	0	0.968	0	-0.22699999999999987	0	0.18945	0	-0.13802999999999999	0	0	0	0.0	0	0.2	0	-0.3	0	1.674870322342275	0	-0.18326315546482896	0	25	0	4.0	0		1		1		1		1
GMNN		0		1		1		1		1		1		1	2	0		1	0.6	0		1	1.1399105558756826	0		1	49	0		1		1		1		1		1
GMPPA	PF25087	1	3.3672e-10	0	0.0	0	1.088	0	0.0	0	1.1515	0	0.0	0	3	0	0.0	0	0.2	0	0.0	0	1.3053728686412969	0	0.0	0	5	0	0.0	0		1		1	0	0	0.0	0
GNA11	PF00503	0	0.99978	0	0.5700318197236645	0	0.38	0	-0.4748333333333332	0	3.8795	0	1.5306979999999997	0	15	0	0.0	0	0.2	0	-0.2666666666666666	0	1.2944882710072565	0	0.214940666193856	0	6	0	-4.166666666666666	0		1		1		1		1
GNA14	PF00503	0	2.6525e-14	0	-0.42974818027630907	0	1.512	0	0.6571666666666668	0	-0.086688	0	-2.4354900000000006	0	15	0	0.0	0	0.2	0	-0.2666666666666666	0	0.928447063209182	0	-0.15110054160421849	0	1	0	-9.166666666666666	0		1		1		1		1
GNAO1	PF00503	0	1.0	0	0.5702518197236643	0	0.105	0	-0.7498333333333332	0	4.5551	0	2.206298	0	15	0	0.0	0	0.6	0	0.13333333333333336	0	1.2810561045835043	0	0.20150849977010377	0	27	0	16.833333333333336	0		1		1	0	0	0.0	0
GNAQ	PF00503	0	0.5787	0	0.1489518197236644	0	0.818	0	-0.036833333333333274	0	2.6607	0	0.31189799999999934	0	15	0	0.0	0	0.2	0	-0.2666666666666666	0	2.012841441135985	0	0.9332938363225844	0	17	0	6.833333333333334	0		1		1		1		1
GNAS		0	0.99999	0		1	0.302	0		1	4.8425	0		1	15	0		1	0.2	0		1	1.4713063829219797	0		1	22	0		1	3	0		1	0	0		1
GNAT1	PF00503	0	5.7987e-11	0	-0.4297481802183486	0	1.138	0	0.2831666666666667	0	1.5959	0	-0.7529020000000004	0	15	0	0.0	0	0.8	0	0.3333333333333334	0	0.5503506723016155	0	-0.529196932511785	0	1	0	-9.166666666666666	0		1		1		1		1
GNAT2	PF00503	0	9.0816e-06	0	-0.4297390986763356	0	1.176	0	0.3211666666666667	0	1.4883	0	-0.8605020000000005	0	15	0	0.0	0	0.8	0	0.3333333333333334	0	0.4101020766428606	0	-0.6694455281705399	0	9	0	-1.166666666666666	0		1		1		1		1
GNB1	PF25391	0	0.9976	0	0.6650628933868667	0	0.222	0	-0.5943333333333333	0	3.4867	0	1.9083166666666667	0	4	0	0.0	0	0.8	0	0.06666666666666665	0	2.527631189577088	0	1.4094477794258935	0	23	0	8.666666666666666	0		1		1	0	0	0.0	0
GNB3	PF25391	0	3.8394e-09	0	-0.33253710277373333	0	1.072	0	0.2556666666666668	0	1.0111	0	-0.5672833333333331	0	4	0	0.0	0	0.8	0	0.06666666666666665	0	1.0969447551769405	0	-0.021238654974254256	0	8	0	-6.333333333333334	0		1		1		1		1
GNB5	PF25391	0	1.1316e-05	0	-0.33252579061313337	0	1.155	0	0.3386666666666668	0	0.23735	0	-1.3410333333333333	0	4	0	0.0	0	0.6	0	-0.13333333333333341	0	-0.27002571430044436	0	-1.388209124451639	0	12	0	-2.333333333333334	0		1		1		1		1
GNMT	PF13649	1	3.0577e-09	0	0.0	0	1.328	0	0.0	0	0.29612	0	0.0	0	0	0	0.0	0	0.7	0	0.0	0	0.14019367857863121	0	0.0	0	2	0	0.0	0		1		1		1		1
GNPAT	PF01553	0	0.87864	0	0.4393164115	0	0.572	0	-0.3135	0	1.3747	0	1.1159	0	2	0	1.0	0	0.2	0	-0.1333333333333333	0	0.5647843845039867	0	0.32868651186470027	0	34	0	16.0	0		1		1		1		1
GNPTAB	PF06464	1	1.5001e-13	0	0.0	0	0.8	0	0.0	0	2.0514	0	0.0	0	0	0	0.0	0	0.2	0	0.0	0	-1.1135092748275182	0	0.0	0	14	0	0.0	0		1		1		1		1
GNPTG		0	1.4307e-17	0		1	1.369	0		1	-2.4992	0		1	1	0		1	0.2	0		1	1.1399105558756826	0		1	4	0		1		1		1		1		1
GNRHR	PF00001	0	0.44922	0	0.17155886014284666	0	0.789	0	-0.10000000000000009	0	0.14942	0	-1.4092442857142857	0	16	0	1.875	0	0.8	0	0.07500000000000007	0	-1.853871964321762	0	-0.3521368294191578	0	1	0	-7.166666666666666	0		1		1		1		1
GNS		0	0.01087	0		1	1.543	0		1	0.61768	0		1	16	0		1	0.2	0		1	1.08639542712425	0		1	6	0		1		1		1		1		1
GORAB	PF04949	1	0.0054121	0	0.0	0	0.802	0	0.0	0	0.29956	0	0.0	0	0	0	0.0	0	0.2	0	0.0	0	-0.3893398369101201	0	0.0	0	2	0	0.0	0		1		1	0	0	0.0	0
GOT2	PF00155	0	0.49396	0	0.32759810221700003	0	0.591	0	-0.1130000000000001	0	1.7443	0	0.07903333333333329	0	2	0	-3.333333333333333	0	0.7	0	1.1102230246251565e-16	0	2.187523540921345	0	1.6006280374632178	0		1		1		1		1		1		1
GP1BB		0	0.010404	0		1	1.922	0		1	-2.9875	0		1	1	0		1	0.8	0		1	2.591065720600666	0		1	36	0		1		1		1		1		1
GPAA1	PF04114	1	2.3103e-15	0	0.0	0	1.077	0	0.0	0	0.42679	0	0.0	0	0	0	0.0	0	0.2	0	0.0	0	0.17055505852120845	0	0.0	0	25	0	0.0	0		1		1		1		1
GPC3	PF01153	0		1		1		1		1		1		1	5	0	0.0	0	0.8	0	0.30000000000000004	0	-0.3334820194451191	0	0.010547855602894507	0	50	0	18.0	0	3	0	0.0	0	0	0	0.0	0
GPC4		0		1		1		1		1		1		1	5	0		1	0.2	0		1	0.1525940779274697	0		1	24	0		1		1		1		1		1
GPC6	PF01153	0	0.99996	0	0.0	0	0.384	0	0.0	0	1.3324	0	0.0	0	5	0	0.0	0	0.2	0	-0.3	0	-0.3545777306509081	0	-0.010547855602894451	0	14	0	-18.0	0		1		1	0	0	0.0	0
GPD1	PF07479	1	0.0061336	0	0.0	0	0.891	0	0.0	0	0.5774	0	0.0	0	1	0	0.0	0	0.6	0	0.0	0	1.7497440431601308	0	0.0	0	2	0	0.0	0		1		1	0	0	0.0	0
GPHN	PF00994	1	0.99999	0	0.0	0	0.24	0	0.0	0	2.8969	0	0.0	0	0	0	0.0	0	0.6	0	0.0	0	0.7966437037851165	0	0.0	0	14	0	0.0	0		1		1	0	0	0.0	0
GPI	PF00342	1	3.0918e-10	0	0.0	0	0.861	0	0.0	0	1.5492	0	0.0	0	1	0	0.0	0	0.2	0	0.0	0	2.7715882157274727	0	0.0	0		1		1		1		1		1		1
GPIHBP1	PF00087	1	6.9154e-05	0	0.0	0	1.723	0	0.0	0	0.046711	0	0.0	0	2	0	0.0	0	0.6	0	0.0	0	-2.5228787452803374	0	0.0	0	103	0	0.0	0		1		1		1		1
GPR143	PF02101	1		1		1		1		1		1		1	0	0	0.0	0	0.6	0	0.0	0	-0.7594507517174003	0	0.0	0		1		1		1		1		1		1
GPR179	PF00003	0	4.9425e-14	0	-0.47354999999996045	0	0.965	0	0.2542	0	2.0424	0	-0.17243999999999993	0	1	0	-3.8	0	0.8	0	0.08000000000000007	0	-1.7695510786217261	0	-0.4286751514794427	0		1		1		1		1	0	0	0.0	0
GPSM2	PF02188	1	7.7889e-05	0	0.0	0	0.86	0	0.0	0	1.6046	0	0.0	0	6	0	0.0	0	0.6	0	0.0	0	-1.0409586076789064	0	0.0	0	2	0	0.0	0		1		1	0	0	0.0	0
GPT2	PF00155	0	0.0051256	0	-0.161236297783	0	0.677	0	-0.027000000000000024	0	2.2046	0	0.5393333333333334	0	7	0	1.666666666666667	0	0.6	0	-0.09999999999999987	0	0.14019367857863121	0	-0.44670182487949617	0	8	0	3.5	0		1		1		1		1
GPX4		0	2.6553e-10	0		1	1.385	0		1	-1.7155	0		1	7	0		1	0.2	0		1	1.2455373429359942	0		1		1		1		1		1	0	0		1
GREB1L	PF20692	1	1.0	0	0.0	0	0.125	0	0.0	0	5.6894	0	0.0	0	1	0	0.0	0	0.6	0	0.0	0	-1.3467874862246563	0	0.0	0	5	0	0.0	0		1		1		1		1
GRHL3	PF04516	1	0.99994	0	0.0	0	0.4	0	0.0	0	1.7162	0	0.0	0	5	0	0.0	0	0.6	0	0.0	0	-1.9208187539523751	0	0.0	0	1	0	0.0	0		1		1		1		1
GRHPR	PF00389	0	3.7191e-09	0	1.85952772e-09	0	1.313	0	0.07899999999999996	0	0.86189	0	-0.17745499999999992	0	3	0	0.0	0	0.6	0	0.19999999999999996	0	2.0170375151871838	0	-0.04508792368653536	0		1		1		1		1	0	0	0.0	0
GRIA2	PF01094	0	1.0	0	0.3938203744444444	0	0.15	0	-0.2914444444444444	0	5.4873	0	1.9899370000000003	0	17	0	-1.6999999999999993	0	0.8	0	0.1200000000000001	0	-0.20273245916928356	0	0.7313507564262236	0	4	0	-8.666666666666666	0		1		1		1		1
GRIA3	PF01094	0		1		1		1		1		1		1	17	0	-1.6999999999999993	0	0.6	0	-0.07999999999999996	0	-0.12205304837081175	0	0.8120301672246955	0	14	0	1.333333333333334	0		1		1	0	0	0.0	0
GRID2	PF01094	0	0.99997	0	0.3937903744444444	0	0.332	0	-0.1094444444444444	0	1.1151	0	-2.382263	0	17	0	-1.6999999999999993	0	0.7	0	0.020000000000000018	0	-1.7695510786217261	0	-0.8354678630262189	0		1		1		1		1		1		1
GRIK2	PF01094	0	0.98699	0	0.38081037444444443	0	0.477	0	0.03555555555555556	0	2.1566	0	-1.340763	0	34	0	15.3	0	0.7	0	0.020000000000000018	0	-1.0506099933550872	0	-0.11652677775957998	0		1		1		1		1	0	0	0.0	0
GRIN1	PF01094	0	0.018437	0	-0.5877426255555556	0	0.574	0	0.13255555555555554	0	6.6523	0	3.1549370000000003	0	17	0	-1.6999999999999993	0	0.8	0	0.1200000000000001	0	-0.1567672219019906	0	0.7773159936935166	0	15	0	2.333333333333334	0		1		1		1		1
GRIN2A	PF01094	0	1.0	0	0.3938203744444444	0	0.268	0	-0.1734444444444444	0	3.7232	0	0.22583699999999984	0	17	0	-1.6999999999999993	0	0.8	0	0.1200000000000001	0	-1.0132282657337552	0	-0.07914505013824802	0	33	0	20.333333333333336	0	3	0	0.0	0	0	0	0.0	0
GRIN2B	PF01094	0	1.0	0	0.3938203744444444	0	0.102	0	-0.33944444444444444	0	7.3414	0	3.844037	0	17	0	-1.6999999999999993	0	0.8	0	0.1200000000000001	0	-0.9746941347352298	0	-0.04061091913972259	0	1	0	-11.666666666666666	0	3	0	0.0	0	0	0	0.0	0
GRIN2D	PF01094	0	0.00072963	0	-0.6054499955555556	0	0.642	0	0.2005555555555556	0	0.38163	0	-3.115733	0	17	0	-1.6999999999999993	0	0.6	0	-0.07999999999999996	0	-1.7958800173440752	0	-0.861796801748568	0		1		1		1		1		1		1
GRIP1		0	0.99999	0		1	0.415	0		1	2.5208	0		1	24	0		1	0.6	0		1	-0.585026652029182	0		1	8	0		1		1		1	0	0		1
GRK1		0	4.0395e-05	0		1	1.103	0		1	0.23145	0		1	7	0		1	0.8	0		1	-1.2006594505464183	0		1		1		1		1		1		1		1
GRM1	PF00003	0	0.99997	0	0.5264199999999901	0	0.417	0	-0.2938	0	3.65	0	1.4351599999999998	0	7	0	2.2	0	0.6	0	-0.12	0	-1.3872161432802645	0	-0.046340216137981116	0		1		1		1		1		1		1
GRM6	PF00003	0	3.523e-25	0	-0.47355000000000985	0	1.229	0	0.5182000000000001	0	-1.0445	0	-3.25934	0	7	0	2.2	0	0.8	0	0.08000000000000007	0	-1.4436974992327127	0	-0.1028215720904293	0		1		1		1		1	0	0	0.0	0
GRM7	PF00003	0	0.36781	0	-0.10574000000000983	0	0.549	0	-0.16179999999999994	0	2.3195	0	0.10465999999999998	0	7	0	2.2	0	0.6	0	-0.12	0	-1.193820026016113	0	0.1470559011261705	0	1	0	-0.5	0		1		1		1		1
GRN	PF00396	1	0.042667	0	0.0	0	0.59	0	0.0	0	1.301	0	0.0	0	0	0	0.0	0	0.2	0	0.0	0	1.5575192320570943	0	0.0	0	53	0	0.0	0		1		1		1		1
GRXCR1	PF00462	0	9.1796e-09	0	-0.0001918154102	0	1.377	0	-0.18200000000000016	0	-0.20941	0	0.8160949999999999	0	2	0	0.5	0	0.8	0	0.30000000000000004	0	-2.3010299956639813	0	-2.01306634773612	0	7	0	3.0	0		1		1	0	0	0.0	0
GSDME		0	1.3548e-13	0		1	1.142	0		1	-0.38884	0		1	0	0		1	0.2	0		1	0.3637999454791093	0		1		1		1		1		1		1		1
GSR	PF07992	0	4.4851e-07	0	-9.819065999999999e-05	0	1.182	0	0.17666666666666653	0	-0.71105	0	-1.3252000000000002	0	7	0	0.0	0	0.2	0	-0.1333333333333333	0	1.9969536220330966	0	0.6787340639664718	0		1		1		1		1		1		1
GSS	PF03917	1	1.795e-06	0	0.0	0	0.819	0	0.0	0	1.8313	0	0.0	0	0	0	0.0	0	0.2	0	0.0	0	1.7951915494741228	0	0.0	0		1		1		1		1		1		1
GTF2E2	PF18121	1	0.39887	0	0.0	0	1.107	0	0.0	0	0.23657	0	0.0	0	0	0	0.0	0	0.2	0	0.0	0	0.87046243158892	0	0.0	0	59	0	0.0	0		1		1		1		1
GTF2H5	PF06331	1	0.013389	0	0.0	0	1.727	0	0.0	0	0.12883	0	0.0	0	0	0	0.0	0	0.2	0	0.0	0	-0.42712839779951983	0	0.0	0	6	0	0.0	0		1		1	0	0	0.0	0
GTPBP2		0	0.00018916	0		1	0.692	0		1	4.0842	0		1	18	0		1	0.2	0		1	1.4183178671286787	0		1	19	0		1		1		1		1		1
GTPBP3	PF01926	1	9.9816e-11	0	0.0	0	1.112	0	0.0	0	-0.11545	0	0.0	0	1	0	0.0	0	0.2	0	0.0	0	0.5225746326911768	0	0.0	0	9	0	0.0	0		1		1		1		1
GUCA1A	PF00036	0	0.00042868	0	-0.30991421336099234	0	1.071	0	0.07999999999999996	0	0.23167	0	-0.38243333333333335	0	14	0	-10.666666666666668	0	0.8	0	-1.1102230246251565e-16	0	-1.7695510786217261	0	-1.114874468111846	0		1		1		1		1		1		1
GUCY1A1	PF00211	0	7.7843e-08	0	3.18305e-08	0	0.959	0	-0.07950000000000002	0	0.9377	0	-0.33225000000000016	0	17	0	0.0	0	0.2	0	-0.3	0	0.8555797225017179	0	1.3397442317230184	0		1		1		1		1		1		1
GUCY2C	PF00211	0	1.4182e-08	0	-3.18305e-08	0	1.118	0	0.07950000000000013	0	1.6022	0	0.33224999999999993	0	17	0	0.0	0	0.8	0	0.30000000000000004	0	-1.8239087409443189	0	-1.3397442317230184	0	1	0	0.0	0	0	0	0.0	0	0	0	0.0	0
GUCY2D	PF01094	0	1.1666e-16	0	-0.6061796255555555	0	0.911	0	0.4695555555555556	0	0.020837	0	-3.476526	0	17	0	-1.6999999999999993	0	0.8	0	0.1200000000000001	0	-0.9956786262173574	0	-0.061595410621850144	0	9	0	-3.666666666666666	0		1		1		1		1
GUSB	PF00703	1	3.6596e-11	0	0.0	0	0.871	0	0.0	0	1.451	0	0.0	0	1	0	0.0	0	0.2	0	0.0	0	0.9395691686559016	0	0.0	0	11	0	0.0	0		1		1	0	0	0.0	0
GYG1	PF01501	1	2.2675e-13	0	0.0	0	1.384	0	0.0	0	-0.055641	0	0.0	0	1	0	0.0	0	0.6	0	0.0	0	1.1399105558756826	0	0.0	0	6	0	0.0	0		1		1		1		1
GYS2	PF05693	1	1.4812e-19	0	0.0	0	1.277	0	0.0	0	0.010222	0	0.0	0	1	0	0.0	0	0.8	0	0.0	0	-0.4907974776688971	0	0.0	0		1		1		1		1	0	0	0.0	0
GZF1		0	2.2277e-07	0		1	0.87	0		1	1.5571	0		1	51	0		1	0.2	0		1	-0.7351821769904635	0		1	56	0		1		1		1		1		1
H1-4		0	0.00020093	0		1	1.849	0		1	-7.367	0		1	9	0		1	0.8	0		1	2.7118080723306286	0		1		1		1	0	0		1	0	0		1
HACD1		0	1.4191e-15	0		1	1.853	0		1	-1.4258	0		1	3	0		1	0.6	0		1	-0.5391021572434522	0		1		1		1		1		1		1		1
HACE1	PF12796	0	9.83e-05	0	-0.46240053109821005	0	0.98	0	0.27249999999999996	0	2.4336	0	1.0742410000000002	0	24	0	18.454545454545453	0	0.6	0	0.10909090909090913	0	-0.8794260687941501	0	-0.1272373849253735	0	1	0	-11.090909090909092	0		1		1		1		1
HADH	PF00725	0	0.0050647	0	0.00187785	0	1.09	0	0.1645000000000001	0	1.0824	0	-0.2338	0	3	0	0.0	0	0.2	0	-0.2	0	2.421605571921571	0	-0.04580668016799372	0		1		1		1		1		1		1
HADHA	PF00725	0	0.001309	0	-0.0018778500000000001	0	0.761	0	-0.16449999999999998	0	1.55	0	0.2338	0	3	0	0.0	0	0.6	0	0.19999999999999996	0	2.513218932257558	0	0.045806680167993274	0	35	0	0.0	0		1		1		1		1
HADHB	PF02803	0	0.00010599	0	-0.00010628499999999999	0	1.145	0	0.1735	0	0.83177	0	-0.116815	0	4	0	-1.0	0	0.6	0	0.0	0	2.330415802757916	0	0.1150209054362139	0	25	0	12.0	0		1		1		1		1
HAMP	PF06446	1	0.014111	0	0.0	0	1.464	0	0.0	0	0.30782	0	0.0	0	0	0	0.0	0	0.8	0	0.0	0	0.5866998016240491	0	0.0	0		1		1		1		1		1		1
HARS2	PF03129	1	8.3014e-08	0	0.0	0	0.865	0	0.0	0	0.93537	0	0.0	0	2	0	0.0	0	0.2	0	0.0	0	0.8893577368889315	0	0.0	0	33	0	0.0	0		1		1		1		1
HAX1		0	3.5322e-06	0		1	1.132	0		1	0.35869	0		1	0	0		1	0.2	0		1	0.8663464227496017	0		1	48	0		1		1		1		1		1
HCFC1	PF13854	1		1		1		1		1		1		1	10	0	0.0	0	0.2	0	0.0	0	1.1430460433375877	0	0.0	0	17	0	0.0	0		1		1		1		1
HCN4	PF00027	0	0.14903	0	-0.1897395	0	0.571	0	-0.0635	0	1.2903	0	-0.8098849999999997	0	17	0	2.166666666666666	0	0.7	0	0.08333333333333337	0	-1.7958800173440752	0	-0.7313910550844516	0	4	0	-3.333333333333333	0		1		1		1		1
HDAC4	PF12203	1	1.0	0	0.0	0	0.192	0	0.0	0	3.7634	0	0.0	0	10	0	0.0	0	0.6	0	0.0	0	1.2764847821093837	0	0.0	0	6	0	0.0	0		1		1	0	0	0.0	0
HDAC8	PF00850	1		1		1		1		1		1		1	10	0	0.0	0	0.2	0	0.0	0	-0.36653154442041347	0	0.0	0		1		1	3	0	0.0	0	0	0	0.0	0
HERC1	PF00632	0	1.0	0	0.33333333331171866	0	0.33	0	-0.05333333333333329	0	5.2959	0	0.6911999999999994	0	9	0	-10.0	0	0.2	0	-2.7755575615628914e-17	0	-0.4621809049267259	0	-0.32032278374929035	0	50	0	20.0	0		1		1		1		1
HERC2	PF03256	1	1.0	0	0.0	0	0.243	0	0.0	0	7.8352	0	0.0	0	24	0	0.0	0	0.2	0	0.0	0	-0.27818938478745336	0	0.0	0	51	0	0.0	0		1		1		1		1
HESX1	PF00046	0	0.12422	0	-0.3380419307913947	0	0.84	0	0.013781249999999967	0	0.27803	0	0.1427303125	0	50	0	17.352941176470587	0	0.2	0	-0.45588235294117646	0	-2.6989700043360187	0	-1.5308383385094093	0	2	0	-4.0	0		1		1		1		1
HEXA	PF00728	0	5.5652e-11	0	-1.3954221739999998e-06	0	0.947	0	-0.07399999999999995	0	0.45674	0	0.30451	0	1	0	0.0	0	0.2	0	0.0	0	1.0899404184986348	0	-0.14694644658199585	0	5	0	0.0	0		1		1		1		1
HEXB	PF00728	0	2.7909e-06	0	1.395422174e-06	0	1.095	0	0.07400000000000007	0	-0.15228	0	-0.30450999999999995	0	1	0	0.0	0	0.2	0	0.0	0	1.3838333116626265	0	0.14694644658199585	0	5	0	0.0	0		1		1		1		1
HFE	PF07654	1	1.0122e-09	0	0.0	0	1.037	0	0.0	0	1.3712	0	0.0	0	22	0	0.0	0	0.2	0	0.0	0	-0.9393021596463883	0	0.0	0	85	0	0.0	0		1		1	0	0	0.0	0
HGD	PF04209	1	7.0216e-14	0	0.0	0	1.199	0	0.0	0	0.54375	0	0.0	0	0	0	0.0	0	0.7	0	0.0	0	0.5316066319327221	0	0.0	0		1		1		1		1		1		1
HGSNAT		0	3.2548e-10	0		1	1.0	0		1	0.84568	0		1	0	0		1	0.2	0		1	-1.2924298239020635	0		1	4	0		1		1		1		1		1
HIBCH	PF16113	1	9.9569e-05	0	0.0	0	1.083	0	0.0	0	0.29738	0	0.0	0	13	0	0.0	0	0.2	0	0.0	0	1.6354937998115655	0	0.0	0	21	0	0.0	0		1		1		1		1
HIKESHI	PF21057	1	0.15783	0	0.0	0	0.92	0	0.0	0	1.0325	0	0.0	0	0	0	0.0	0	0.2	0	0.0	0	1.322239974931152	0	0.0	0		1		1		1		1		1		1
HINT1	PF01230	1	1.9819e-05	0	0.0	0	1.778	0	0.0	0	0.50384	0	0.0	0	2	0	0.0	0	0.2	0	0.0	0	2.654177504835833	0	0.0	0	8	0	0.0	0		1		1		1		1
HIVEP2	PF00096	0	1.0	0	0.19458064285714283	0	0.114	0	-0.3300714285714286	0	3.8277	0	1.8791135714285716	0	14	0	-0.40000000000000036	0	0.2	0	-0.2866666666666666	0	-0.9956786262173574	0	-0.317124770451495	0	9	0	-3.416666666666666	0	3	0	0.6666666666666665	0	0	0	0.0	0
HJV	PF06534	1	3.3196e-07	0	0.0	0	1.148	0	0.0	0	0.30504	0	0.0	0	2	0	0.0	0	0.7	0	0.0	0	-1.4202164033831899	0	0.0	0		1		1		1		1		1		1
HLCS		0	1.2982e-11	0		1	0.883	0		1	1.4537	0		1	0	0		1	0.2	0		1	-0.24949160514865373	0		1	6	0		1		1		1	0	0		1
HMBS	PF01379	1	0.81406	0	0.0	0	0.546	0	0.0	0	1.3249	0	0.0	0	0	0	0.0	0	0.8	0	0.0	0	1.2095418220166003	0	0.0	0	1	0	0.0	0	3	0	0.0	0	0	0	0.0	0
HMGA2		0	0.034515	0		1	1.688	0		1	-0.17393	0		1	0	0		1	0.6	0		1	1.0644954267927278	0		1	19	0		1		1		1		1		1
HMGCL	PF00682	1	3.4786e-06	0	0.0	0	1.032	0	0.0	0	0.33567	0	0.0	0	1	0	0.0	0	0.6	0	0.0	0	1.6483697702978364	0	0.0	0	11	0	0.0	0		1		1		1		1
HMGCS2	PF08540	1	7.3447e-15	0	0.0	0	1.111	0	0.0	0	0.53633	0	0.0	0	1	0	0.0	0	0.8	0	0.0	0	1.1959273135972246	0	0.0	0	3	0	0.0	0		1		1		1		1
HMX1	PF00046	0	0.0021009	0	-0.4601610307913947	0	1.957	0	1.13078125	0	-5.0309	0	-5.1661996875	0	3	0	-29.647058823529413	0	0.7	0	0.044117647058823484	0	-1.193820026016113	0	-0.02568836018950349	0		1		1		1		1		1		1
HNF1B	PF04814	1	1.0	0	0.0	0	0.239	0	0.0	0	2.0791	0	0.0	0	1	0	0.0	0	0.6	0	0.0	0	-1.3010299956639813	0	0.0	0	1	0	0.0	0	3	0	0.0	0	0	0	0.0	0
HNF4A	PF00104	0	0.99921	0	0.2478966666666661	0	0.439	0	-0.016166666666666663	0	2.7153	0	0.007979166666666426	0	11	0	0.5384615384615383	0	0.7	0	0.11538461538461542	0	-0.6777807052660807	0	0.33697707010849154	0	1	0	-12.25	0	3	0	0.75	0	0	0	0.0	0
HNMT	PF13489	1	2.6291e-05	0	0.0	0	1.571	0	0.0	0	0.8837	0	0.0	0	0	0	0.0	0	0.6	0	0.0	0	0.9886035433456639	0	0.0	0		1		1		1		1		1		1
HNRNPH1	PF00076	0	1.0	0	0.3321067000000001	0	0.111	0	-0.3413333333333333	0	4.8461	0	1.8434279999999998	0	8	0	-2.833333333333334	0	0.2	0	2.7755575615628914e-17	0	2.480008381015968	0	1.0822322122381605	0	5	0	-25.5	0		1		1		1		1
HNRNPK	PF00013	0	0.99995	0	0.49990107500000003	0	0.242	0	-0.199	0	3.3022	0	1.507055	0	12	0	6.0	0	0.2	0	0.0	0	2.871573519274629	0	0.8033660469727404	0	13	0	-2.0	0	3	0	0.0	0	0	0	0.0	0
HNRNPR	PF18360	1	1.0	0	0.0	0	0.129	0	0.0	0	4.0518	0	0.0	0	24	0	0.0	0	0.2	0	0.0	0	2.0211934351881653	0	0.0	0	16	0	0.0	0		1		1		1		1
HNRNPU	PF13671	0	1.0	0	0.5	0	0.111	0	-0.708	0	3.5117	0	3.1519	0	2	0	1.0	0	0.2	0	0.0	0	2.615951103215617	0	0.9822880796512867	0	80	0	35.0	0	3	0	0.0	0	0	0	0.0	0
HOGA1	PF00701	1	2.6411e-09	0	0.0	0	1.131	0	0.0	0	0.69147	0	0.0	0	1	0	0.0	0	0.6	0	0.0	0	-0.3535962737769304	0	0.0	0	1	0	0.0	0		1		1		1		1
HOXA1		0	9.1851e-06	0		1	1.012	0		1	0.31438	0		1	42	0		1	0.6	0		1	-1.0087739243075051	0		1	2	0		1		1		1		1		1
HOXA13	PF00046	0	0.98285	0	0.5205880692086053	0	0.482	0	-0.34421875	0	-1.1312	0	-1.2664996875	0	42	0	9.352941176470587	0	0.6	0	-0.055882352941176494	0	-1.744727494896694	0	-0.5765958290700846	0		1		1		1		1		1		1
HOXB1	PF00046	0	0.053644	0	-0.40861793079139475	0	0.749	0	-0.07721875	0	0.78223	0	0.6469303125	0	42	0	9.352941176470587	0	0.0	0	-0.6558823529411765	0	-1.3010299956639813	0	-0.13289832983737182	0	2	0	-4.0	0		1		1		1		1
HOXC13		0	0.059928	0		1	0.828	0		1	-0.70986	0		1	42	0		1	0.8	0		1	-1.6989700043360187	0		1		1		1		1		1		1		1
HPCA	PF00036	0	0.9306	0	0.6202571066390077	0	0.557	0	-0.43399999999999994	0	2.2639	0	1.6497966666666666	0	40	0	15.333333333333332	0	0.8	0	-1.1102230246251565e-16	0	1.328399992372424	0	1.9830766028823037	0	15	0	6.5	0		1		1		1		1
HPD	PF00903	1	8.9816e-08	0	0.0	0	0.845	0	0.0	0	1.5213	0	0.0	0	1	0	0.0	0	0.8	0	0.0	0	0.6703386411274421	0	0.0	0	2	0	0.0	0		1		1		1		1
HPDL		0	0.010682	0		1	1.183	0		1	-1.2188	0		1	1	0		1	0.6	0		1	-0.054531414868180264	0		1		1		1		1		1		1		1
HPGD	PF00106	0	0.0014881	0	0.00012536027858049996	0	1.28	0	0.07962500000000006	0	-0.39232	0	0.10467625000000003	0	0	0	-18.25	0	0.6	0	0.050000000000000044	0	0.3600250891893975	0	-0.2647481436429681	0	1	0	-6.25	0		1		1	0	0	0.0	0
HPRT1	PF00156	0		1		1		1		1		1		1	6	0	3.0	0	0.2	0	0.0	0	2.3384584857765582	0	0.09308354149621323	0	2	0	0.5	0	3	0	0.0	0	0	0	0.0	0
HPS1	PF19036	1	7.6455e-13	0	0.0	0	0.879	0	0.0	0	0.48509	0	0.0	0	0	0	0.0	0	0.2	0	0.0	0	-1.0604807473813815	0	0.0	0	5	0	0.0	0		1		1		1		1
HPS3		0	6.5498e-07	0		1	0.684	0		1	0.4309	0		1	0	0		1	0.2	0		1	-0.5702477199975919	0		1	5	0		1		1		1		1		1
HPS4		0	3.9733e-08	0		1	0.794	0		1	0.58186	0		1	0	0		1	0.2	0		1	-1.0861861476162833	0		1		1		1		1		1		1		1
HPS5	PF23756	0	7.0936e-15	0	-1.069899964532e-07	0	0.797	0	0.09500000000000008	0	1.1841	0	-0.57715	0	1	0	0.0	0	0.6	0	0.19999999999999996	0	-0.6556077263148893	0	0.12374113033852707	0	11	0	2.0	0		1		1		1		1
HPS6	PF15702	1	5.7889e-15	0	0.0	0	1.146	0	0.0	0	-0.9146	0	0.0	0	0	0	0.0	0	0.2	0	0.0	0	0.025715383901340642	0	0.0	0	3	0	0.0	0		1		1		1		1
HPSE2	PF03662	1	5.9825e-07	0	0.0	0	0.837	0	0.0	0	0.61691	0	0.0	0	1	0	0.0	0	0.6	0	0.0	0	-1.154901959985743	0	0.0	0	20	0	0.0	0		1		1	0	0	0.0	0
HR	PF02373	0	2.713e-19	0	-0.6666666666666666	0	0.848	0	0.37133333333333335	0	0.15368	0	-1.4944133333333334	0	3	0	-1.25	0	0.6	0	0.3	0	-1.1426675035687315	0	-0.5074766948868676	0		1		1		1		1		1		1
HRAS	PF00071	0	0.017283	0	-0.55378221175	0	0.893	0	0.18775000000000008	0	1.4595	0	-0.23650308333333325	0	35	0	-19.46153846153846	0	0.6	0	0.2769230769230768	0	1.4885648167417371	0	0.29644038852380605	0	26	0	14.416666666666666	0	0	0	-0.75	0	0	0	0.0	0
HS2ST1	PF03567	0	0.22814	0	0.1118606	0	0.683	0	-0.11699999999999999	0	1.6723	0	0.6289099999999999	0	1	0	-2.5	0	0.2	0	0.0	0	0.48727981644306884	0	0.48307086636951624	0	17	0	4.5	0		1		1		1		1
HSD11B1	PF00106	0	0.002221	0	0.0008582602785804998	0	0.975	0	-0.225375	0	1.7275	0	2.22449625	0	13	0	-5.25	0	0.8	0	0.2500000000000001	0	0.2789821168654431	0	-0.3457911159669225	0	3	0	-4.25	0		1		1		1		1
HSD17B4	PF00106	0	0.0060678	0	0.0047050602785804994	0	0.854	0	-0.346375	0	-0.65734	0	-0.16034375	0	25	0	6.75	0	0.6	0	0.050000000000000044	0	1.9947613402585196	0	1.369988107426154	0	5	0	-2.25	0		1		1	0	0	0.0	0
HSD3B7	PF01073	0	5.6859e-14	0	0.0	0	1.411	0	0.0	0	1.2739	0	0.0	0	10	0	0.0	0	0.8	0	0.30000000000000004	0	-0.6439741428068773	0	-0.9861870675896506	0		1		1		1		1	0	0	0.0	0
HSPD1	PF00118	0	1.0	0	0.799296066520096	0	0.185	0	-0.7464	0	2.9068	0	1.102412	0	13	0	2.5999999999999996	0	0.6	0	0.24	0	3.3406425757781326	0	3.7830477177423694	0	87	0	66.8	0		1		1		1		1
HSPG2	PF00008	0	1.3604e-38	0	-1.1003023544548484e-06	0	0.603	0	-0.3117777777777778	0	3.4262	0	3.1647411111111112	0	27	0	14.0	0	0.6	0	-0.06666666666666654	0	1.7427329846601274	0	0.9921554718808734	0	4	0	-18.0	0		1		1	0	0	0.0	0
HYAL1		0	0.00051904	0		1	0.875	0		1	1.6932	0		1	4	0		1	0.6	0		1	-0.22329881601158919	0		1	2	0		1		1		1		1		1
HYCC1	PF09790	0		1		1		1		1		1		1	1	0	0.0	0	0.2	0	0.0	0		1		1		1		1		1		1		1		1
HYDIN	PF17213	1	4.5235e-08	0	0.0	0	0.555	0	0.0	0	4.6346	0	0.0	0	2	0	0.0	0	0.6	0	0.0	0	-1.585026652029182	0	0.0	0		1		1		1		1		1		1
IARS1	PF08264	1	9.6429e-18	0	0.0	0	0.911	0	0.0	0	1.005	0	0.0	0	7	0	0.0	0	0.2	0	0.0	0	1.7619353521008936	0	0.0	0		1		1		1		1		1		1
IBA57	PF25455	1	6.8333e-09	0	0.0	0	1.8	0	0.0	0	-2.9528	0	0.0	0	0	0	0.0	0	0.2	0	0.0	0	0.9355576450930139	0	0.0	0	12	0	0.0	0		1		1		1		1
ICOS	PF15910	1	0.0032393	0	0.0	0	1.273	0	0.0	0	0.85099	0	0.0	0	0	0	0.0	0	0.7	0	0.0	0	-0.9172146296835499	0	0.0	0	3	0	0.0	0		1		1		1		1
IDH3A	PF00180	0	0.0013571	0	0.000678549991632	0	1.09	0	0.02650000000000019	0	1.6941	0	0.16715000000000013	0	2	0	0.0	0	0.6	0	0.19999999999999996	0	2.363613859950767	0	0.23271594301961285	0	2	0	-3.0	0		1		1		1		1
IDH3B	PF00180	0	1.6736e-11	0	-0.000678549991632	0	1.037	0	-0.026499999999999968	0	1.3598	0	-0.1671499999999999	0	2	0	0.0	0	0.2	0	-0.2	0	1.8981819739115413	0	-0.23271594301961285	0	8	0	3.0	0		1		1		1		1
IDS	PF00884	0		1		1		1		1		1		1	16	0	-0.5	0	0.8	0	0.3666666666666667	0	1.2430628648048065	0	0.698411747667621	0	29	0	3.1999999999999993	0	3	0	0.0	0	0	0	0.0	0
IDUA	PF01229	1	4.8166e-24	0	0.0	0	1.344	0	0.0	0	-3.2406	0	0.0	0	0	0	0.0	0	0.2	0	0.0	0	-0.07779372256098363	0	0.0	0	6	0	0.0	0		1		1		1		1
IFIH1	PF16739	1	4.5803e-34	0	0.0	0	1.406	0	0.0	0	-0.4273	0	0.0	0	2	0	0.0	0	0.6	0	0.0	0	0.5133507988059569	0	0.0	0		1		1		1		1		1		1
IFNGR2	PF09294	1	0.44859	0	0.0	0	0.61	0	0.0	0	1.0428	0	0.0	0	11	0	0.0	0	0.2	0	0.0	0	-2.5228787452803374	0	0.0	0	19	0	0.0	0		1		1		1		1
IFT122	PF23381	1	9.3639e-23	0	0.0	0	0.811	0	0.0	0	1.7667	0	0.0	0	0	0	0.0	0	0.6	0	0.0	0	-0.5559552040819237	0	0.0	0	16	0	0.0	0		1		1		1		1
IFT140	PF23383	1	8.6859e-35	0	0.0	0	0.972	0	0.0	0	-0.37778	0	0.0	0	1	0	0.0	0	0.2	0	0.0	0	-0.7258421507363202	0	0.0	0	13	0	0.0	0		1		1		1		1
IFT172	PF24762	1	1.2319e-29	0	0.0	0	0.745	0	0.0	0	2.704	0	0.0	0	1	0	0.0	0	0.2	0	0.0	0	-0.9030899869919435	0	0.0	0	19	0	0.0	0		1		1		1		1
IFT38		0		1		1		1		1		1		1	0	0		1		1		1		1		1		1		1		1		1		1		1
IFT52	PF23352	1	1.2455e-07	0	0.0	0	1.116	0	0.0	0	1.122	0	0.0	0	0	0	0.0	0	0.2	0	0.0	0	-0.8096683018297085	0	0.0	0	19	0	0.0	0		1		1		1		1
IFT74		0	5.5812e-09	0		1	1.508	0		1	-0.86921	0		1	0	0		1	0.2	0		1	-0.22257317761068865	0		1	31	0		1		1		1		1		1
IGF1	PF00049	1	0.75933	0	0.0	0	0.675	0	0.0	0	2.1757	0	0.0	0	2	0	0.0	0	0.2	0	0.0	0	3.3230459418953795	0	0.0	0	1	0	0.0	0		1		1		1		1
IGF1R	PF00757	0	1.0	0	0.5043341374999999	0	0.393	0	-0.13674999999999993	0	4.6593	0	0.5343	0	53	0	0.0	0	0.2	0	-0.09999999999999998	0	-0.30627305107635305	0	-0.26913448622925695	0	6	0	-6.25	0	3	0	1.5	0	0	0	0.0	0
IGF2	PF08365	1	0.96	0	0.0	0	0.496	0	0.0	0	1.269	0	0.0	0	2	0	0.0	0	0.8	0	0.0	0	2.8438560448211136	0	0.0	0	15	0	0.0	0	0	0	0.0	0	0	0	0.0	0
IGFBP7	PF07679	0	2.2034e-09	0	-0.8187149981638334	0	1.812	0	1.2381666666666666	0	-1.6341	0	-4.4838000000000005	0	2	0	-37.833333333333336	0	0.6	0	0.06666666666666665	0	1.9929995119707231	0	1.7942940571121933	0		1		1		1		1		1		1
IGHMBP2	PF13086	1	1.1887e-22	0	0.0	0	1.019	0	0.0	0	1.2105	0	0.0	0	10	0	0.0	0	0.2	0	0.0	0	-0.3990271043132517	0	0.0	0	10	0	0.0	0		1		1	0	0	0.0	0
IGSF1	PF13895	0		1		1		1		1		1		1	25	0	12.0	0	0.8	0	0.13333333333333341	0	-0.7375489102695706	0	-0.5814621070961724	0		1		1		1		1		1		1
IKBKG	PF16516	1		1		1		1		1		1		1	1	0	0.0	0	0.2	0	0.0	0	1.0294243640580163	0	0.0	0	29	0	0.0	0	3	0	0.0	0	0	0	0.0	0
IL10RA	PF01108	1	0.00019555	0	0.0	0	0.899	0	0.0	0	1.4243	0	0.0	0	11	0	0.0	0	0.6	0	0.0	0	-1.7958800173440752	0	0.0	0		1		1		1		1	0	0	0.0	0
IL11RA		0	9.5084e-15	0		1	1.078	0		1	1.0414	0		1	23	0		1	0.6	0		1	-1.5228787452803376	0		1		1		1		1		1		1		1
IL17RA	PF16556	1	5.4993e-09	0	0.0	0	0.897	0	0.0	0	-1.468	0	0.0	0	4	0	0.0	0	0.6	0	0.0	0	-0.8761483590329142	0	0.0	0	33	0	0.0	0		1		1		1		1
IL1RAPL1		0		1		1		1		1		1		1	10	0		1	0.8	0		1	-1.6197887582883939	0		1		1		1	3	0		1	0	0		1
IL21	PF02372	1	0.98557	0	0.0	0	0.45	0	0.0	0	1.6323	0	0.0	0	0	0	0.0	0	0.8	0	0.0	0	-1.4814860601221125	0	0.0	0		1		1		1		1		1		1
IL2RA	PF00084	0	5.2506e-06	0	3.131984356666667e-06	0	0.906	0	-0.04699999999999993	0	0.90473	0	-0.42145333333333346	0	0	0	-26.0	0	0.6	0	0.06666666666666665	0	-0.826813731587726	0	-2.0230978503515304	0	43	0	20.666666666666668	0		1		1		1		1
IL36RN	PF00340	1	0.00058353	0	0.0	0	1.311	0	0.0	0	0.25165	0	0.0	0	7	0	0.0	0	0.6	0	0.0	0	-0.595166283380062	0	0.0	0		1		1		1		1		1		1
IL6R	PF00047	0	6.9066e-08	0	-0.7284499482004999	0	0.965	0	0.4165	0	1.357	0	-1.345375	0	23	0	-22.5	0	0.6	0	0.10000000000000003	0	-0.30803489723263966	0	-0.47370817615879823	0	10	0	2.5	0		1		1		1		1
IL6ST	PF00041	0	0.99986	0	0.6998646792081293	0	0.372	0	-0.266	0	1.5179	0	-0.19203099999999984	0	23	0	-3.5	0	0.2	0	-0.39999999999999986	0	0.2674064187529041	0	0.8085365202726591	0	10	0	2.125	0		1		1		1		1
IL7R	PF00041	0	2.5305e-08	0	-0.2999952954868707	0	0.981	0	0.34299999999999997	0	-1.169	0	-2.8789309999999997	0	7	0	-19.5	0	0.6	0	1.1102230246251565e-16	0	-1.431798275933005	0	-0.8906681744132501	0	23	0	15.125	0		1		1		1		1
ILDR1	PF05624	1	1.1014e-16	0	0.0	0	1.103	0	0.0	0	0.06617	0	0.0	0	2	0	0.0	0	0.6	0	0.0	0	-1.1870866433571443	0	0.0	0	4	0	0.0	0		1		1		1		1
IMPDH1		0	9.0395e-08	0		1	0.763	0		1	1.944	0		1	3	0		1	0.6	0		1	1.0000434272768626	0		1	54	0		1		1		1		1		1
IMPG1	PF01390	0	3.7401e-20	0	-3.8693312995e-15	0	1.217	0	0.22199999999999998	0	-0.011703	0	-0.4804215	0	1	0	0.0	0	0.8	0	0.0	0	-0.6289321377282637	0	0.2157743048265589	0	2	0	0.0	0		1		1		1		1
IMPG2	PF01390	0	7.7387e-15	0	3.869331299499999e-15	0	0.773	0	-0.2220000000000001	0	0.94914	0	0.4804215	0	1	0	0.0	0	0.8	0	0.0	0	-1.0604807473813815	0	-0.2157743048265589	0		1		1		1		1		1		1
INPP5E	PF22669	0	1.1997e-11	0	0.0	0	1.179	0	0.0	0	-1.9305	0	0.0	0	19	0	3.0	0	0.2	0	0.0	0	-1.154901959985743	0	-0.6003080094633053	0	4	0	-7.0	0		1		1	0	0	0.0	0
INPPL1	PF24147	1	8.5695e-19	0	0.0	0	0.776	0	0.0	0	2.1314	0	0.0	0	13	0	0.0	0	0.2	0	0.0	0	0.569490954348783	0	0.0	0	46	0	0.0	0		1		1		1		1
INSR	PF00757	0	0.00015345	0	-0.49551241250000005	0	0.556	0	0.026250000000000107	0	5.4734	0	1.3483999999999998	0	53	0	0.0	0	0.2	0	-0.09999999999999998	0	-0.2984320149440726	0	-0.2612934500969765	0	25	0	12.75	0		1		1		1		1
INTS1	PF22927	1	2.0443e-30	0	0.0	0	0.785	0	0.0	0	-1.9354	0	0.0	0	0	0	0.0	0	0.2	0	0.0	0	0.05728564441821456	0	0.0	0	46	0	0.0	0		1		1		1		1
IPO13		0	1.0	0		1	0.324	0		1	4.7062	0		1	1	0		1	0.6	0		1	0.061075323629791727	0		1	24	0		1		1		1		1		1
IPO8		0	0.15221	0		1	0.575	0		1	2.2699	0		1	4	0		1	0.2	0		1	0.49844840317399963	0		1	23	0		1		1		1		1		1
IQCB1		0	2.277e-08	0		1	0.889	0		1	0.89199	0		1	0	0		1	0.2	0		1	-0.1493537648169335	0		1	39	0		1		1		1		1		1
IQSEC2	PF16453	1		1		1		1		1		1		1	15	0	0.0	0	0.6	0	0.0	0	-0.4190750243243807	0	0.0	0	7	0	0.0	0	3	0	0.0	0	0	0	0.0	0
IRF2BPL	PF11261	1	0.90987	0	0.0	0	0.544	0	0.0	0	-1.7558	0	0.0	0	5	0	0.0	0	0.2	0	0.0	0	0.7521253072978983	0	0.0	0	7	0	0.0	0		1		1	0	0	0.0	0
IRF6	PF00605	1	1.0	0	0.0	0	0.214	0	0.0	0	3.8977	0	0.0	0	8	0	0.0	0	0.6	0	0.0	0	0.38578495884333575	0	0.0	0		1		1	3	0	0.0	0	0	0	0.0	0
ITCH		0	1.0	0		1	0.343	0		1	4.361	0		1	24	0		1	0.2	0		1	0.2650537885040147	0		1	25	0		1		1		1		1		1
ITGA3		0	2.2512e-10	0		1	0.69	0		1	2.7063	0		1	17	0		1	0.2	0		1	0.7451528950769003	0		1	6	0		1		1		1	0	0		1
ITGA8	PF01839	1	1.2641e-12	0	0.0	0	0.801	0	0.0	0	-0.77047	0	0.0	0	17	0	0.0	0	0.8	0	0.0	0	-1.0604807473813815	0	0.0	0	49	0	0.0	0		1		1		1		1
ITGB2	PF23105	1	1.1008e-11	0	0.0	0	0.81	0	0.0	0	1.5984	0	0.0	0	8	0	0.0	0	0.6	0	0.0	0	1.2648414253291478	0	0.0	0	6	0	0.0	0		1		1		1		1
ITGB4	PF03160	1	8.4149e-40	0	0.0	0	0.86	0	0.0	0	2.189	0	0.0	0	8	0	0.0	0	0.6	0	0.0	0	0.7316693318286362	0	0.0	0	2	0	0.0	0		1		1		1		1
ITGB6	PF07974	0	2.9879e-21	0	-0.3333333333336667	0	1.196	0	0.46966666666666657	0	-0.078171	0	-2.1761806666666668	0	8	0	4.333333333333334	0	0.6	0	-0.033333333333333326	0	-0.16685288808721482	0	0.2946358690274864	0		1		1		1		1		1		1
ITK	PF00779	1	0.0012917	0	0.0	0	0.644	0	0.0	0	2.3278	0	0.0	0	32	0	0.0	0	0.8	0	0.0	0	-0.007004901568658489	0	0.0	0	7	0	0.0	0		1		1		1		1
ITPA	PF01725	1	3.3906e-09	0	0.0	0	1.159	0	0.0	0	0.5267	0	0.0	0	0	0	0.0	0	0.2	0	0.0	0	1.6541861713606032	0	0.0	0	17	0	0.0	0		1		1		1		1
ITPR1	PF08709	0	1.0	0	0.5	0	0.325	0	-0.15950000000000003	0	6.2207	0	1.1070000000000002	0	5	0	0.0	0	0.2	0	-0.24999999999999994	0	0.8965813275057327	0	0.8343473114460296	0	10	0	0.0	0		1		1	0	0	0.0	0
IVD	PF00441	0	7.3062e-06	0	2.4410488474483335e-06	0	0.776	0	-0.13283333333333336	0	1.648	0	0.7559716666666666	0	14	0	0.0	0	0.2	0	-0.2666666666666667	0	1.5910757426396818	0	0.18217581789866188	0	3	0	-3.0	0		1		1		1		1
IYD	PF00881	1	6.1423e-08	0	0.0	0	1.164	0	0.0	0	0.45956	0	0.0	0	0	0	0.0	0	0.8	0	0.0	0	-1.2291479883578558	0	0.0	0		1		1		1		1	0	0	0.0	0
JAG1	PF01414	0	1.0	0	0.0	0	0.211	0	0.0069999999999999785	0	5.2977	0	0.6981999999999999	0	5	0	0.0	0	0.2	0	0.0	0	-0.341035157335565	0	0.8523611666125552	0		1		1	3	0	0.0	0	0	0	0.0	0
JAG2		0	0.90572	0		1	0.495	0		1	1.7314	0		1	5	0		1	0.2	0		1	-0.8477116556169435	0		1	18	0		1		1		1		1		1
JAGN1	PF07086	1	0.0062585	0	0.0	0	1.062	0	0.0	0	-0.3257	0	0.0	0	0	0	0.0	0	0.2	0	0.0	0	0.8254910298794309	0	0.0	0	1	0	0.0	0		1		1		1		1
JAK1	PF18379	0	1.0	0	0.5	0	0.168	0	-0.38249999999999995	0	5.8688	0	2.0951	0	32	0	0.0	0	0.2	0	-0.2	0	0.230704313612569	0	-0.04689195984754363	0	34	0	0.0	0		1		1		1		1
JAK3	PF18379	0	1.5795e-23	0	-0.5	0	0.933	0	0.38250000000000006	0	1.6786	0	-2.0951000000000004	0	32	0	0.0	0	0.6	0	0.19999999999999996	0	0.3244882333076563	0	0.046891959847543685	0		1		1		1		1		1		1
JAM3	PF13927	1	7.8734e-07	0	0.0	0	1.003	0	0.0	0	-0.6781	0	0.0	0	14	0	0.0	0	0.2	0	0.0	0	1.5145610336340307	0	0.0	0	2	0	0.0	0		1		1	0	0	0.0	0
JARID2		0	1.0	0		1	0.202	0		1	3.2608	0		1	10	0		1	0.6	0		1	-0.6882461389442457	0		1	5	0		1		1		1	0	0		1
KANK2	PF00023	0	2.6403e-06	0	-0.27279062735369203	0	0.704	0	0.02654545454545454	0	0.62293	0	-1.7974134545454545	0	3	0	-1.4545454545454541	0	0.2	0	-0.22727272727272718	0	0.7194141597025934	0	1.4192618574074145	0	13	0	-22.125	0		1		1		1		1
KANSL1	PF15275	1	1.0	0	0.0	0	0.325	0	0.0	0	0.89624	0	0.0	0	1	0	0.0	0	0.2	0	0.0	0	-0.12147820449879346	0	0.0	0		1		1	3	0	0.0	0	0	0	0.0	0
KARS1	PF00152	0	8.5776e-09	0	-4.7517000000000005e-09	0	0.883	0	-0.18500000000000005	0	-0.47575	0	-0.30439	0	4	0	0.0	0	0.2	0	0.0	0	1.9777281767856494	0	0.6916125664827801	0		1		1		1		1	0	0	0.0	0
KAT6A		0	1.0	0		1	0.083	0		1	3.137	0		1	9	0		1	0.2	0		1	-0.6038006529042637	0		1		1		1	3	0		1	0	0		1
KAT6B		0	1.0	0		1	0.098	0		1	4.8917	0		1	9	0		1	0.2	0		1	-0.9136401693252518	0		1		1		1	3	0		1	0	0		1
KATNB1	PF13925	1	0.00010561	0	0.0	0	0.651	0	0.0	0	1.785	0	0.0	0	0	0	0.0	0	0.2	0	0.0	0	0.029789470831855614	0	0.0	0	11	0	0.0	0		1		1		1		1
KCNA1	PF02214	0	0.0001067	0	-0.4900645333333334	0	0.935	0	0.09999999999999998	0	3.8753	0	1.3146166666666663	0	31	0	3.0	0	0.8	0	0.050000000000000155	0	-1.2518119729937995	0	-0.32732249076801934	0		1		1		1		1		1		1
KCNA2	PF02214	0	0.93925	0	0.44907876666666663	0	0.537	0	-0.29800000000000004	0	5.1746	0	2.613916666666666	0	31	0	3.0	0	0.7	0	-0.04999999999999993	0	-0.563837352959244	0	0.3606521292665362	0	100	0	73.5	0		1		1	0	0	0.0	0
KCNB1	PF02214	0	1.0	0	0.5098287666666665	0	0.309	0	-0.526	0	5.403	0	2.8423166666666657	0	31	0	3.0	0	0.8	0	0.050000000000000155	0	-0.7033348097384688	0	0.22115467248731135	0		1		1	0	0	0.0	0	0	0	0.0	0
KCNC1	PF02214	0	0.99991	0	0.5097387666666666	0	0.363	0	-0.4720000000000001	0	5.1794	0	2.6187166666666664	0	31	0	3.0	0	0.8	0	0.050000000000000155	0	-1.2839966563652008	0	-0.35950717413942057	0	2	0	-24.5	0		1		1	0	0	0.0	0
KCNE2	PF02060	1	0.018093	0	0.0	0	1.636	0	0.0	0	0.65933	0	0.0	0	1	0	0.0	0	0.8	0	0.0	0	-2.5228787452803374	0	0.0	0		1		1		1		1		1		1
KCNH1	PF00027	0	0.81678	0	0.47801049999999995	0	0.526	0	-0.10849999999999993	0	5.079	0	2.978815	0	17	0	2.166666666666666	0	0.8	0	0.18333333333333346	0	-1.6197887582883939	0	-0.5552997960287702	0		1		1	0	0	-2.0	0	0	0	0.0	0
KCNH2	PF00027	0	0.066807	0	-0.2719625	0	0.568	0	-0.0665	0	2.4976	0	0.3974150000000001	0	17	0	2.166666666666666	0	0.6	0	-0.016666666666666607	0	-1.3098039199714864	0	-0.24531495771186274	0	7	0	-0.33333333333333304	0	3	0	1.0	0	0	0	0.0	0
KCNJ10	PF01007	0	0.46302	0	0.1881491	0	0.676	0	-0.14949999999999997	0	2.7127	0	0.2662499999999999	0	15	0	0.0	0	0.6	0	-0.025000000000000022	0	-1.214670164989233	0	0.18990309025867536	0	13	0	2.0	0		1		1		1		1
KCNJ11	PF01007	0	0.0015654	0	-0.2733055	0	1.074	0	0.24850000000000005	0	2.8591	0	0.4126500000000002	0	15	0	0.0	0	0.6	0	-0.025000000000000022	0	-1.3279021420642825	0	0.07667111318362596	0	8	0	-3.0	0		1		1		1		1
KCNJ13	PF01007	0	0.62675	0	0.35187910000000006	0	0.64	0	-0.1855	0	2.1909	0	-0.25554999999999994	0	15	0	0.0	0	0.7	0	0.07499999999999996	0	-1.5228787452803376	0	-0.11830549003242918	0		1		1		1		1		1		1
KCNJ5	PF01007	0	0.0081482	0	-0.2667227	0	0.912	0	0.08650000000000002	0	2.0231	0	-0.4233500000000001	0	15	0	0.0	0	0.6	0	-0.025000000000000022	0	-1.5528419686577808	0	-0.14826871340987235	0	12	0	1.0	0		1		1		1		1
KCNJ8		0	0.081962	0		1	0.725	0		1	4.3885	0		1	15	0		1	0.6	0		1	-1.958607314841775	0		1	29	0		1		1		1		1		1
KCNK4	PF07885	1	1.7607e-07	0	0.0	0	1.141	0	0.0	0	0.40018	0	0.0	0	14	0	0.0	0	0.8	0	0.0	0	-1.5086383061657274	0	0.0	0		1		1		1		1		1		1
KCNMA1	PF03493	1	1.0	0	0.0	0	0.331	0	0.0	0	6.5284	0	0.0	0	3	0	0.0	0	0.2	0	0.0	0	0.4015728456764459	0	0.0	0		1		1		1		1		1		1
KCNN3	PF02888	1	0.99999	0	0.0	0	0.379	0	0.0	0	4.6144	0	0.0	0	3	0	0.0	0	0.6	0	0.0	0	-0.10347378251044466	0	0.0	0		1		1		1		1		1		1
KCNQ1	PF00520	0	1.0954e-12	0	-0.5014009375271506	0	0.915	0	0.36243749999999997	0	0.91213	0	-3.0997976875	0	31	0	4.9375	0	0.6	0	0.006250000000000089	0	-1.6020599913279623	0	-0.15482467572274916	0	1	0	-12.75	0	3	0	0.0	0	0	0	0.0	0
KCNQ2	PF00520	0	1.0	0	0.498599062471754	0	0.295	0	-0.2575625000000001	0	3.7078	0	-0.30412768749999985	0	31	0	4.9375	0	0.8	0	0.20625000000000016	0	-1.0457574905606752	0	0.4014778250445379	0	1	0	-12.75	0	3	0	0.0	0	0	0	0.0	0
KCNQ4	PF00520	0	0.022475	0	-0.47892593752824597	0	0.602	0	0.04943749999999991	0	1.238	0	-2.7739276875	0	31	0	4.9375	0	0.6	0	0.006250000000000089	0	-1.275724130399211	0	0.17151118520600206	0		1		1		1		1		1		1
KCNQ5	PF00520	0	0.99994	0	0.49853906247175406	0	0.417	0	-0.13556250000000009	0	3.1393	0	-0.8726276875000001	0	31	0	4.9375	0	0.7	0	0.10625000000000007	0	-0.7351821769904635	0	0.7120531386147496	0	8	0	-5.75	0		1		1		1		1
KCNT1		0	1.7222e-12	0		1	0.682	0		1	2.1005	0		1	3	0		1	0.6	0		1	-1.853871964321762	0		1		1		1		1		1		1		1
KCNV2	PF02214	0	1.1007e-35	0	-0.4901712333333334	0	1.964	0	1.129	0	-5.8358	0	-8.396483333333334	0	31	0	3.0	0	0.8	0	0.050000000000000155	0	-1.2518119729937995	0	-0.32732249076801934	0	2	0	-24.5	0		1		1		1		1
KCTD7	PF02214	0	0.0017607	0	-0.4884105333333334	0	0.902	0	0.06699999999999995	0	1.5676	0	-0.9930833333333338	0	13	0	-15.0	0	0.6	0	-0.1499999999999999	0	-0.4921441283041691	0	0.4323453539216111	0	2	0	-24.5	0		1		1		1		1
KDELR2	PF00810	1	0.0025946	0	0.0	0	1.316	0	0.0	0	-1.106	0	0.0	0	2	0	0.0	0	0.2	0	0.0	0	0.828079590556746	0	0.0	0	10	0	0.0	0		1		1		1		1
KDM3B	PF22989	1	1.0	0	0.0	0	0.117	0	0.0	0	6.2276	0	0.0	0	3	0	0.0	0	0.2	0	0.0	0	0.5683190850951118	0	0.0	0	17	0	0.0	0		1		1		1		1
KDM4B	PF02373	0	1.0	0	0.33333333333333337	0	0.371	0	-0.10566666666666663	0	2.9574	0	1.3093066666666664	0	10	0	5.75	0	0.2	0	-0.09999999999999998	0	-0.39469495385889053	0	0.2404958548229733	0	9	0	0.0	0		1		1		1		1
KDM5B	PF01388	0	1.1177e-29	0	-0.6666666666666666	0	0.858	0	0.45666666666666667	0	1.0125	0	-0.41517333333333317	0	10	0	4.5	0	0.6	0	0.3	0	-0.5917600346881504	0	-0.7149943374050334	0	3	0	-19.0	0		1		1		1		1
KDM5C	PF01388	0		1		1		1		1		1		1	10	0	4.5	0	0.2	0	-0.09999999999999998	0	0.025715383901340642	0	-0.09751891881554237	0	54	0	32.0	0	3	0	0.0	0	0	0	0.0	0
KDM6A	PF02373	0		1		1		1		1		1		1	2	0	-2.25	0	0.2	0	-0.09999999999999998	0	-0.38721614328026455	0	0.2479746654015993	0	9	0	0.0	0	3	0	0.0	0	0	0	0.0	0
KDM6B	PF02373	0	1.0	0	0.33333333333333337	0	0.211	0	-0.2656666666666666	0	1.8332	0	0.18510666666666653	0	2	0	-2.25	0	0.2	0	-0.09999999999999998	0	-0.6161846340195687	0	0.01900617466229515	0		1		1	3	0	0.0	0	0	0	0.0	0
KERA	PF13516	0	2.7143e-08	0	1.35715e-08	0	1.284	0	0.026000000000000023	0	-0.086142	0	0.48217899999999997	0	10	0	-5.0	0	0.0	0	-0.1	0	-0.07417242537525769	0	-0.2512346196790686	0	12	0	0.0	0		1		1		1		1
KIAA0586		0	8.5316e-14	0		1	0.968	0		1	0.30714	0		1	0	0		1	0.2	0		1	-1.744727494896694	0		1	8	0		1		1		1		1		1
KIDINS220		0	0.9995	0		1	0.452	0		1	3.5731	0		1	0	0		1	0.2	0		1	0.21245396104027575	0		1	37	0		1		1		1		1		1
KIF11	PF00225	0	1.0	0	0.000140000000000029	0	0.184	0	-0.13266666666666665	0	2.7188	0	-0.4713999999999996	0	41	0	0.0	0	0.6	0	-0.06666666666666665	0	0.9026011306665314	0	0.7550377181057637	0	19	0	-0.33333333333333215	0	3	0	0.0	0	0	0	0.0	0
KIF14	PF23313	1	2.0983e-06	0	0.0	0	0.65	0	0.0	0	1.615	0	0.0	0	41	0	0.0	0	0.6	0	0.0	0	-0.11747546204511952	0	0.0	0	38	0	0.0	0		1		1		1		1
KIF1A	PF12473	1	1.0	0	0.0	0	0.304	0	0.0	0	5.035	0	0.0	0	41	0	0.0	0	0.6	0	0.0	0	-0.19997064075586568	0	0.0	0	24	0	0.0	0	0	0	0.0	0	0	0	0.0	0
KIF22	PF12836	1	4.9453e-17	0	0.0	0	1.025	0	0.0	0	0.58711	0	0.0	0	41	0	0.0	0	0.6	0	0.0	0	0.296884475538547	0	0.0	0	12	0	0.0	0		1		1		1		1
KIF2A	PF22923	1	0.76117	0	0.0	0	0.617	0	0.0	0	2.6011	0	0.0	0	41	0	0.0	0	0.2	0	0.0	0	1.3138883021138679	0	0.0	0	17	0	0.0	0		1		1		1		1
KIF5A	PF00225	0	1.0	0	0.000140000000000029	0	0.315	0	-0.0016666666666666496	0	5.0359	0	1.8457000000000003	0	41	0	0.0	0	0.8	0	0.13333333333333341	0	0.595606434865603	0	0.4480430223048354	0	33	0	13.666666666666668	0		1		1		1		1
KIF7	PF25764	1	3.0938e-31	0	0.0	0	1.038	0	0.0	0	-2.3744	0	0.0	0	41	0	0.0	0	0.2	0	0.0	0	-1.0457574905606752	0	0.0	0	34	0	0.0	0		1		1	0	0	0.0	0
KIFBP		0	1.6272e-09	0		1	1.016	0		1	1.7493	0		1	0	0		1	0.2	0		1	0.8831501996832776	0		1		1		1		1		1		1		1
KIT	PF00047	0	1.0	0	0.27154998273350006	0	0.24	0	-0.3085	0	4.1661	0	1.4637250000000002	0	53	0	7.5	0	0.6	0	0.10000000000000003	0	0.00475115559100102	0	-0.1609221233351575	0	2	0	-5.5	0	3	0	0.0	0	0	0	0.0	0
KITLG	PF02404	1	0.90378	0	0.0	0	0.581	0	0.0	0	1.5682	0	0.0	0	0	0	0.0	0	0.2	0	0.0	0	-0.978810700930062	0	0.0	0	3	0	0.0	0		1		1		1		1
KIZ		0	5.1898e-10	0		1	1.227	0		1	-0.17666	0		1	0	0		1	0.2	0		1	-1.3467874862246563	0		1		1		1		1		1		1		1
KL	PF00232	1	3.8203e-15	0	0.0	0	0.917	0	0.0	0	0.81065	0	0.0	0	4	0	0.0	0	0.7	0	0.0	0	-1.537602002101044	0	0.0	0		1		1		1		1		1		1
KLF1	PF16832	1	4.5975e-15	0	0.0	0	1.777	0	0.0	0	-1.0124	0	0.0	0	22	0	0.0	0	0.8	0	0.0	0	-0.6882461389442457	0	0.0	0		1		1		1		1		1		1
KLHL40	PF07707	0	8.4364e-13	0	-2.3032374367270002e-05	0	1.128	0	0.2307499999999999	0	-0.34059	0	-1.3082675	0	54	0	0.0	0	0.7	0	-1.1102230246251565e-16	0	-1.4814860601221125	0	-1.039410207020163	0		1		1		1		1		1		1
KLHL41	PF07707	0	8.9595e-05	0	6.656262478909e-05	0	0.83	0	-0.06725000000000003	0	1.193	0	0.2253225000000001	0	54	0	0.0	0	0.7	0	-1.1102230246251565e-16	0	-0.017276612331454656	0	0.4247992407704949	0		1		1		1		1		1		1
KLHL7	PF07707	0	1.0222e-06	0	-2.2010175210910004e-05	0	0.789	0	-0.10824999999999996	0	5.0385	0	4.0708225	0	54	0	0.0	0	0.6	0	-0.10000000000000009	0	-0.114638779968488	0	0.3274370731334616	0	15	0	-8.0	0		1		1		1		1
KLKB1	PF00024	1	4.7511e-11	0	0.0	0	0.974	0	0.0	0	0.65772	0	0.0	0	16	0	0.0	0	0.8	0	0.0	0	2.7581553798977616	0	0.0	0	6	0	0.0	0		1		1		1		1
KMT2A	PF05965	0	1.0	0	0.0	0	0.065	0	-0.045999999999999985	0	8.7941	0	3.3751999999999995	0	19	0	0.0	0	0.2	0	-2.7755575615628914e-17	0	0.037824750588341866	0	0.19272692582223902	0		1		1	3	0	0.0	0	0	0	0.0	0
KMT2B	PF05965	0	1.0	0	0.0	0	0.127	0	0.016000000000000014	0	2.7377	0	-2.681200000000001	0	19	0	0.0	0	0.2	0	-2.7755575615628914e-17	0	-0.12784372725170717	0	0.02705844798218998	0		1		1	3	0	0.0	0	0	0	0.0	0
KMT2C		0	1.0	0		1	0.202	0		1	4.3119	0		1	19	0		1	0.2	0		1	-0.6989700043360187	0		1		1		1	3	0		1	0	0		1
KMT2D	PF05965	0	1.0	0	0.0	0	0.141	0	0.03	0	4.7249	0	-0.6940000000000008	0	19	0	0.0	0	0.2	0	-2.7755575615628914e-17	0	-0.37468754903832613	0	-0.21978537380442897	0		1		1	3	0	0.0	0	0	0	0.0	0
KMT2E	PF20826	1	1.0	0	0.0	0	0.217	0	0.0	0	1.4433	0	0.0	0	1	0	0.0	0	0.2	0	0.0	0	-0.7958800173440752	0	0.0	0		1		1	3	0	0.0	0	0	0	0.0	0
KMT5B	PF00856	0	1.0	0	0.0	0	0.19	0	-0.09300000000000003	0	3.7527	0	0.8563999999999998	0	1	0	0.0	0	0.2	0	0.0	0	-1.2291479883578558	0	-0.2562246085307027	0		1		1	3	0	0.0	0	0	0	0.0	0
KNL1	PF18210	1	1.0	0	0.0	0	0.366	0	0.0	0	-0.4989	0	0.0	0	0	0	0.0	0	0.7	0	0.0	0	-0.5512936800949201	0	0.0	0		1		1		1		1		1		1
KPTN		0	8.356e-10	0		1	0.988	0		1	0.54602	0		1	0	0		1	0.2	0		1	-0.5100415205751654	0		1	34	0		1		1		1		1		1
KRAS	PF00071	0	0.99914	0	0.42807478825	0	0.264	0	-0.4412499999999999	0	3.0903	0	1.3942969166666668	0	35	0	-19.46153846153846	0	0.2	0	-0.12307692307692314	0	1.598801446032946	0	0.406677017815015	0	2	0	-9.583333333333334	0		1		1		1		1
KREMEN1	PF00431	0	3.4218e-05	0	-0.14273568166666667	0	0.848	0	0.0283333333333331	0	1.2623	0	0.0946083333333334	0	1	0	-19.0	0	0.2	0	-0.4333333333333334	0	-1.585026652029182	0	-2.0971551113198994	0		1		1		1		1		1		1
KRIT1	PF24521	1	0.11437	0	0.0	0	0.69	0	0.0	0	0.89279	0	0.0	0	1	0	0.0	0	0.2	0	0.0	0	-0.8996294548824371	0	0.0	0	8	0	0.0	0		1		1		1		1
KRT1	PF00038	0	0.00045625	0	-0.11145151037477571	0	0.7	0	-0.2047058823529414	0	0.86527	0	0.07321176470588231	0	68	0	4.0	0	0.8	0	0.1823529411764706	0	3.559188308843192	0	1.3570459010590943	0	1	0	-16.0	0		1		1		1		1
KRT10	PF00038	0	4.9789e-09	0	-0.11190775539587572	0	0.881	0	-0.023705882352941354	0	0.27306	0	-0.5189982352941176	0	68	0	4.0	0	0.8	0	0.1823529411764706	0	3.2395499710100335	0	1.0374075632259356	0		1		1		1		1		1		1
KRT12	PF00038	0	7.3555e-09	0	-0.11190775301927572	0	0.979	0	0.07429411764705862	0	1.0629	0	0.2708417647058823	0	68	0	4.0	0	0.0	0	-0.6176470588235294	0	1.1461590556048182	0	-1.0559833521792796	0		1		1		1		1		1		1
KRT13	PF00038	0	1.6731e-06	0	-0.11190608727477572	0	0.905	0	0.00029411764705866705	0	0.32728	0	-0.46477823529411766	0	68	0	4.0	0	0.6	0	-0.01764705882352946	0	2.041396633271933	0	-0.16074577451216499	0		1		1		1		1		1		1
KRT14	PF00038	0	1.4584e-07	0	-0.11190761453477573	0	0.932	0	0.02729411764705869	0	1.301	0	0.5089417647058823	0	68	0	4.0	0	0.8	0	0.1823529411764706	0	2.4471595823911705	0	0.24501717460707262	0	12	0	-5.0	0		1		1		1		1
KRT16	PF00038	0	5.3853e-14	0	-0.11190776037472186	0	1.178	0	0.2732941176470586	0	1.0004	0	0.20834176470588228	0	68	0	4.0	0	0.6	0	-0.01764705882352946	0	2.4668691025853065	0	0.2647266948012086	0	15	0	-2.0	0		1		1		1		1
KRT17	PF00038	0	1.2138e-06	0	-0.11190654657477572	0	0.871	0	-0.03370588235294136	0	0.84319	0	0.05113176470588232	0	68	0	4.0	0	0.6	0	-0.01764705882352946	0	2.161370997359005	0	-0.04077141042509291	0		1		1		1		1		1		1
KRT2	PF00038	0	1.2105e-09	0	-0.11190775916427571	0	1.0	0	0.09529411764705864	0	-0.34681	0	-1.1388682352941177	0	68	0	4.0	0	0.8	0	0.1823529411764706	0	2.824777112616499	0	0.622634704832401	0	44	0	27.0	0		1		1		1		1
KRT3	PF00038	0	1.832e-08	0	-0.11190774205477572	0	0.996	0	0.09129411764705864	0	0.10923	0	-0.6828282352941177	0	68	0	4.0	0	0.7	0	0.08235294117647052	0	1.1399105558756826	0	-1.0622318519084153	0	2	0	-15.0	0		1		1		1		1
KRT4	PF00038	0	1.2573e-13	0	-0.11190776037464999	0	1.089	0	0.1842941176470586	0	0.56154	0	-0.23051823529411763	0	68	0	4.0	0	0.8	0	0.1823529411764706	0	1.8075417927277253	0	-0.39460061505637256	0	2	0	-15.0	0		1		1		1		1
KRT5	PF00038	0	0.90196	0	0.7900522396252243	0	0.538	0	-0.3667058823529413	0	1.0035	0	0.21144176470588238	0	68	0	4.0	0	0.7	0	0.08235294117647052	0	2.3838171605820206	0	0.18167475279792278	0		1		1		1		1		1		1
KRT6A	PF00038	0	6.2076e-05	0	-0.11184568437477573	0	0.755	0	-0.14970588235294136	0	0.57996	0	-0.21209823529411764	0	68	0	4.0	0	0.7	0	0.08235294117647052	0	2.2504224421586803	0	0.04828003437458239	0		1		1		1		1		1		1
KRT6B	PF00038	0	4.6738e-07	0	-0.11190729299477573	0	0.909	0	0.004294117647058671	0	0.91601	0	0.12395176470588232	0	68	0	4.0	0	0.6	0	-0.01764705882352946	0	2.342424654883547	0	0.14028224709944892	0		1		1		1		1		1		1
KRT85		0	2.1193e-09	0		1	0.89	0		1	0.69695	0		1	68	0		1	0.8	0		1	2.060701616810948	0		1		1		1		1		1		1		1
KRT9	PF00038	0	6.55e-08	0	-0.11190769487477573	0	0.873	0	-0.03170588235294136	0	0.73017	0	-0.06188823529411769	0	68	0	4.0	0	0.8	0	0.1823529411764706	0	3.4214395547878405	0	1.2192971470037426	0		1		1		1		1		1		1
KYNU	PF22580	1	1.0563e-08	0	0.0	0	1.364	0	0.0	0	0.10945	0	0.0	0	0	0	0.0	0	0.6	0	0.0	0	0.9795938958489303	0	0.0	0	4	0	0.0	0		1		1		1		1
L1CAM	PF13882	0		1		1		1		1		1		1	36	0	0.0	0	0.6	0	0.0	0	0.5718252490408291	0	-0.05110437569521298	0	6	0	0.0	0	3	0	0.0	0	0	0	0.0	0
L2HGDH	PF01266	0	2.0708e-06	0	1.3805264609999982e-06	0	0.872	0	-0.10533333333333328	0	0.22597	0	-0.5237033333333333	0	10	0	0.0	0	0.6	0	0.09999999999999998	0	0.6295115342004532	0	0.2036975289775786	0	9	0	1.333333333333333	0		1		1		1		1
LAMA1		0	5.8922e-35	0		1	0.673	0		1	1.7732	0		1	27	0		1	0.6	0		1	-0.6819366650372385	0		1	16	0		1		1		1	0	0		1
LAMA2	PF00053	0	1.05e-48	0	-0.12254750000006223	0	0.801	0	0.0797500000000001	0	1.2753	0	-0.2799674999999999	0	27	0	-6.75	0	0.6	0	0.08750000000000002	0	0.8774289407882198	0	0.7946207648645931	0		1		1		1		1	0	0	0.0	0
LAMA3	PF00053	0	6.3654e-45	0	-0.12254750000006223	0	0.734	0	0.012750000000000039	0	2.6539	0	1.0986325000000001	0	54	0	20.25	0	0.2	0	-0.31249999999999994	0	-0.29157909986528724	0	-0.3743872757889139	0	30	0	10.0	0		1		1		1		1
LAMB1	PF00053	0	4.9778e-13	0	-0.12254749999956445	0	0.601	0	-0.12024999999999997	0	1.1458	0	-0.4094675000000001	0	27	0	-6.75	0	0.6	0	0.08750000000000002	0	1.1106233752333305	0	1.0278151993097038	0	31	0	11.0	0		1		1		1		1
LAMB2	PF00053	0	2.2857e-18	0	-0.12254750000006223	0	0.652	0	-0.06924999999999992	0	2.8708	0	1.3155325	0	54	0	20.25	0	0.2	0	-0.31249999999999994	0	1.7817625530143322	0	1.6989543770907054	0	18	0	-2.0	0		1		1		1		1
LAMB3	PF00053	0	6.2848e-23	0	-0.12254750000006223	0	0.829	0	0.10775000000000001	0	0.88919	0	-0.6660775	0	27	0	-6.75	0	0.6	0	0.08750000000000002	0	0.12417805547467511	0	0.041369879551048455	0		1		1		1		1		1		1
LAMC2	PF00053	0	1.555e-20	0	-0.12254750000006223	0	0.797	0	0.0757500000000001	0	1.3268	0	-0.22846750000000005	0	27	0	-6.75	0	0.6	0	0.08750000000000002	0	-0.09528445472131904	0	-0.17809263064494568	0	1	0	-19.0	0		1		1		1		1
LAMC3		0	8.7006e-33	0		1	0.909	0		1	0.79044	0		1	27	0		1	0.6	0		1	-0.7851561519523022	0		1	7	0		1		1		1		1		1
LAMP2	PF01299	1		1		1		1		1		1		1	3	0	0.0	0	0.2	0	0.0	0	1.3075174312031315	0	0.0	0	45	0	0.0	0	3	0	0.0	0	0	0	0.0	0
LARGE1	PF13896	1	0.00057297	0	0.0	0	0.606	0	0.0	0	2.7128	0	0.0	0	5	0	0.0	0	0.6	0	0.0	0	-2.3979400086720375	0	0.0	0		1		1		1		1	0	0	0.0	0
LARP7	PF05383	1	3.3601e-11	0	0.0	0	1.129	0	0.0	0	-0.98905	0	0.0	0	6	0	0.0	0	0.2	0	0.0	0	0.8820119616266586	0	0.0	0	127	0	0.0	0		1		1		1		1
LBR	PF01222	0	0.97287	0	0.4864349999994258	0	0.499	0	-0.29399999999999993	0	0.94923	0	0.09316999999999998	0	2	0	0.0	0	0.2	0	-0.2	0	1.3765952043404752	0	0.07306036848965825	0	12	0	0.0	0		1		1	0	0	0.0	0
LCA5		0	2.7619e-07	0		1	0.883	0		1	0.40522	0		1	1	0		1	0.2	0		1	-1.2518119729937995	0		1	4	0		1		1		1		1		1
LCAT	PF02450	1	0.76515	0	0.0	0	0.568	0	0.0	0	2.3666	0	0.0	0	1	0	0.0	0	0.8	0	0.0	0	1.8870600108870852	0	0.0	0		1		1		1		1		1		1
LCK	PF07714	0	1.0	0	0.4133358564216667	0	0.332	0	-0.2475	0	3.535	0	1.0104450000000003	0	32	0	5.0	0	0.8	0	0.29999999999999993	0	1.8305950836227285	0	1.1590497247740519	0		1		1		1		1		1		1
LDLR	PF07645	0	1.2477e-30	0	-3.0394999999993763e-18	0	1.091	0	0.13149999999999995	0	0.60522	0	0.8017	0	14	0	0.0	0	0.6	0	0.0	0	0.35621713421973517	0	0.26507116575945433	0	34	0	12.0	0	3	0	0.0	0	0	0	0.0	0
LDLRAP1		0	1.2791e-08	0		1	1.083	0		1	0.4898	0		1	11	0		1	0.6	0		1	0.9903832589062336	0		1	4	0		1		1		1		1		1
LEMD3	PF03020	1	0.40017	0	0.0	0	0.584	0	0.0	0	-1.2499	0	0.0	0	2	0	0.0	0	0.2	0	0.0	0	0.40500466505036936	0	0.0	0	47	0	0.0	0	3	0	0.0	0	0	0	0.0	0
LEP	PF02024	1	0.0070307	0	0.0	0	1.139	0	0.0	0	1.8295	0	0.0	0	0	0	0.0	0	0.7	0	0.0	0	1.6424744129422482	0	0.0	0	2	0	0.0	0		1		1		1		1
LEPR	PF00041	0	9.3179e-05	0	-0.2999021417918707	0	0.589	0	-0.049000000000000044	0	2.0667	0	0.3567690000000001	0	23	0	-3.5	0	0.8	0	0.20000000000000018	0	-1.031517051446065	0	-0.49038694992631005	0	14	0	6.125	0		1		1		1		1
LGI4	PF03736	1	5.8785e-12	0	0.0	0	1.255	0	0.0	0	-1.1969	0	0.0	0	22	0	0.0	0	0.2	0	0.0	0	-1.9208187539523751	0	0.0	0		1		1		1		1		1		1
LHB	PF00007	0	0.00012773	0	-0.011534635	0	1.603	0	0.21999999999999997	0	0.43156	0	0.02779999999999999	0	9	0	3.0	0	0.8	0	0.06666666666666665	0	-1.7212463990471711	0	-0.9146501210931873	0	1	0	-8.0	0		1		1		1		1
LHFPL5	PF10242	1	0.0040054	0	0.0	0	0.976	0	0.0	0	1.0123	0	0.0	0	6	0	0.0	0	0.6	0	0.0	0	-0.6179829574251317	0	0.0	0	7	0	0.0	0		1		1		1		1
LHX3	PF00046	0	3.9422e-06	0	-0.4622579885913947	0	1.024	0	0.19778125000000002	0	-1.7121	0	-1.8473996874999998	0	20	0	-12.647058823529413	0	0.8	0	0.14411764705882357	0	-1.0555173278498313	0	0.11261433797677811	0	12	0	6.0	0		1		1		1		1
LHX4	PF00046	0	0.57061	0	0.10834806920860524	0	0.589	0	-0.23721875000000003	0	1.5716	0	1.4363003125000002	0	20	0	-12.647058823529413	0	0.8	0	0.14411764705882357	0	-1.2676062401770316	0	-0.09947457435042217	0	15	0	9.0	0		1		1	0	0	0.0	0
LIFR		0	5.0234e-10	0		1	0.798	0		1	0.75576	0		1	23	0		1	0.2	0		1	-1.3665315444204134	0		1	9	0		1		1		1		1		1
LIG4	PF00533	0	0.00015627	0	7.8135e-05	0	1.043	0	0.07899999999999996	0	1.2953	0	-0.5212999999999999	0	2	0	1.0	0	0.2	0	0.0	0	-0.37675070960209955	0	-0.16669964440365143	0	3	0	-3.0	0		1		1	0	0	0.0	0
LIMS2	PF00412	0	2.3078e-08	0	-4.041099999999999e-08	0	0.985	0	-0.16099999999999992	0	-0.38962	0	-0.42775	0	3	0	-18.333333333333332	0	0.6	0	-0.033333333333333326	0	1.7307903479795073	0	-0.07199949129686423	0		1		1		1		1		1		1
LINGO1	PF07679	0	0.91229	0	0.09357499963276661	0	0.55	0	-0.023833333333333373	0	3.5632	0	0.7134999999999998	0	25	0	-14.833333333333336	0	0.8	0	0.2666666666666667	0	-0.835647144215563	0	-1.0343525990740927	0	26	0	-31.0	0		1		1		1		1
LINS1		0	3.8578e-05	0		1	0.867	0		1	-0.46457	0		1	0	0		1	0.2	0		1	-0.978810700930062	0		1		1		1		1		1	0	0		1
LIPA	PF00561	0	1.1486e-07	0	-3.7796936666666675e-08	0	1.377	0	0.28833333333333333	0	0.64031	0	0.3579833333333334	0	7	0	-1.666666666666666	0	0.6	0	0.26666666666666666	0	1.2014244375799117	0	0.12231250445794628	0	1	0	-5.0	0		1		1		1		1
LIPI		0	6.1337e-08	0		1	1.875	0		1	-0.31367	0		1	9	0		1	0.8	0		1	-2.5228787452803374	0		1		1		1		1		1		1		1
LIPN		0	0.00082245	0		1	1.072	0		1	0.071359	0		1	5	0		1	0.8	0		1	-1.853871964321762	0		1		1		1		1		1		1		1
LIPT1	PF21948	1	4.1526e-07	0	0.0	0	1.188	0	0.0	0	0.93786	0	0.0	0	0	0	0.0	0	0.2	0	0.0	0	-0.906578314837765	0	0.0	0	5	0	0.0	0		1		1		1		1
LMBRD1		0	1.0849e-10	0		1	1.184	0		1	0.2036	0		1	0	0		1	0.2	0		1	-0.049148541111453566	0		1		1		1		1		1		1		1
LMNA	PF00038	0	0.99995	0	0.8880422396252243	0	0.412	0	-0.4927058823529414	0	3.1003	0	2.3082417647058824	0	68	0	4.0	0	0.2	0	-0.4176470588235294	0	2.553884239755258	0	0.35174183197116005	0	15	0	-2.0	0	3	0	0.0	0	0	0	0.0	0
LMOD3	PF03250	1	3.5031e-07	0	0.0	0	0.948	0	0.0	0	-0.34134	0	0.0	0	6	0	0.0	0	0.6	0	0.0	0	-1.6020599913279623	0	0.0	0	1	0	0.0	0		1		1		1		1
LMX1B	PF00046	0	0.99956	0	0.5372980692086053	0	0.409	0	-0.41721875	0	1.8923	0	1.7570003125000002	0	20	0	-12.647058823529413	0	0.8	0	0.14411764705882357	0	-0.8569851997459049	0	0.3111464660807045	0	18	0	12.0	0	3	0	0.4615384615384617	0	0	0	0.0	0
LONP1	PF00004	0	0.99964	0	0.8293159988036309	0	0.448	0	-0.26419999999999993	0	0.16861	0	-1.4697319999999998	0	1	0	-7.0	0	0.6	0	0.19999999999999996	0	1.710125830808679	0	1.0263333008870585	0	45	0	29.5	0		1		1		1		1
LOXHD1		0	1.5697e-51	0		1	0.896	0		1	0.87106	0		1	10	0		1	0.6	0		1	-2.3010299956639813	0		1		1		1		1		1	0	0		1
LPL	PF00151	0	3.1242e-12	0	-1.567884379e-07	0	1.075	0	0.045499999999999874	0	-0.35897	0	-0.777135	0	9	0	0.0	0	0.6	0	-0.09999999999999998	0	-0.13608262304213956	0	-0.37074771059759537	0		1		1		1		1		1		1
LRAT	PF04970	1	0.0010654	0	0.0	0	1.214	0	0.0	0	0.82317	0	0.0	0	7	0	0.0	0	0.6	0	0.0	0	-1.4814860601221125	0	0.0	0	1	0	0.0	0		1		1		1		1
LRBA	PF02138	0	0.0099554	0	-0.3266974307666667	0	0.515	0	0.12933333333333336	0	1.3655	0	-2.2787	0	7	0	0.0	0	0.2	0	-0.3333333333333333	0	1.187548920861271	0	0.9732562235490072	0	22	0	3.5	0		1		1		1		1
LRIG2		0	7.349e-19	0		1	0.95	0		1	1.5155	0		1	22	0		1	0.2	0		1	-1.337242168318426	0		1	5	0		1		1		1		1		1
LRIT3		0	3.0401e-06	0		1	1.144	0		1	0.53818	0		1	22	0		1	0.8	0		1	-1.5086383061657274	0		1	4	0		1		1		1		1		1
LRMDA		0	0.00024724	0		1	0.958	0		1	0.19713	0		1	2	0		1	0.6	0		1	0.6920533650340808	0		1		1		1		1		1		1		1
LRP2		0	1.0	0		1	0.352	0		1	4.5356	0		1	14	0		1	0.6	0		1	0.037824750588341866	0		1	49	0		1		1		1	0	0		1
LRP4	PF12662	0	0.010613	0	-0.5443560000000001	0	0.501	0	0.031857142857142806	0	5.2226	0	1.6900871428571427	0	14	0	8.571428571428571	0	0.6	0	0.014285714285714235	0	-2.221848749616356	0	-2.0397696724427945	0	45	0	-9.5	0		1		1		1		1
LRP5	PF14670	1	0.9406	0	0.0	0	0.482	0	0.0	0	3.7149	0	0.0	0	14	0	0.0	0	0.6	0	0.0	0	-1.585026652029182	0	0.0	0	46	0	0.0	0		1		1	0	0	0.0	0
LRPAP1		0	2.9788e-15	0		1	1.375	0		1	-1.5021	0		1	0	0		1	0.2	0		1	1.1702910586253934	0		1	13	0		1		1		1		1		1
LRPPRC	PF01535	1	2.1588e-11	0	0.0	0	0.808	0	0.0	0	-1.9032	0	0.0	0	0	0	0.0	0	0.2	0	0.0	0	2.0492219002821734	0	0.0	0	5	0	0.0	0		1		1	0	0	0.0	0
LRRC56	PF12799	1	4.217e-13	0	0.0	0	1.225	0	0.0	0	-1.3762	0	0.0	0	0	0	0.0	0	0.6	0	0.0	0	-2.9208187539523753	0	0.0	0	6	0	0.0	0		1		1		1		1
LSS	PF13243	1	3.7781e-27	0	0.0	0	1.05	0	0.0	0	0.5765	0	0.0	0	0	0	0.0	0	0.2	0	0.0	0	0.92069713446992	0	0.0	0	11	0	0.0	0	0	0	0.0	0	0	0	0.0	0
LTBP1		0	4.5482e-22	0		1	0.731	0		1	-0.67965	0		1	3	0		1	0.6	0		1	1.773793756274565	0		1	40	0		1		1		1		1		1
LTBP2	PF00008	0	1.0051e-11	0	-1.1002923034548484e-06	0	0.595	0	-0.3197777777777778	0	1.1725	0	0.9110411111111112	0	6	0	-7.0	0	0.8	0	0.13333333333333353	0	0.610766594773271	0	-0.139810918005983	0	82	0	60.0	0		1		1		1		1
LTBP3	PF12662	0	5.15e-23	0	-0.554969	0	0.824	0	0.35485714285714276	0	0.90009	0	-2.632422857142857	0	6	0	0.5714285714285712	0	0.6	0	0.014285714285714235	0	-0.21041928783557454	0	-0.0283402106620127	0		1		1		1		1		1		1
LYRM4	PF05347	0	0.0011765	0	0.00058796492	0	1.487	0	0.1625000000000001	0	-1.0928	0	-0.92255	0	1	0	0.5	0	0.2	0	-0.2	0	0.15866398081398925	0	-0.6599584714641441	0	13	0	-10.5	0		1		1		1		1
LYSET	PF15190	1		1		1		1		1		1		1	0	0	0.0	0		1		1		1		1		1		1		1		1		1		1
LYST	PF02138	0	3.0923e-06	0	-0.3366497384666667	0	0.505	0	0.11933333333333335	0	4.1055	0	0.46130000000000004	0	7	0	0.0	0	0.6	0	0.06666666666666665	0	-0.7033348097384688	0	-0.9176275070507327	0		1		1		1		1	0	0	0.0	0
LZTFL1	PF15294	1	0.0015497	0	0.0	0	0.874	0	0.0	0	1.068	0	0.0	0	0	0	0.0	0	0.2	0	0.0	0	0.7300551523754998	0	0.0	0	16	0	0.0	0		1		1		1		1
LZTR1	PF00651	0	4.9915e-132	0	-0.25000016005528836	0	1.997	0	1.0455	0	-0.53832	0	-2.4273900000000004	0	10	0	-20.0	0	0.2	0	-0.10000000000000003	0	-0.7958800173440752	0	-0.09668538083432321	0	28	0	-16.0	0		1		1		1		1
MAB21L1	PF03281	0	0.99236	0	0.477248	0	0.469	0	-0.129	0	1.7606	0	-0.6816000000000002	0	9	0	0.0	0	0.7	0	-0.050000000000000044	0	-1.6197887582883939	0	-0.04109337809367486	0	10	0	0.5	0		1		1		1		1
MAB21L2	PF03281	0	0.037864	0	-0.477248	0	0.727	0	0.129	0	3.1238	0	0.6816	0	9	0	0.0	0	0.8	0	0.050000000000000044	0	-1.537602002101044	0	0.04109337809367508	0	9	0	-0.5	0		1		1		1		1
MAD2L2	PF02301	1	0.0030912	0	0.0	0	0.806	0	0.0	0	1.591	0	0.0	0	1	0	0.0	0	0.2	0	0.0	0	-0.5606673061697374	0	0.0	0	26	0	0.0	0	0	0	0.0	0	0	0	0.0	0
MADD	PF23629	1	2.7157e-21	0	0.0	0	0.721	0	0.0	0	1.9433	0	0.0	0	0	0	0.0	0	0.6	0	0.0	0	0.09377178149872979	0	0.0	0	25	0	0.0	0		1		1		1		1
MAFB	PF03131	0	0.97972	0	0.4857466666604567	0	0.469	0	-0.5180000000000001	0	1.4486	0	0.4189533333333335	0	6	0	1.0	0	0.6	0	0.06666666666666665	0	-0.8569851997459049	0	-0.019467324688890786	0	4	0	1.0	0	0	0	0.0	0	0	0	0.0	0
MAG	PF08205	0	5.2971e-05	0	-0.28789135266666666	0	0.734	0	0.01966666666666672	0	0.57268	0	-0.24115666666666669	0	19	0	7.0	0	0.8	0	0.06666666666666665	0	0.16761267272753008	0	0.24902676765227671	0	2	0	-3.0	0		1		1		1		1
MAGEL2	PF01454	0		1		1		1		1	-1.6032	0	-0.26744999999999997	0	37	0	0.0	0	0.7	0	0.25	0	-1.6382721639824072	0	-0.8257654146329618	0		1		1		1		1	0	0	0.0	0
MAK	PF00069	0	2.738e-11	0	-0.394524291827628	0	0.894	0	0.23942857142857144	0	1.1039	0	-1.1499704761904763	0	28	0	11.625	0	0.8	0	0.46666666666666673	0	-0.4634415574284699	0	-0.525579518225932	0	1	0	-20.217391304347824	0		1		1		1		1
MALT1	PF13895	0	0.63873	0	0.319349058	0	0.58	0	-0.10599999999999998	0	2.3096	0	0.6047500000000001	0	0	0	-13.0	0	0.6	0	-0.06666666666666665	0	0.45040308615536623	0	0.6064898893287644	0	4	0	-0.5	0		1		1	0	0	0.0	0
MAMLD1		0		1		1		1		1		1		1	0	0		1	0.2	0		1	-0.8239087409443188	0		1		1		1		1		1		1		1
MAN1B1	PF01532	0	7.4637e-22	0	-2.4481999999999997e-06	0	1.134	0	0.23149999999999993	0	-0.66301	0	-1.062705	0	6	0	0.0	0	0.2	0	0.0	0	0.24328614608344612	0	0.3115750455548443	0	6	0	-2.0	0		1		1		1		1
MAN2B1	PF09261	1	6.3922e-24	0	0.0	0	0.898	0	0.0	0	0.90018	0	0.0	0	4	0	0.0	0	0.2	0	0.0	0	0.6600112212893308	0	0.0	0	10	0	0.0	0		1		1	0	0	0.0	0
MANBA	PF02836	1	2.4023e-10	0	0.0	0	0.826	0	0.0	0	0.063106	0	0.0	0	1	0	0.0	0	0.2	0	0.0	0	0.19893186993220904	0	0.0	0	33	0	0.0	0		1		1		1		1
MAOA	PF01593	1		1		1		1		1		1		1	7	0	0.0	0	0.6	0	0.0	0	2.0000043429231047	0	0.0	0	2	0	0.0	0	3	0	0.0	0	0	0	0.0	0
MAP2K1	PF00069	0	0.96737	0	0.572845708144992	0	0.515	0	-0.13957142857142857	0	3.7569	0	1.5030295238095235	0	8	0	-8.375	0	0.2	0	-0.1333333333333333	0	1.725102699808259	0	1.6629647390107969	0	15	0	-6.217391304347824	0	0	0	-2.142857142857143	0	0	0	0.0	0
MAP2K2	PF00069	0	1.581e-05	0	-0.394508481855008	0	0.858	0	0.2034285714285714	0	0.6256	0	-1.6282704761904765	0	8	0	-8.375	0	0.2	0	-0.1333333333333333	0	1.5611133146522544	0	1.4989753538547923	0	15	0	-6.217391304347824	0		1		1		1		1
MAP3K1	PF21040	0	1.0	0	0.49999999999999756	0	0.355	0	-0.1845	0	1.4665	0	0.27441000000000004	0	35	0	16.0	0	0.2	0	0.0	0	-0.712198270069774	0	0.5708368471259941	0	3	0	0.0	0	0	0	0.0	0	0	0	0.0	0
MAPK8IP3		0	1.0	0		1	0.407	0		1	3.4325	0		1	1	0		1	0.6	0		1	-0.6840296545430823	0		1	10	0		1		1		1		1		1
MAPKAPK5	PF00069	0	0.27844	0	-0.11608429185500796	0	0.604	0	-0.0505714285714286	0	1.8547	0	-0.3991704761904764	0	6	0	-10.375	0	0.2	0	-0.1333333333333333	0	-0.6003262785189618	0	-0.662464239316424	0	3	0	-18.217391304347824	0		1		1		1		1
MARVELD2		0	7.3697e-10	0		1	0.993	0		1	1.6453	0		1	5	0		1	0.6	0		1	-0.5316526695878427	0		1	9	0		1		1		1	0	0		1
MASP1		0	1.584e-13	0		1	0.874	0		1	0.93485	0		1	2	0		1	0.6	0		1	1.5185271001173364	0		1		1		1		1		1		1		1
MAT1A	PF02773	1	0.062832	0	0.0	0	0.653	0	0.0	0	2.3888	0	0.0	0	1	0	0.0	0	0.8	0	0.0	0	0.5316066319327221	0	0.0	0	4	0	0.0	0		1		1		1		1
MAX	PF00010	0	0.99819	0	0.50565758125	0	0.288	0	-0.6067500000000001	0	1.8678	0	1.516055	0	0	0	-7.875	0	0.2	0	-0.2875	0	0.5729877081982051	0	1.1492390562179153	0	34	0	13.8	0	3	0	0.0	0	0	0	0.0	0
MBD5		0	1.0	0		1	0.161	0		1	2.3668	0		1	1	0		1	0.2	0		1	-1.3767507096020994	0		1	10	0		1	3	0		1	0	0		1
MBOAT7	PF03062	0	1.7407e-13	0	8.703307690000001e-14	0	1.229	0	0.08700000000000019	0	-0.79685	0	-0.608235	0	5	0	1.0	0	0.6	0	0.0	0	1.1673468775856355	0	1.2030444307700328	0	20	0	6.666666666666666	0		1		1		1		1
MBTPS2	PF02163	1		1		1		1		1		1		1	0	0	0.0	0	0.2	0	0.0	0	-1.1135092748275182	0	0.0	0	4	0	0.0	0		1		1		1		1
MC2R	PF00001	0	0.00082552	0	-0.2768356198571533	0	1.39	0	0.5009999999999998	0	0.74423	0	-0.8144342857142857	0	18	0	3.875	0	0.8	0	0.07500000000000007	0	-2.6989700043360187	0	-1.1972348694334145	0		1		1		1		1		1		1
MCCC1	PF02785	0	2.1696e-11	0	-0.021722154652202667	0	0.819	0	0.037666666666666515	0	1.5436	0	-0.2671333333333332	0	4	0	0.0	0	0.2	0	-0.2666666666666666	0	1.2175102642940272	0	0.06262202504446579	0	26	0	9.333333333333332	0		1		1	0	0	0.0	0
MCCC2	PF01039	0	1.8706e-10	0	-5.665990647000001e-05	0	0.832	0	-0.005499999999999949	0	0.45938	0	0.71122	0	1	0	0.0	0	0.6	0	0.0	0	1.6848543345782028	0	0.2135758831007728	0	3	0	-2.0	0		1		1		1		1
MCEE		0	0.40675	0		1	0.867	0		1	0.15831	0		1	1	0		1	0.2	0		1	0.4473131088235682	0		1	3	0		1		1		1	0	0		1
MCM5	PF00493	1	5.4902e-08	0	0.0	0	0.753	0	0.0	0	1.6246	0	0.0	0	8	0	0.0	0	0.6	0	0.0	0	1.897082507540596	0	0.0	0	34	0	0.0	0		1		1		1		1
MCOLN1	PF21381	1	4.3607e-12	0	0.0	0	0.895	0	0.0	0	2.9347	0	0.0	0	2	0	0.0	0	0.2	0	0.0	0	-1.193820026016113	0	0.0	0	7	0	0.0	0		1		1		1		1
MCPH1	PF12258	1	1.8376e-32	0	0.0	0	1.342	0	0.0	0	-4.7142	0	0.0	0	0	0	0.0	0	0.2	0	0.0	0	-1.275724130399211	0	0.0	0	2	0	0.0	0		1		1		1		1
MDH1	PF02866	0	0.47401	0	0.23700443905	0	0.674	0	-0.15499999999999992	0	0.48124	0	0.07049	0	1	0	-2.0	0	0.6	0	0.0	0		1		1		1		1		1		1		1		1
MDH2	PF02866	0	1.1219e-06	0	-0.23700443905	0	0.984	0	0.15500000000000003	0	0.34026	0	-0.07049	0	5	0	2.0	0	0.6	0	0.0	0	3.015779175187761	0	0.0	0		1		1		1		1		1		1
MECOM		0	1.0	0		1	0.161	0		1	2.4195	0		1	1	0		1	0.6	0		1	-0.5316526695878427	0		1	29	0		1		1		1		1		1
MECP2	PF01429	1		1		1		1		1		1		1	1	0	0.0	0	0.2	0	0.0	0	0.8751191654625682	0	0.0	0	73	0	0.0	0	3	0	0.0	0	0	0	0.0	0
MECR	PF08240	0	5.9594e-09	0	-8.26503e-08	0	0.961	0	0.0045000000000000595	0	0.43046	0	-0.45257	0	17	0	0.0	0	0.2	0	0.0	0	0.8531504364478427	0	0.36943656994312823	0	4	0	-2.5	0		1		1		1		1
MED12	PF09497	1		1		1		1		1		1		1	1	0	0.0	0	0.2	0	0.0	0	-0.1817741063860445	0	0.0	0	34	0	0.0	0	3	0	0.0	0	0	0	0.0	0
MED13	PF06333	0	1.0	0	0.0	0	0.13	0	0.0445	0	3.3253	0	-1.4872	0	1	0	0.0	0	0.2	0	0.0	0	-0.8664610916297825	0	-0.039324348016870125	0	20	0	1.0	0		1		1		1		1
MED13L	PF06333	0	1.0	0	0.0	0	0.041	0	-0.044500000000000005	0	6.2997	0	1.4871999999999996	0	1	0	0.0	0	0.2	0	0.0	0	-0.7878123955960422	0	0.039324348016870125	0	18	0	-1.0	0	3	0	0.0	0	0	0	0.0	0
MED23	PF11573	1	2.113e-19	0	0.0	0	0.768	0	0.0	0	6.0073	0	0.0	0	0	0	0.0	0	0.2	0	0.0	0	0.3504418565350612	0	0.0	0	35	0	0.0	0		1		1		1		1
MED27	PF11571	1	1.6864e-06	0	0.0	0	1.082	0	0.0	0	1.7299	0	0.0	0	0	0	0.0	0	0.2	0	0.0	0	0.27207378750000993	0	0.0	0	19	0	0.0	0		1		1		1		1
MEF2C	PF12347	1	1.0	0	0.0	0	0.212	0	0.0	0	4.8294	0	0.0	0	4	0	0.0	0	0.6	0	0.0	0	0.1274287778515989	0	0.0	0	2	0	0.0	0	3	0	0.0	0	1	0	0.0	0
MEFV	PF13765	1	2.305e-19	0	0.0	0	1.147	0	0.0	0	-1.6136	0	0.0	0	80	0	0.0	0	0.6	0	0.0	0	-1.3767507096020994	0	0.0	0		1		1	0	0	0.0	0	0	0	0.0	0
MEGF10	PF07974	0	1e-12	0	-0.33333333333266674	0	0.707	0	-0.019333333333333425	0	2.0865	0	-0.01150966666666653	0	3	0	-0.6666666666666665	0	0.6	0	-0.033333333333333326	0	-0.42712839779951983	0	0.03436035931518139	0		1		1		1		1		1		1
MEGF8	PF24981	1	1.2102e-27	0	0.0	0	0.696	0	0.0	0	2.1795	0	0.0	0	27	0	0.0	0	0.2	0	0.0	0	0.025715383901340642	0	0.0	0	4	0	0.0	0		1		1		1		1
MEIS2	PF05920	0	1.0	0	0.19071249999999995	0	0.255	0	-0.15399999999999991	0	3.428	0	0.866025	0	13	0	1.75	0	0.6	0	0.2	0	0.025715383901340642	0	0.21087907991698093	0	16	0	1.666666666666666	0	3	0	0.75	0	0	0	0.0	0
MEN1	PF05053	1	1.0	0	0.0	0	0.206	0	0.0	0	4.2012	0	0.0	0	0	0	0.0	0	0.2	0	0.0	0	0.14643813528577454	0	0.0	0	1	0	0.0	0	3	0	0.0	0	0	0	0.0	0
MEOX1		0	5.4063e-05	0		1	1.142	0		1	-0.12193	0		1	1	0		1	0.6	0		1	-0.7328282715969862	0		1	2	0		1		1		1		1		1
MERTK	PF00041	0	1.6072e-12	0	-0.2999953207902635	0	0.787	0	0.14900000000000002	0	1.7698	0	0.05986900000000017	0	53	0	26.5	0	0.6	0	1.1102230246251565e-16	0	-0.1681302257194983	0	0.3729998758002566	0	3	0	-4.875	0		1		1		1		1
MESD		0	0.058994	0		1	0.926	0		1	-0.69292	0		1	0	0		1	0.2	0		1	1.698109248832414	0		1		1		1		1		1		1		1
MESP2		0	6.5022e-14	0		1	1.656	0		1	-2.8516	0		1	2	0		1	0.0	0		1		1		1	3	0		1		1		1		1		1
MET	PF07714	0	0.99985	0	0.4131858564216667	0	0.446	0	-0.1335	0	2.9693	0	0.44474500000000017	0	55	0	28.0	0	0.6	0	0.09999999999999987	0	0.00475115559100102	0	-0.6667942032576755	0	15	0	-15.333333333333332	0	0	0	-1.5	0	0	0	0.0	0
METTL23		0	1.8818e-10	0		1	1.756	0		1	-1.5272	0		1	5	0		1	0.2	0		1	-2.0	0		1		1		1		1		1	0	0		1
METTL5		0	7.0183e-09	0		1	1.798	0		1	0.5096	0		1	0	0		1	0.2	0		1	-0.057991946977686754	0		1	1	0		1		1		1		1		1
MFF		0	0.65021	0		1	0.623	0		1	0.54745	0		1	1	0		1	0.2	0		1	0.928447063209182	0		1	9	0		1		1		1		1		1
MFRP	PF00431	0	2.0484e-27	0	-0.14276989966666667	0	1.307	0	0.48733333333333306	0	-0.95615	0	-2.1238416666666664	0	35	0	15.0	0	0.8	0	0.16666666666666663	0	-1.5086383061657274	0	-2.0207667654564445	0		1		1		1		1	0	0	0.0	0
MFSD8	PF07690	0	7.5007e-11	0	-0.00015237555832677859	0	1.005	0	-0.012428571428571455	0	1.2317	0	0.6926314285714287	0	6	0	-1.0	0	0.2	0	-0.37499999999999994	0	-1.5528419686577808	0	-0.6890096347374111	0	48	0	34.57142857142857	0		1		1	0	0	0.0	0
MGAT2	PF05060	1	0.012551	0	0.0	0	0.74	0	0.0	0	0.84932	0	0.0	0	6	0	0.0	0	0.2	0	0.0	0	0.09725730969341992	0	0.0	0	11	0	0.0	0		1		1		1		1
MGME1	PF12705	1	9.2408e-07	0	0.0	0	0.932	0	0.0	0	0.67804	0	0.0	0	0	0	0.0	0	0.2	0	0.0	0	0.5967070296814463	0	0.0	0		1		1		1		1		1		1
MGP		0	0.00063789	0		1	1.63	0		1	0.23992	0		1	0	0		1	0.8	0		1	1.1847198151502714	0		1		1		1		1		1	0	0		1
MICU1	PF13202	1	1.11e-08	0	0.0	0	1.019	0	0.0	0	1.5724	0	0.0	0	2	0	0.0	0	0.2	0	0.0	0	0.32858344971420195	0	0.0	0		1		1		1		1		1		1
MID1	PF22586	0		1		1		1		1		1		1	80	0	33.5	0	0.2	0	0.0	0	-0.11747546204511952	0	-0.19244094039901183	0	23	0	10.0	0	3	0	0.0	0	0	0	0.0	0
MIP	PF00230	1	0.010148	0	0.0	0	0.942	0	0.0	0	1.8738	0	0.0	0	23	0	0.0	0	0.0	0	0.0	0	-0.26042765554990804	0	0.0	0	7	0	0.0	0		1		1		1		1
MIR17HG		0		1		1		1		1		1		1	0	0		1		1		1		1		1		1		1		1		1		1		1
MITF	PF11851	1	0.99203	0	0.0	0	0.482	0	0.0	0	1.0386	0	0.0	0	3	0	0.0	0	0.2	0	0.0	0	-0.1719849357760231	0	0.0	0	7	0	0.0	0	3	0	0.0	0	0	0	0.0	0
MKKS	PF00118	0	9.952e-11	0	-0.20070393338038398	0	1.112	0	0.1806000000000001	0	0.52022	0	-1.2841680000000002	0	13	0	2.5999999999999996	0	0.2	0	-0.15999999999999998	0	-1.853871964321762	0	-1.4114668223575255	0	2	0	-18.2	0		1		1		1		1
MKS1	PF07162	1	1.0926e-19	0	0.0	0	0.991	0	0.0	0	0.89475	0	0.0	0	2	0	0.0	0	0.2	0	0.0	0	-1.2676062401770316	0	0.0	0	28	0	0.0	0		1		1		1		1
MLC1		0	3.867e-09	0		1	1.038	0		1	0.44593	0		1	4	0		1	0.8	0		1	-0.6536470255493614	0		1	8	0		1		1		1		1		1
MLH1	PF01119	0	0.00086326	0	0.00043162730475	0	0.639	0	-0.12949999999999995	0	1.0943	0	0.36272000000000004	0	3	0	0.0	0	0.2	0	0.0	0	0.6619072927660208	0	0.4949047174151517	0	9	0	4.0	0	3	0	0.0	0	0	0	0.0	0
MLPH	PF02318	1	1.1798e-11	0	0.0	0	0.856	0	0.0	0	0.59986	0	0.0	0	2	0	0.0	0	0.6	0	0.0	0	0.28126068705501284	0	0.0	0	5	0	0.0	0		1		1		1		1
MLYCD	PF05292	1	1.5305e-10	0	0.0	0	1.165	0	0.0	0	-4.0486	0	0.0	0	0	0	0.0	0	0.6	0	0.0	0	0.2650537885040147	0	0.0	0	16	0	0.0	0		1		1	0	0	0.0	0
MMAA	PF03308	1	9.3665e-14	0	0.0	0	1.156	0	0.0	0	1.0218	0	0.0	0	1	0	0.0	0	0.6	0	0.0	0	0.5441921107650326	0	0.0	0		1		1		1		1	0	0	0.0	0
MMAB	PF01923	1	0.00089793	0	0.0	0	0.874	0	0.0	0	0.29256	0	0.0	0	0	0	0.0	0	0.6	0	0.0	0	1.0128793871712898	0	0.0	0	20	0	0.0	0		1		1	0	0	0.0	0
MMACHC	PF16690	1	0.00018448	0	0.0	0	1.162	0	0.0	0	-0.13096	0	0.0	0	0	0	0.0	0	0.6	0	0.0	0	-0.032452023781137915	0	0.0	0	8	0	0.0	0		1		1		1		1
MMADHC	PF10229	1	0.00016899	0	0.0	0	0.986	0	0.0	0	0.65634	0	0.0	0	0	0	0.0	0	0.2	0	0.0	0	-0.36351210364663455	0	0.0	0	18	0	0.0	0		1		1	0	0	0.0	0
MMP2	PF00040	1	6.4757e-05	0	0.0	0	0.654	0	0.0	0	1.4267	0	0.0	0	23	0	0.0	0	0.6	0	0.0	0	0.8965813275057327	0	0.0	0	18	0	0.0	0		1		1		1		1
MMP20	PF00045	0	6.7195e-15	0	-1.7689249999999998e-14	0	1.197	0	-0.011499999999999844	0	-0.50035	0	0.08057000000000003	0	46	0	11.5	0	0.0	0	-0.4	0	-1.6989700043360187	0	-0.17609125905568135	0		1		1		1		1		1		1
MMP21	PF00045	0	4.2098e-14	0	1.768925e-14	0	1.22	0	0.011500000000000066	0	-0.66149	0	-0.08057000000000003	0	23	0	-11.5	0	0.8	0	0.4	0	-1.3467874862246563	0	0.17609125905568113	0		1		1		1		1		1		1
MMUT	PF02310	0	4.9198e-22	0	-1.2758499999997542e-09	0	1.18	0	0.27749999999999997	0	1.0944	0	-1.1093499999999998	0	1	0	-1.5	0	0.6	0	0.19999999999999996	0	1.0294243640580163	0	0.38100897265255607	0		1		1		1		1	0	0	0.0	0
MN1		0	0.99238	0		1	0.482	0		1	-2.2255	0		1	0	0		1	0.6	0		1	-1.853871964321762	0		1	4	0		1		1		1		1		1
MNX1	PF00046	0	0.84711	0	0.3848480692086053	0	0.634	0	-0.19221875	0	-1.1528	0	-1.2880996875	0	0	0	-32.64705882352941	0	0.7	0	0.044117647058823484	0	-1.2365720064370627	0	-0.06844034061045323	0		1		1	3	0	0.4615384615384617	0	0	0	0.0	0
MOCS1	PF01967	1	1.2794e-09	0	0.0	0	0.887	0	0.0	0	0.64789	0	0.0	0	0	0	0.0	0	0.2	0	0.0	0	-0.21752737583371382	0	0.0	0	25	0	0.0	0		1		1		1		1
MOCS2	PF02391	1	0.0032064	0	0.0	0	1.066	0	0.0	0	0.41632	0	0.0	0	3	0	0.0	0	0.2	0	0.0	0	0.3803921600570273	0	0.0	0	6	0	0.0	0		1		1	0	0	0.0	0
MOGS	PF03200	1	2.6946e-10	0	0.0	0	0.85	0	0.0	0	0.86484	0	0.0	0	0	0	0.0	0	0.2	0	0.0	0	1.56467789772798	0	0.0	0	12	0	0.0	0		1		1		1		1
MORC2	PF23327	1	1.0	0	0.0	0	0.3	0	0.0	0	4.4514	0	0.0	0	1	0	0.0	0	0.2	0	0.0	0	0.18497519069826102	0	0.0	0	3	0	0.0	0		1		1		1		1
MPDU1	PF04193	0	1.406e-05	0	-0.00049657	0	0.984	0	0.11499999999999999	0	0.73016	0	0.04325000000000001	0	1	0	0.5	0	0.2	0	0.0	0	1.1847198151502714	0	1.5527692845513232	0	1	0	0.0	0		1		1		1		1
MPI	PF01238	1	9.3378e-10	0	0.0	0	1.04	0	0.0	0	0.59212	0	0.0	0	0	0	0.0	0	0.2	0	0.0	0	1.1790057075648201	0	0.0	0	6	0	0.0	0		1		1		1		1
MPLKIP		0	3.1875e-07	0		1	1.815	0		1	-1.9606	0		1	0	0		1	0.2	0		1	0.6010817277840232	0		1		1		1		1		1		1		1
MPO	PF03098	0	3.3865e-16	0	-6.583977423333333e-11	0	0.992	0	0.04733333333333334	0	0.81986	0	0.021231	0	5	0	-0.33333333333333304	0	0.8	0	0.2666666666666667	0	2.305353519413985	0	1.8865569376954068	0	13	0	-10.0	0		1		1		1		1
MPV17	PF04117	1	1.4056e-10	0	0.0	0	1.368	0	0.0	0	0.72753	0	0.0	0	3	0	0.0	0	0.2	0	0.0	0	1.08639542712425	0	0.0	0		1		1		1		1		1		1
MRAP	PF15183	1	0.0032169	0	0.0	0	1.44	0	0.0	0	-0.18356	0	0.0	0	0	0	0.0	0	0.7	0	0.0	0		1		1		1		1		1		1		1		1
MRAS	PF00071	0	0.99089	0	0.41982478825	0	0.444	0	-0.2612499999999999	0	2.6024	0	0.9063969166666666	0	35	0	-19.46153846153846	0	0.6	0	0.2769230769230768	0	-0.4584207560534191	0	-1.65054518427135	0		1		1		1		1		1		1
MRE11	PF00149	0	2.5803e-10	0	-0.49998752141497754	0	0.801	0	0.17625000000000013	0	1.0907	0	-2.0652749999999997	0	0	0	-6.0	0	0.2	0	-0.2	0	1.2041471252128477	0	0.20690622410820714	0		1		1		1		1	0	0	0.0	0
MRPL3	PF00297	1	4.8414e-07	0	0.0	0	1.403	0	0.0	0	0.6074	0	0.0	0	0	0	0.0	0	0.2	0	0.0	0	1.0000434272768626	0	0.0	0	27	0	0.0	0		1		1		1		1
MRPL44	PF22892	1	1.7086e-06	0	0.0	0	1.194	0	0.0	0	0.19178	0	0.0	0	0	0	0.0	0	0.2	0	0.0	0	1.350267406047918	0	0.0	0	37	0	0.0	0		1		1		1		1
MRPS14	PF00253	1	8.0944e-05	0	0.0	0	1.264	0	0.0	0	0.61562	0	0.0	0	0	0	0.0	0	0.2	0	0.0	0	1.2122142474199413	0	0.0	0	11	0	0.0	0		1		1		1		1
MRPS2	PF00318	1	0.00017874	0	0.0	0	1.166	0	0.0	0	0.66944	0	0.0	0	0	0	0.0	0	0.2	0	0.0	0	1.1303659372652073	0	0.0	0	34	0	0.0	0		1		1		1		1
MRPS22	PF10245	1	5.5448e-07	0	0.0	0	0.927	0	0.0	0	0.40974	0	0.0	0	0	0	0.0	0	0.2	0	0.0	0	1.3617467179758969	0	0.0	0	22	0	0.0	0		1		1		1		1
MRPS23	PF10484	1	0.00013865	0	0.0	0	1.117	0	0.0	0	0.084179	0	0.0	0	0	0	0.0	0	0.2	0	0.0	0	1.5977061528194132	0	0.0	0	46	0	0.0	0		1		1		1		1
MRPS28	PF10246	1	7.1403e-06	0	0.0	0	1.643	0	0.0	0	-0.48684	0	0.0	0	0	0	0.0	0	0.2	0	0.0	0	1.2764847821093837	0	0.0	0	21	0	0.0	0		1		1		1		1
MRPS34		0	1.386e-07	0		1	1.89	0		1	-3.1029	0		1	0	0		1	0.2	0		1	1.2878241156667791	0		1	57	0		1		1		1		1		1
MRPS7	PF00177	1	0.045985	0	0.0	0	0.758	0	0.0	0	0.11313	0	0.0	0	1	0	0.0	0	0.2	0	0.0	0	1.2878241156667791	0	0.0	0	86	0	0.0	0		1		1		1		1
MSH2	PF01624	0	4.5659e-06	0	2.28294999999996e-06	0	0.672	0	-0.08449999999999991	0	-2.8782	0	0.48865000000000025	0	4	0	0.0	0	0.2	0	0.0	0	1.206852850006698	0	-0.11226349941761882	0	6	0	0.0	0	3	0	0.0	0	0	0	0.0	0
MSH6	PF01624	0	7.9694e-20	0	-2.28294999999996e-06	0	0.841	0	0.08450000000000002	0	-3.8555	0	-0.4886499999999998	0	4	0	0.0	0	0.2	0	0.0	0	1.4313798488419358	0	0.11226349941761904	0		1		1	3	0	0.0	0	0	0	0.0	0
MSL2	PF16682	1	1.0	0	0.0	0	0.169	0	0.0	0	3.003	0	0.0	0	0	0	0.0	0	0.6	0	0.0	0	-0.7569619513137056	0	0.0	0	5	0	0.0	0		1		1		1		1
MSL3	PF05712	1		1		1		1		1		1		1	3	0	0.0	0	0.2	0	0.0	0	-0.4989407377822485	0	0.0	0	6	0	0.0	0	3	0	0.0	0	0	0	0.0	0
MSRB3	PF01641	1	0.0756	0	0.0	0	0.961	0	0.0	0	0.74456	0	0.0	0	3	0	0.0	0	0.6	0	0.0	0	0.10071508657308159	0	0.0	0	8	0	0.0	0		1		1	0	0	0.0	0
MSX1	PF00046	0	0.00066306	0	-0.4615988707913947	0	1.289	0	0.4627812499999999	0	-1.4494	0	-1.5846996875000001	0	1	0	-31.647058823529413	0	0.7	0	0.044117647058823484	0	-1.3565473235138126	0	-0.18841565768720314	0		1		1	3	0	0.4615384615384617	0	0	0	0.0	0
MSX2	PF00046	0	0.0093402	0	-0.4529217307913947	0	1.013	0	0.1867812499999999	0	0.18263	0	0.0473303125	0	1	0	-31.647058823529413	0	0.6	0	-0.055882352941176494	0	-0.623423042943488	0	0.5447086228831214	0	3	0	-3.0	0		1		1	0	0	0.0	0
MT-TP		0		1		1		1		1		1		1	0	0		1		1		1		1		1		1		1		1		1		1		1
MTAP		0	1.0889e-11	0		1	1.489	0		1	0.0070921	0		1	1	0		1	0.2	0		1	1.6138523885232372	0		1	1	0		1		1		1	0	0		1
MTFMT	PF02911	1	5.42e-12	0	0.0	0	1.304	0	0.0	0	-1.0597	0	0.0	0	0	0	0.0	0	0.2	0	0.0	0	-0.9318141382538383	0	0.0	0	4	0	0.0	0		1		1	0	0	0.0	0
MTHFD1	PF01268	1	0.83441	0	0.0	0	0.51	0	0.0	0	2.9224	0	0.0	0	3	0	0.0	0	0.8	0	0.0	0	2.0374304822753917	0	0.0	0	1	0	0.0	0		1		1		1		1
MTHFR	PF02219	1	1.0506e-11	0	0.0	0	0.859	0	0.0	0	2.024	0	0.0	0	4	0	0.0	0	0.2	0	0.0	0	0.22036963245139443	0	0.0	0	28	0	0.0	0		1		1		1		1
MTHFS	PF01812	1	0.035415	0	0.0	0	0.992	0	0.0	0	-0.015753	0	0.0	0	1	0	0.0	0	0.8	0	0.0	0	0.28126068705501284	0	0.0	0	1	0	0.0	0		1		1		1		1
MTM1	PF02893	0		1		1		1		1		1		1	13	0	0.0	0	0.2	0	0.0	0	1.1553664066467044	0	0.27659892763385363	0	7	0	1.0	0	3	0	0.0	0	0	0	0.0	0
MTMR2	PF02893	0	1.1947e-11	0	0.0	0	0.9	0	0.0	0	1.6219	0	0.0	0	13	0	0.0	0	0.2	0	0.0	0	0.6021685513789972	0	-0.27659892763385363	0	5	0	-1.0	0		1		1		1		1
MTO1		0	1.7828e-10	0		1	0.82	0		1	1.7317	0		1	0	0		1	0.2	0		1	-0.3010299956639812	0		1	29	0		1		1		1	0	0		1
MTOR	PF02259	0	1.0	0	0.66666662777	0	0.268	0	-0.2763333333333333	0	9.505	0	3.1076333333333332	0	5	0	-12.666666666666668	0	0.2	0	-2.7755575615628914e-17	0	0.5466660250701842	0	0.4912101689802096	0	38	0	-1.6666666666666643	0		1		1		1		1
MTR	PF02310	0	2.5517e-09	0	1.275849999999754e-09	0	0.625	0	-0.27749999999999997	0	3.3131	0	1.10935	0	4	0	1.5	0	0.2	0	-0.2	0	0.2674064187529041	0	-0.3810089726525561	0	11	0	0.0	0		1		1	0	0	0.0	0
MTRFR		0	0.00023129	0		1	1.224	0		1	0.2956	0		1	0	0		1	0.6	0		1		1		1		1		1		1		1		1		1
MTRR	PF00667	0	1.0409e-15	0	-4.4373549999999996e-14	0	0.932	0	0.022500000000000075	0	-0.10871	0	0.123175	0	5	0	-2.5	0	0.2	0	-0.2	0	-0.09205147838772766	0	-0.9670212658871762	0		1		1		1		1	0	0	0.0	0
MTTP	PF19444	1	6.7227e-07	0	0.0	0	0.672	0	0.0	0	1.9465	0	0.0	0	0	0	0.0	0	0.7	0	0.0	0	0.19893186993220904	0	0.0	0		1		1		1		1	0	0	0.0	0
MUSK	PF01392	0	4.9211e-10	0	-0.44989999967192656	0	0.778	0	0.22899999999999998	0	1.2742	0	-0.6272666666666666	0	53	0	-12.0	0	0.6	0	0.13333333333333336	0	-2.853871964321762	0	-1.7196228144377057	0	3	0	-0.3333333333333335	0		1		1		1		1
MUTYH	PF00633	1	1.7396e-18	0	0.0	0	1.022	0	0.0	0	0.92502	0	0.0	0	1	0	0.0	0	0.2	0	0.0	0	-0.9913998282380824	0	0.0	0		1		1		1		1	0	0	0.0	0
MVK	PF08544	1	9.1415e-10	0	0.0	0	0.985	0	0.0	0	2.0515	0	0.0	0	2	0	0.0	0	0.6	0	0.0	0	0.9445320209919811	0	0.0	0	8	0	0.0	0		1		1		1		1
MYBPC1		0	0.99998	0		1	0.433	0		1	2.6433	0		1	11	0		1	0.7	0		1	0.021602716028242194	0		1	1	0		1		1		1		1		1
MYBPC3	PF00041	0	5.3289e-28	0	-0.2999953207918707	0	0.915	0	0.277	0	0.10236	0	-1.6075709999999999	0	11	0	-15.5	0	0.8	0	0.20000000000000018	0	1.5415917234937693	0	2.0827218250135244	0		1		1	3	0	0.0	0	0	0	0.0	0
MYCN	PF00010	0	0.99969	0	0.50715758125	0	0.311	0	-0.58375	0	0.08095	0	-0.2707949999999999	0	2	0	-5.875	0	0.6	0	0.11249999999999999	0	-0.5702477199975919	0	0.00600362802211829	0		1		1	3	0	0.0	0	0	0	0.0	0
MYF5	PF01586	1	1.6674e-06	0	0.0	0	1.269	0	0.0	0	-0.081277	0	0.0	0	3	0	0.0	0	0.7	0	0.0	0	-1.0177287669604316	0	0.0	0		1		1		1		1		1		1
MYH3	PF00063	0	9.1337e-16	0	-0.33333333333333276	0	0.604	0	0.08866666666666667	0	4.6656	0	-0.012699999999999712	0	44	0	0.0	0	0.6	0	-0.033333333333333326	0	0.7574719477656681	0	-0.8177427267716199	0	12	0	-1.333333333333334	0		1		1		1		1
MYH8	PF00063	0	1.0217e-37	0	-0.33333333333333365	0	0.783	0	0.2676666666666667	0	3.2291	0	-1.4492000000000003	0	44	0	0.0	0	0.7	0	0.06666666666666665	0	0.7276225779691373	0	-0.8475920965681506	0	16	0	2.666666666666666	0		1		1		1		1
MYH9	PF00063	0	1.0	0	0.6666666666666663	0	0.159	0	-0.3563333333333333	0	6.1402	0	1.4619	0	44	0	0.0	0	0.6	0	-0.033333333333333326	0	3.240549497877058	0	1.66533482333977	0	12	0	-1.333333333333334	0		1		1	0	0	0.0	0
MYL1		0	0.00024102	0		1	1.063	0		1	0.22997	0		1	4	0		1	0.7	0		1	1.0569429456728774	0		1	6	0		1		1		1		1		1
MYLK	PF16620	1	1.1732e-12	0	0.0	0	0.604	0	0.0	0	3.1672	0	0.0	0	4	0	0.0	0	0.6	0	0.0	0	1.4281509987444454	0	0.0	0		1		1	3	0	0.0	0	0	0	0.0	0
MYO15A	PF00373	0	2.3858e-82	0	-1.8244e-11	0	0.889	0	0.009000000000000008	0	0.29742	0	-0.7267399999999999	0	44	0	21.0	0	0.8	0	0.10000000000000009	0	-0.7304870557820837	0	-0.6002281326410216	0		1		1		1		1		1		1
MYO18B		0	7.7955e-52	0		1	0.911	0		1	0.092879	0		1	44	0		1	0.6	0		1	-1.3979400086720375	0		1		1		1		1		1		1		1
MYO5A	PF01843	0	0.9951	0	0.49755	0	0.461	0	-0.12299999999999994	0	5.1524	0	2.29183	0	44	0	0.0	0	0.6	0	0.0	0	0.844539302129008	0	0.46615862279829623	0	37	0	8.5	0		1		1	0	0	0.0	0
MYO5B	PF01843	0	4.8085e-26	0	-0.49755	0	0.707	0	0.123	0	0.56874	0	-2.29183	0	44	0	0.0	0	0.6	0	0.0	0	-0.08777794346758454	0	-0.4661586227982963	0	20	0	-8.5	0		1		1	0	0	0.0	0
MYO7A	PF21998	1	2.4072e-62	0	0.0	0	0.995	0	0.0	0	0.076546	0	0.0	0	44	0	0.0	0	0.6	0	0.0	0	-0.9746941347352298	0	0.0	0	1	0	0.0	0		1		1		1		1
MYOC	PF02191	1	8.5144e-11	0	0.0	0	1.343	0	0.0	0	1.1937	0	0.0	0	9	0	0.0	0	0.6	0	0.0	0	-0.37263414340726736	0	0.0	0		1		1		1		1		1		1
MYOCD		0	1.0	0		1	0.395	0		1	1.1718	0		1	2	0		1	0.6	0		1	-1.0222763947111522	0		1		1		1		1		1		1		1
MYPN		0	1.1317e-05	0		1	0.596	0		1	1.1815	0		1	9	0		1	0.6	0		1	-0.46852108295774486	0		1	6	0		1		1		1		1		1
MYRF	PF13888	1	1.0	0	0.0	0	0.215	0	0.0	0	3.5595	0	0.0	0	1	0	0.0	0	0.6	0	0.0	0	-0.721246399047171	0	0.0	0		1		1		1		1		1		1
MYT1L	PF08474	1	1.0	0	0.0	0	0.085	0	0.0	0	5.5286	0	0.0	0	5	0	0.0	0	0.6	0	0.0	0	-1.6575773191777938	0	0.0	0		1		1	3	0	0.0	0	0	0	0.0	0
NAA10	PF00583	1		1		1		1		1		1		1	4	0	0.0	0	0.2	0	0.0	0	1.5092159677725647	0	0.0	0	22	0	0.0	0		1		1	0	0	0.0	0
NAA15	PF12569	1	0.99885	0	0.0	0	0.438	0	0.0	0	2.7709	0	0.0	0	2	0	0.0	0	0.2	0	0.0	0	1.3944691923474342	0	0.0	0	19	0	0.0	0	3	0	0.0	0	0	0	0.0	0
NACC1	PF10523	1	0.99995	0	0.0	0	0.329	0	0.0	0	3.9547	0	0.0	0	28	0	0.0	0	0.2	0	0.0	0	0.27207378750000993	0	0.0	0	12	0	0.0	0		1		1		1		1
NADSYN1	PF00795	0	4.6254e-23	0	-2.71925e-05	0	1.01	0	-0.10499999999999998	0	1.1789	0	0.508075	0	0	0	-1.0	0	0.2	0	-0.2	0	-0.03385826726096737	0	-0.9725106023674509	0	7	0	-2.5	0		1		1		1		1
NAGA	PF16499	0	5.2571e-14	0	0.0	0	1.121	0	0.0	0	1.0663	0	0.0	0	1	0	-1.0	0	0.2	0	0.0	0	1.2878241156667791	0	0.32213637355191693	0	9	0	1.5	0		1		1		1		1
NAGLU	PF05089	1	2.3821e-09	0	0.0	0	1.029	0	0.0	0	0.096459	0	0.0	0	0	0	0.0	0	0.2	0	0.0	0	0.7745899502647945	0	0.0	0	17	0	0.0	0		1		1		1		1
NAGS	PF00696	0	5.5989e-11	0	-6.544497200549999e-05	0	1.178	0	0.28049999999999997	0	0.010871	0	-1.5444645	0	0	0	0.0	0	0.7	0	0.050000000000000044	0	-1.7695510786217261	0	-1.785137514298939	0		1		1		1		1		1		1
NALCN	PF00520	0	2.4439e-10	0	-0.501400937283856	0	0.579	0	0.02643749999999989	0	6.7689	0	2.7569723125000003	0	26	0	-0.0625	0	0.6	0	0.006250000000000089	0	-1.6020599913279623	0	-0.15482467572274916	0		1		1		1		1		1		1
NANS	PF03102	1	6.5759e-07	0	0.0	0	1.053	0	0.0	0	1.4417	0	0.0	0	0	0	0.0	0	0.2	0	0.0	0	1.8260812846596464	0	0.0	0		1		1		1		1		1		1
NAPB		0	7.9467e-05	0		1	1.045	0		1	0.60635	0		1	2	0		1	0.7	0		1	1.1553664066467044	0		1	7	0		1		1		1		1		1
NARS1		0	3.2746e-12	0		1	0.919	0		1	0.77292	0		1	4	0		1	0.2	0		1	1.9952006828235322	0		1		1		1		1		1		1		1
NARS2	PF00152	0	1.8081e-08	0	4.7517000000000005e-09	0	1.253	0	0.18499999999999983	0	0.13303	0	0.30439000000000005	0	4	0	0.0	0	0.2	0	0.0	0	0.5945030438200892	0	-0.69161256648278	0	25	0	0.0	0		1		1		1		1
NAXD		0	0.001564	0		1	0.843	0		1	0.33941	0		1	0	0		1	0.2	0		1	0.6999244027424767	0		1		1		1		1		1		1		1
NAXE	PF03853	1	2.1985e-07	0	0.0	0	1.079	0	0.0	0	0.54628	0	0.0	0	1	0	0.0	0	0.2	0	0.0	0	1.7050165252149725	0	0.0	0		1		1		1		1		1		1
NBAS	PF22913	1	2.4931e-43	0	0.0	0	0.761	0	0.0	0	0.22195	0	0.0	0	0	0	0.0	0	0.2	0	0.0	0	0.30556631351530394	0	0.0	0	23	0	0.0	0		1		1		1		1
NBEA	PF02138	0	1.0	0	0.6633471692333333	0	0.137	0	-0.24866666666666665	0	5.4616	0	1.8173999999999997	0	7	0	0.0	0	0.8	0	0.2666666666666667	0	0.15866398081398925	0	-0.05562871649827458	0	15	0	-3.5	0	3	0	0.0	0	0	0	0.0	0
NBN		0	1.7467e-18	0		1	1.057	0		1	0.10899	0		1	3	0		1	0.2	0		1	0.5706596700215341	0		1	13	0		1		1		1	0	0		1
NCF1	PF16621	1	0.82121	0	0.0	0	0.617	0	0.0	0	2.5881	0	0.0	0	3	0	0.0	0	0.6	0	0.0	0	0.6139474767803498	0	0.0	0	1	0	0.0	0		1		1	0	0	0.0	0
NCF2	PF00564	0	8.1564e-10	0	-1.400068e-08	0	0.799	0	-0.10299999999999987	0	2.0213	0	0.747185	0	1	0	-5.5	0	0.6	0	0.0	0	1.0414321646802651	0	0.2828078758244734	0	4	0	0.0	0		1		1	0	0	0.0	0
NCF4	PF00564	0	2.8817e-08	0	1.400068e-08	0	1.005	0	0.10299999999999998	0	0.52693	0	-0.7471850000000001	0	12	0	5.5	0	0.6	0	0.0	0	0.47581641303131816	0	-0.28280787582447353	0		1		1		1		1		1		1
NDE1		0	3.5428e-06	0		1	0.851	0		1	0.25849	0		1	1	0		1	0.2	0		1	0.44575983648863104	0		1	33	0		1		1		1	0	0		1
NDNF		0	0.8531	0		1	0.556	0		1	1.0499	0		1	0	0		1	0.6	0		1	-1.214670164989233	0		1		1		1		1		1		1		1
NDP	PF00007	0		1		1		1		1		1		1	0	0	-6.0	0	0.6	0	-0.13333333333333341	0	-0.9706162223147904	0	-0.16401994436080658	0	17	0	8.0	0	3	0	0.0	0	0	0	0.0	0
NDST1	PF12062	1	0.98664	0	0.0	0	0.484	0	0.0	0	4.325	0	0.0	0	10	0	0.0	0	0.2	0	0.0	0	-1.2518119729937995	0	0.0	0	22	0	0.0	0		1		1		1		1
NDUFA1	PF15879	1		1		1		1		1		1		1	0	0	0.0	0	0.6	0	0.0	0	0.2506639194632435	0	0.0	0	20	0	0.0	0	0	0	0.0	0	0	0	0.0	0
NDUFA10	PF01712	0	1.7415e-10	0	-3.1023925e-08	0	1.12	0	0.0024999999999999467	0	0.77873	0	0.5203150000000001	0	3	0	0.0	0	0.6	0	0.19999999999999996	0	1.7332052926568122	0	0.5812728113176391	0	22	0	-13.0	0		1		1	0	0	0.0	0
NDUFA12	PF05071	1	3.4682e-05	0	0.0	0	1.188	0	0.0	0	0.083702	0	0.0	0	0	0	0.0	0	0.6	0	0.0	0	1.3673745598741969	0	0.0	0	34	0	0.0	0		1		1		1		1
NDUFA13	PF06212	1	5.9454e-06	0	0.0	0	1.301	0	0.0	0	-0.55777	0	0.0	0	0	0	0.0	0	0.2	0	0.0	0	1.365506704077209	0	0.0	0	23	0	0.0	0		1		1		1		1
NDUFA2	PF05047	1	0.0022739	0	0.0	0	1.343	0	0.0	0	-0.5694	0	0.0	0	0	0	0.0	0	0.2	0	0.0	0	1.7611833398579595	0	0.0	0	12	0	0.0	0		1		1		1		1
NDUFA6	PF13233	1	0.0010099	0	0.0	0	1.523	0	0.0	0	0.23712	0	0.0	0	0	0	0.0	0	0.2	0	0.0	0	1.4183178671286787	0	0.0	0	6	0	0.0	0		1		1		1		1
NDUFA8	PF06747	1	0.00059673	0	0.0	0	1.108	0	0.0	0	0.71795	0	0.0	0	0	0	0.0	0	0.6	0	0.0	0	1.7283618995992307	0	0.0	0	29	0	0.0	0		1		1		1		1
NDUFA9	PF01370	1	0.003121	0	0.0	0	0.783	0	0.0	0	0.65922	0	0.0	0	0	0	0.0	0	0.2	0	0.0	0	1.7201675756030201	0	0.0	0	25	0	0.0	0		1		1		1		1
NDUFAF2		0	0.016472	0		1	1.107	0		1	0.70328	0		1	0	0		1	0.2	0		1	1.190359716265324	0		1	8	0		1		1		1	0	0		1
NDUFAF8		0	9.3729e-05	0		1	1.825	0		1	-1.1955	0		1	0	0		1	0.2	0		1	-0.3010299956639812	0		1		1		1		1		1		1		1
NDUFB11		0		1		1		1		1		1		1	0	0		1	0.6	0		1	1.513230921780242	0		1	36	0		1		1		1		1		1
NDUFB3	PF08122	1	0.0029987	0	0.0	0	1.457	0	0.0	0	0.80743	0	0.0	0	0	0	0.0	0	0.6	0	0.0	0	0.7042363373087877	0	0.0	0	59	0	0.0	0		1		1		1		1
NDUFB8	PF05821	1	0.00033511	0	0.0	0	0.937	0	0.0	0	0.62738	0	0.0	0	0	0	0.0	0	0.2	0	0.0	0	1.1732154147148859	0	0.0	0	48	0	0.0	0		1		1		1		1
NDUFB9	PF05347	0	5.7016e-07	0	-0.0005879649200000001	0	1.162	0	-0.1625000000000001	0	0.7523	0	0.92255	0	0	0	-0.5	0	0.6	0	0.19999999999999996	0	1.4785809237422776	0	0.6599584714641442	0	34	0	10.5	0		1		1		1		1
NDUFS1	PF13510	1	9.2715e-12	0	0.0	0	0.836	0	0.0	0	0.5895	0	0.0	0	2	0	0.0	0	0.6	0	0.0	0	2.004325673706721	0	0.0	0	11	0	0.0	0		1		1		1		1
NDUFS2	PF00346	1	1.2594e-05	0	0.0	0	0.69	0	0.0	0	2.2634	0	0.0	0	0	0	0.0	0	0.6	0	0.0	0	1.4927743532551279	0	0.0	0	12	0	0.0	0		1		1		1		1
NDUFS3	PF00329	1	0.0004259	0	0.0	0	0.856	0	0.0	0	0.46001	0	0.0	0	0	0	0.0	0	0.6	0	0.0	0	1.845724213278845	0	0.0	0	31	0	0.0	0		1		1		1		1
NDUFS4	PF04800	1	2.0012e-09	0	0.0	0	1.519	0	0.0	0	-0.032322	0	0.0	0	1	0	0.0	0	0.2	0	0.0	0	1.2833238476187863	0	0.0	0	36	0	0.0	0		1		1		1		1
NDUFS6	PF10276	1	1.3092e-05	0	0.0	0	1.54	0	0.0	0	-1.1181	0	0.0	0	0	0	0.0	0	0.6	0	0.0	0	1.6919739298012708	0	0.0	0	64	0	0.0	0		1		1	0	0	0.0	0
NDUFS7	PF01058	1	0.1577	0	0.0	0	0.726	0	0.0	0	0.80075	0	0.0	0	0	0	0.0	0	0.6	0	0.0	0	1.4502645085598516	0	0.0	0	56	0	0.0	0		1		1	0	0	0.0	0
NDUFS8	PF12838	1	0.034248	0	0.0	0	0.775	0	0.0	0	1.1262	0	0.0	0	0	0	0.0	0	0.2	0	0.0	0	1.6683952362140808	0	0.0	0	12	0	0.0	0		1		1	0	0	0.0	0
NDUFV1	PF01512	1	2.7524e-13	0	0.0	0	1.086	0	0.0	0	1.2394	0	0.0	0	0	0	0.0	0	0.2	0	0.0	0	1.737995265830911	0	0.0	0	11	0	0.0	0		1		1	0	0	0.0	0
NDUFV2	PF01257	1	0.82792	0	0.0	0	0.604	0	0.0	0	-0.19504	0	0.0	0	0	0	0.0	0	0.2	0	0.0	0	1.5809363743313305	0	0.0	0	41	0	0.0	0		1		1	0	0	0.0	0
NEB	PF00880	1	5.309e-52	0	0.0	0	0.597	0	0.0	0	2.2497	0	0.0	0	4	0	0.0	0	0.7	0	0.0	0	-1.1739251972991736	0	0.0	0	3	0	0.0	0		1		1		1		1
NECTIN4	PF08205	0	0.86378	0	0.5758356763333333	0	0.538	0	-0.17633333333333323	0	0.84593	0	0.03209333333333331	0	14	0	2.0	0	0.7	0	-0.03333333333333344	0	-0.04431224968649419	0	0.037101845238252426	0		1		1		1		1		1		1
NEK1	PF00069	0	9.1878e-23	0	-0.394524291855008	0	0.959	0	0.3044285714285714	0	0.90172	0	-1.3521504761904763	0	8	0	-8.375	0	0.2	0	-0.1333333333333333	0	-0.563837352959244	0	-0.6259753137567061	0	22	0	0.7826086956521756	0		1		1	0	0	0.0	0
NEK8	PF00069	0	1.7709e-11	0	-0.394524291837299	0	0.835	0	0.18042857142857138	0	1.8875	0	-0.36637047619047647	0	16	0	-0.375	0	0.2	0	-0.1333333333333333	0	-0.03526907894637064	0	-0.09740703974383276	0	1	0	-20.217391304347824	0		1		1		1		1
NEU1	PF13088	1	4.2346e-10	0	0.0	0	1.045	0	0.0	0	2.2717	0	0.0	0	3	0	0.0	0	0.2	0	0.0	0	0.4488608456074407	0	0.0	0		1		1		1		1		1		1
NEXMIF		0		1		1		1		1		1		1	3	0		1	0.6	0		1	-2.0457574905606752	0		1		1		1	3	0		1	0	0		1
NF1	PF13716	0	0.99946	0	-0.00026999999999999247	0	0.449	0	0.11599999999999999	0	8.4243	0	1.8656000000000006	0	10	0	-6.0	0	0.2	0	0.0	0	0.08671566394488242	0	0.11711783515401304	0	29	0	11.5	0	3	0	0.0	0	0	0	0.0	0
NF2	PF00769	1	1.0	0	0.0	0	0.187	0	0.0	0	2.853	0	0.0	0	6	0	0.0	0	0.2	0	0.0	0	0.3484995702838377	0	0.0	0	12	0	0.0	0	3	0	0.0	0	0	0	0.0	0
NFASC	PF13882	0	1.0	0	0.0	0	0.362	0	0.0	0	3.5241	0	0.0	0	36	0	0.0	0	0.6	0	0.0	0	0.6740340004312549	0	0.05110437569521287	0		1		1		1		1		1		1
NFE2L2	PF03131	0	0.5022	0	0.008226666660456627	0	0.575	0	-0.41200000000000014	0	2.2152	0	1.1855533333333332	0	3	0	-2.0	0	0.2	0	-0.3333333333333333	0	-0.5900668766687055	0	0.24745099838830864	0	2	0	-1.0	0		1		1		1		1
NFIA	PF00859	0	1.0	0	0.0	0	0.175	0	-0.013999999999999985	0	3.628	0	-0.11453333333333271	0	3	0	0.0	0	0.2	0	-0.1333333333333333	0	0.5354207180561734	0	0.08133002354324931	0	1	0	-0.6666666666666667	0	3	0	0.0	0	0	0	0.0	0
NFIB	PF00859	0	1.0	0	0.0	0	0.3	0	0.11100000000000002	0	2.2398	0	-1.502733333333333	0	3	0	0.0	0	0.2	0	-0.1333333333333333	0	0.38578495884333575	0	-0.06830573566958836	0	3	0	1.3333333333333333	0	3	0	0.0	0	0	0	0.0	0
NFIX	PF00859	0	1.0	0	0.0	0	0.092	0	-0.09699999999999998	0	5.3598	0	1.617266666666667	0	3	0	0.0	0	0.6	0	0.26666666666666666	0	0.4410664066392631	0	-0.013024287873661	0	1	0	-0.6666666666666667	0	3	0	0.0	0	0	0	0.0	0
NFU1	PF08712	1	7.2341e-05	0	0.0	0	1.544	0	0.0	0	-0.020341	0	0.0	0	0	0	0.0	0	0.2	0	0.0	0	1.0682229793464495	0	0.0	0		1		1		1		1		1		1
NGF	PF00243	1	0.7686	0	0.0	0	0.67	0	0.0	0	1.243	0	0.0	0	3	0	0.0	0	0.6	0	0.0	0	-1.8239087409443189	0	0.0	0		1		1		1		1		1		1
NGLY1	PF04721	1	1.8541e-16	0	0.0	0	1.008	0	0.0	0	0.13348	0	0.0	0	0	0	0.0	0	0.2	0	0.0	0	0.5025636691073634	0	0.0	0	14	0	0.0	0		1		1	0	0	0.0	0
NHLRC2	PF01436	0	0.040434	0	0.0167023	0	0.724	0	-0.0030000000000000027	0	0.745	0	-0.5046	0	0	0	-40.0	0	0.2	0	0.0	0	1.3765952043404752	0	0.7202922043126329	0	4	0	-9.0	0		1		1		1		1
NHS	PF15273	1		1		1		1		1		1		1	3	0	0.0	0	0.2	0	0.0	0	-1.031517051446065	0	0.0	0	1	0	0.0	0	3	0	0.0	0	0	0	0.0	0
NIPAL4	PF05653	1	4.5525e-05	0	0.0	0	1.037	0	0.0	0	1.1053	0	0.0	0	5	0	0.0	0	0.6	0	0.0	0	-1.6777807052660807	0	0.0	0		1		1		1		1		1		1
NIPBL	PF12765	1	1.0	0	0.0	0	0.057	0	0.0	0	6.6991	0	0.0	0	0	0	0.0	0	0.2	0	0.0	0	0.31618009889345255	0	0.0	0	8	0	0.0	0	3	0	0.0	0	1	0	0.0	0
NKX2-1	PF00046	0	0.9636	0	0.5013380692086054	0	0.522	0	-0.30421875	0	0.57315	0	0.43785031250000006	0	13	0	-19.647058823529413	0	0.7	0	0.044117647058823484	0	0.0004340774793185929	0	1.168565743305928	0		1		1		1		1		1		1
NKX2-5	PF00046	0	0.99954	0	0.5372780692086052	0	0.321	0	-0.50521875	0	0.35138	0	0.21608031250000004	0	13	0	-19.647058823529413	0	0.8	0	0.14411764705882357	0	-1.0757207139381184	0	0.09241095188849102	0	4	0	-2.0	0	3	0	0.4615384615384617	0	0	0	0.0	0
NKX3-2		0	0.00027059	0		1	1.203	0		1	-2.6316	0		1	13	0		1	0.8	0		1	-0.8761483590329142	0		1		1		1		1		1		1		1
NKX6-2	PF00046	0	8.897e-07	0	-0.4622610410913947	0	1.68	0	0.8537812499999999	0	-1.8227	0	-1.9579996875	0	13	0	-19.647058823529413	0	0.8	0	0.14411764705882357	0	-1.494850021680094	0	-0.3267183558534845	0	1	0	-5.0	0		1		1		1		1
NLGN3	PF00135	0		1		1		1		1		1		1	13	0	0.0	0	0.6	0	-0.06666666666666665	0	-1.1023729087095586	0	-0.5733910735491771	0	14	0	6.5	0	0	0	0.0	0	0	0	0.0	0
NLGN4X	PF00135	0		1		1		1		1		1		1	13	0	0.0	0	0.6	0	-0.06666666666666665	0	-1.2006594505464183	0	-0.6716776153860368	0	1	0	-6.5	0		1		1	0	0	0.0	0
NLRP2	PF13516	0	7.8103e-36	0	-1.35715e-08	0	1.232	0	-0.026000000000000023	0	-1.0505	0	-0.482179	0	20	0	5.0	0	0.2	0	0.1	0	0.42829681398287955	0	0.2512346196790686	0		1		1		1		1		1		1
NLRP3	PF14484	1	9.769e-06	0	0.0	0	0.639	0	0.0	0	3.5159	0	0.0	0	20	0	0.0	0	0.8	0	0.0	0	-1.537602002101044	0	0.0	0		1		1		1		1		1		1
NMNAT1	PF01467	0	5.4024e-06	0	-0.006406074179666667	0	1.312	0	0.2623333333333333	0	1.257	0	0.24306666666666654	0	2	0	0.0	0	0.2	0	-0.1333333333333333	0	0.2857822737793947	0	-0.5128317576790059	0	63	0	36.0	0		1		1		1		1
NNT	PF01262	1	0.0047582	0	0.0	0	0.588	0	0.0	0	2.1843	0	0.0	0	0	0	0.0	0	0.6	0	0.0	0	1.8488108524881521	0	0.0	0	6	0	0.0	0		1		1		1		1
NOD2	PF00619	0	2.3754e-22	0	-0.15343480000000004	0	1.033	0	0.026200000000000223	0	0.92884	0	0.47248999999999997	0	20	0	14.8	0	0.6	0	0.16000000000000003	0	-1.8860566476931633	0	-1.4420399697822313	0	3	0	-2.666666666666667	0		1		1		1		1
NODAL		0	0.16392	0		1	0.854	0		1	0.23715	0		1	31	0		1	0.6	0		1	-2.3979400086720375	0		1	1	0		1		1		1	0	0		1
NOG	PF05806	1	0.99555	0	0.0	0	0.367	0	0.0	0	1.4066	0	0.0	0	0	0	0.0	0	0.6	0	0.0	0	-1.3979400086720375	0	0.0	0	32	0	0.0	0	3	0	0.0	0	0	0	0.0	0
NONO	PF08075	1		1		1		1		1		1		1	7	0	0.0	0	0.2	0	0.0	0	2.5634822719897348	0	0.0	0	10	0	0.0	0	3	0	0.0	0	0	0	0.0	0
NOTCH1	PF00023	0	1.0	0	0.727206732346308	0	0.217	0	-0.46045454545454545	0	3.6962	0	1.2758565454545456	0	7	0	2.545454545454546	0	0.2	0	-0.22727272727272718	0	-0.06449273417528721	0	0.6353549635295339	0	12	0	-23.125	0	3	0	1.0	0	0	0	0.0	0
NOTCH2	PF00023	0	1.0	0	0.727206732346308	0	0.151	0	-0.5264545454545454	0	6.0469	0	3.6265565454545454	0	7	0	2.545454545454546	0	0.2	0	-0.22727272727272718	0	0.19061179781360493	0	0.8904594955184261	0	194	0	158.875	0	0	0	-2.0	0	0	0	0.0	0
NOTCH3	PF00023	0	1.5089e-07	0	-0.27279311676369206	0	0.566	0	-0.11145454545454547	0	1.8748	0	-0.5455434545454545	0	7	0	2.545454545454546	0	0.6	0	0.17272727272727278	0	-0.3098039199714863	0	0.3900437777333348	0	36	0	0.875	0		1		1		1		1
NPC1	PF22314	1	6.0265e-11	0	0.0	0	0.676	0	0.0	0	1.7197	0	0.0	0	10	0	0.0	0	0.2	0	0.0	0	0.21245396104027575	0	0.0	0	5	0	0.0	0		1		1		1		1
NPC2	PF02221	0	2.2188e-06	0	-0.059333890599999994	0	1.422	0	0.2270000000000001	0	0.46551	0	0.13802999999999999	0	0	0	0.0	0	0.8	0	0.30000000000000004	0	2.041396633271933	0	0.18326315546482896	0	17	0	-4.0	0		1		1		1		1
NPHP1		0	4.482e-10	0		1	0.92	0		1	0.65749	0		1	0	0		1	0.6	0		1	-1.3467874862246563	0		1	11	0		1		1		1	0	0		1
NPHP3	PF25022	1	1.4471e-21	0	0.0	0	0.873	0	0.0	0	0.91316	0	0.0	0	5	0	0.0	0	0.2	0	0.0	0	-1.0	0	0.0	0	16	0	0.0	0		1		1		1		1
NPHP4	PF26015	1	1.9288e-50	0	0.0	0	1.183	0	0.0	0	-0.325	0	0.0	0	0	0	0.0	0	0.2	0	0.0	0	-1.3010299956639813	0	0.0	0	11	0	0.0	0		1		1		1		1
NPHS1	PF08205	0	1.6386e-26	0	-0.28794432366666667	0	0.871	0	0.15666666666666673	0	1.0229	0	0.20906333333333327	0	3	0	-9.0	0	0.7	0	-0.03333333333333344	0	-0.36754270781527576	0	-0.28612861289052915	0	8	0	3.0	0		1		1	0	0	0.0	0
NPHS2	PF01145	1	9.7871e-12	0	0.0	0	1.319	0	0.0	0	0.04525	0	0.0	0	4	0	0.0	0	0.8	0	0.0	0	-0.8239087409443188	0	0.0	0		1		1		1		1		1		1
NPR2	PF01094	0	0.44949	0	-0.1566896255555556	0	0.517	0	0.0755555555555556	0	4.5979	0	1.100537	0	17	0	-1.6999999999999993	0	0.2	0	-0.4799999999999999	0	-1.2596373105057561	0	-0.3255540949102489	0		1		1		1		1		1		1
NPR3		0	1.2828e-05	0		1	0.92	0		1	0.5766	0		1	17	0		1	0.6	0		1	-1.1674910872937636	0		1		1		1		1		1		1		1
NPRL2	PF06218	1	0.5771	0	0.0	0	0.564	0	0.0	0	2.0745	0	0.0	0	0	0	0.0	0	0.2	0	0.0	0	-1.0555173278498313	0	0.0	0	9	0	0.0	0		1		1		1		1
NPRL3	PF24064	1	0.064111	0	0.0	0	0.653	0	0.0	0	0.39418	0	0.0	0	0	0	0.0	0	0.2	0	0.0	0	-0.8728952016351923	0	0.0	0	20	0	0.0	0	3	0	0.0	0	0	0	0.0	0
NR0B1	PF00104	0		1		1		1		1		1		1	1	0	-9.461538461538462	0	0.7	0	0.11538461538461542	0	-1.1611509092627446	0	-0.14639313388817232	0		1		1	3	0	0.75	0	0	0	0.0	0
NR2E3	PF00104	0	7.8371e-15	0	-0.7513133333333261	0	1.47	0	1.0148333333333333	0	-0.87685	0	-3.5841708333333337	0	11	0	0.5384615384615383	0	0.8	0	0.2153846153846155	0	-1.744727494896694	0	-0.7299697195221218	0	1	0	-12.25	0		1		1		1		1
NR2F1	PF00104	0	1.0	0	0.24868666666666606	0	0.133	0	-0.32216666666666666	0	4.6926	0	1.985279166666666	0	11	0	0.5384615384615383	0	0.2	0	-0.3846153846153845	0	-0.08407278830288423	0	0.930684987071688	0	5	0	-8.25	0	3	0	0.75	0	0	0	0.0	0
NR2F2	PF00104	0	1.0	0	0.24868666666666606	0	0.197	0	-0.25816666666666666	0	4.2064	0	1.4990791666666667	0	11	0	0.5384615384615383	0	0.2	0	-0.3846153846153845	0	-0.33818731446273875	0	0.6765704609118335	0	79	0	65.75	0	0	0	-2.25	0	0	0	0.0	0
NR3C1	PF02155	1	1.0	0	0.0	0	0.294	0	0.0	0	3.0576	0	0.0	0	8	0	0.0	0	0.2	0	0.0	0	0.38756777941718856	0	0.0	0	13	0	0.0	0		1		1		1		1
NR3C2	PF00104	0	1.0	0	0.24868666666666606	0	0.268	0	-0.18716666666666665	0	2.9983	0	0.29097916666666634	0	8	0	-2.4615384615384617	0	0.2	0	-0.3846153846153845	0	-1.3010299956639813	0	-0.286272220289409	0	1	0	-12.25	0	3	0	0.75	0	0	0	0.0	0
NR4A2	PF00104	0	1.0	0	0.24868666666666606	0	0.093	0	-0.36216666666666664	0	2.3057	0	-0.40162083333333376	0	2	0	-8.461538461538462	0	0.6	0	0.015384615384615441	0	0.5225746326911768	0	1.537332408065749	0		1		1	3	0	0.75	0	0	0	0.0	0
NR5A1	PF00104	0	0.99998	0	0.24866666666666604	0	0.314	0	-0.14116666666666666	0	2.4175	0	-0.28982083333333364	0	1	0	-9.461538461538462	0	0.7	0	0.11538461538461542	0	-1.3467874862246563	0	-0.33202971085008404	0		1		1	3	0	0.75	0	0	0	0.0	0
NRAS	PF00071	0	0.93745	0	0.36638478825	0	0.55	0	-0.1552499999999999	0	2.2441	0	0.5480969166666667	0	35	0	-19.46153846153846	0	0.2	0	-0.12307692307692314	0	1.4624129733125506	0	0.2702885450946195	0	7	0	-4.583333333333334	0	0	0	-0.75	0	0	0	0.0	0
NRL	PF03131	0	1.863e-11	0	-0.49397333332091337	0	1.917	0	0.9299999999999999	0	-0.57486	0	-1.6045066666666665	0	6	0	1.0	0	0.8	0	0.2666666666666667	0	-1.0655015487564323	0	-0.2279836736994182	0		1		1		1		1		1		1
NRROS	PF00560	1	0.10908	0	0.0	0	0.909	0	0.0	0	0.92352	0	0.0	0	22	0	0.0	0	0.6	0	0.0	0	-1.4685210829577449	0	0.0	0		1		1		1		1		1		1
NRXN1		0	1.0	0		1	0.317	0		1	1.2953	0		1	35	0		1	0.8	0		1	-0.3018994543766101	0		1		1		1	3	0		1	0	0		1
NSD1	PF17907	0	1.0	0	0.0	0	0.144	0	-0.009000000000000008	0	5.7561	0	0.5629999999999997	0	19	0	0.0	0	0.2	0	-2.7755575615628914e-17	0	-0.9829666607012196	0	-0.6086488446627155	0	16	0	-12.5	0	3	0	0.0	0	0	0	0.0	0
NSD2	PF17907	0	1.0	0	0.0	0	0.139	0	-0.013999999999999985	0	5.6661	0	0.47299999999999986	0	19	0	0.0	0	0.2	0	-2.7755575615628914e-17	0	0.041787318971751766	0	0.41610513501025587	0		1		1	3	0	0.0	0	0	0	0.0	0
NSDHL	PF01073	0		1		1		1		1		1		1	10	0	0.0	0	0.2	0	-0.3	0	1.328399992372424	0	0.9861870675896506	0	5	0	0.0	0	3	0	0.0	0	0	0	0.0	0
NSMCE3	PF01454	0		1		1		1		1	-1.0683	0	0.26744999999999997	0	37	0	0.0	0	0.2	0	-0.24999999999999994	0	0.013258665283516512	0	0.8257654146329618	0		1		1		1		1		1		1
NSRP1		0	0.52682	0		1	0.582	0		1	0.9203	0		1	1	0		1	0.2	0		1	0.5429498488141788	0		1		1		1		1		1		1		1
NT5C3A	PF05822	1	0.00092412	0	0.0	0	1.137	0	0.0	0	0.66849	0	0.0	0	1	0	0.0	0	0.6	0	0.0	0	1.1335708406140392	0	0.0	0		1		1		1		1		1		1
NT5E	PF02872	1	4.0083e-18	0	0.0	0	1.254	0	0.0	0	0.64818	0	0.0	0	0	0	0.0	0	0.6	0	0.0	0	0.6749529480485654	0	0.0	0	28	0	0.0	0		1		1		1		1
NTHL1		0	8.395e-12	0		1	1.381	0		1	-1.6971	0		1	1	0		1	0.2	0		1	-0.03432802877989328	0		1	10	0		1		1		1	0	0		1
NTNG2	PF00053	0	0.98038	0	0.8578324999999378	0	0.501	0	-0.22024999999999995	0	2.1682	0	0.6129325000000001	0	27	0	-6.75	0	0.6	0	0.08750000000000002	0	-0.8860566476931632	0	-0.9688648236167898	0		1		1		1		1		1		1
NTRK1	PF13855	0	1.1294e-16	0	-1.3762999994352998e-07	0	0.954	0	0.07099999999999995	0	0.91609	0	0.11652999999999991	0	53	0	22.5	0	0.6	0	0.09999999999999998	0	-1.3098039199714864	0	-0.3168331862996303	0		1		1		1		1		1		1
NUBPL	PF10609	1	0.00035866	0	0.0	0	0.896	0	0.0	0	-0.40778	0	0.0	0	2	0	0.0	0	0.2	0	0.0	0	0.6740340004312549	0	0.0	0	1	0	0.0	0		1		1		1		1
NUDT2		0	0.00032999	0		1	1.28	0		1	0.47067	0		1	0	0		1	0.2	0		1	1.4313798488419358	0		1	1	0		1		1		1		1		1
NUP107	PF04121	1	2.8313e-09	0	0.0	0	0.833	0	0.0	0	1.4595	0	0.0	0	0	0	0.0	0	0.2	0	0.0	0	1.0969447551769405	0	0.0	0	8	0	0.0	0		1		1		1		1
NUP133	PF03177	1	0.015088	0	0.0	0	0.57	0	0.0	0	1.07	0	0.0	0	0	0	0.0	0	0.2	0	0.0	0	1.079217435746567	0	0.0	0	12	0	0.0	0		1		1		1		1
NUP188		0	6.3884e-05	0		1	0.539	0		1	2.4339	0		1	0	0		1	0.2	0		1	0.6295115342004532	0		1	1	0		1		1		1		1		1
NUP214		0	0.99889	0		1	0.457	0		1	1.1794	0		1	6	0		1	0.6	0		1	1.1238842934600077	0		1	8	0		1		1		1		1		1
NUP62	PF05064	1	0.99984	0	0.0	0	0.158	0	0.0	0	0.89112	0	0.0	0	1	0	0.0	0	0.2	0	0.0	0	1.6085367303538822	0	0.0	0	72	0	0.0	0		1		1		1		1
NUS1	PF01255	1	0.99945	0	0.0	0	0.182	0	0.0	0	1.0355	0	0.0	0	0	0	0.0	0	0.2	0	0.0	0	-0.8696662315049939	0	0.0	0	30	0	0.0	0	3	0	0.0	0	0	0	0.0	0
NYX	PF13855	0		1		1		1		1		1		1	22	0	-8.5	0	0.0	0	-0.5	0	-2.978810700930062	0	-1.985839967258206	0	10	0	1.0	0	3	0	0.0	0	0	0	0.0	0
OAT	PF00202	0	2.2793e-07	0	1.13906215e-07	0	0.968	0	0.04849999999999999	0	1.6632	0	0.4548699999999999	0	4	0	0.0	0	0.6	0	0.0	0	1.598801446032946	0	0.19064559086945954	0		1		1		1		1		1		1
OBSL1		0	2.7825e-57	0		1	1.212	0		1	-1.0499	0		1	11	0		1	0.6	0		1	-0.6819366650372385	0		1	46	0		1		1		1	0	0		1
OCA2	PF03600	1	1.9006e-14	0	0.0	0	0.869	0	0.0	0	0.96565	0	0.0	0	5	0	0.0	0	0.8	0	0.0	0	-2.886056647693163	0	0.0	0	3	0	0.0	0		1		1	0	0	0.0	0
OCLN	PF01284	0	0.016764	0	0.0	0	0.728	0	0.0	0	2.0729	0	0.0	0	5	0	1.0	0	0.6	0	0.0	0	0.37309598707872693	0	-0.2776755380652276	0	32	0	3.0	0		1		1		1		1
OCRL	PF22669	0		1		1		1		1		1		1	13	0	-3.0	0	0.2	0	0.0	0	0.04571405894086761	0	0.6003080094633053	0	18	0	7.0	0	3	0	0.0	0	0	0	0.0	0
ODAD1		0	1.1861e-10	0		1	0.904	0		1	0.70467	0		1	3	0		1	0.7	0		1		1		1		1		1		1		1		1		1
ODAD2		0	2.9467e-18	0		1	0.977	0		1	0.90537	0		1	4	0		1	0.6	0		1		1		1		1		1		1		1		1		1
ODAD3		0	2.4574e-16	0		1	1.019	0		1	-0.31678	0		1	3	0		1	0.6	0		1		1		1		1		1		1		1		1		1
ODAD4		0	1.0902e-10	0		1	1.044	0		1	1.4133	0		1	0	0		1	0.7	0		1		1		1		1		1		1		1		1		1
ODC1		0	0.23096	0		1	0.617	0		1	1.7383	0		1	51	0		1	0.2	0		1	-1.4685210829577449	0		1	1	0		1		1		1		1		1
OFD1	PF16045	1		1		1		1		1		1		1	0	0	0.0	0	0.2	0	0.0	0	-0.3535962737769304	0	0.0	0	30	0	0.0	0	3	0	0.0	0	0	0	0.0	0
OGT	PF13844	1		1		1		1		1		1		1	14	0	0.0	0	0.2	0	0.0	0	0.7896512087934097	0	0.0	0	14	0	0.0	0		1		1		1		1
ONECUT1		0	0.025697	0		1	0.823	0		1	-0.14587	0		1	2	0		1	0.7	0		1	-1.0969100130080565	0		1	2	0		1		1		1		1		1
OPA1	PF00350	1	0.92269	0	0.0	0	0.503	0	0.0	0	2.7012	0	0.0	0	7	0	0.0	0	0.2	0	0.0	0	1.416657146654844	0	0.0	0	13	0	0.0	0		1		1		1		1
OPA3	PF07047	1	0.00025087	0	0.0	0	1.92	0	0.0	0	0.53825	0	0.0	0	0	0	0.0	0	0.2	0	0.0	0	-0.2924298239020636	0	0.0	0	10	0	0.0	0		1		1		1		1
OPHN1	PF16746	1		1		1		1		1		1		1	3	0	0.0	0	0.2	0	0.0	0	-0.34969247686806354	0	0.0	0	2	0	0.0	0	3	0	0.0	0	0	0	0.0	0
OPN1LW	PF00001	0		1		1		1		1		1		1	9	0	-5.125	0	0.8	0	0.07500000000000007	0	-0.9546770212133425	0	0.5470581136892617	0	1	0	-7.166666666666666	0		1		1		1		1
ORC1	PF00004	0	8.5922e-10	0	-0.1703240003371491	0	0.719	0	0.006800000000000028	0	1.5642	0	-0.07414199999999971	0	50	0	42.0	0	0.6	0	0.19999999999999996	0	-0.518557371497695	0	-1.2023499014193155	0	6	0	-9.5	0		1		1		1		1
ORC4	PF13191	1	0.0050398	0	0.0	0	1.532	0	0.0	0	0.2977	0	0.0	0	0	0	0.0	0	0.2	0	0.0	0	0.2789821168654431	0	0.0	0	3	0	0.0	0		1		1	0	0	0.0	0
ORC6	PF05460	1	1.3973e-10	0	0.0	0	1.784	0	0.0	0	-0.43298	0	0.0	0	0	0	0.0	0	0.6	0	0.0	0	-0.2798406965940431	0	0.0	0	7	0	0.0	0		1		1		1		1
OSGEP	PF00814	1	1.4701e-09	0	0.0	0	1.123	0	0.0	0	1.0499	0	0.0	0	1	0	0.0	0	0.2	0	0.0	0	1.017075096376059	0	0.0	0	11	0	0.0	0		1		1		1		1
OTC	PF00185	1		1		1		1		1		1		1	2	0	0.0	0	0.7	0	0.0	0	0.48869169831694065	0	0.0	0	6	0	0.0	0	3	0	0.0	0	0	0	0.0	0
OTOF	PF00168	0	5.4095e-65	0	-0.3483771428849117	0	1.017	0	0.3432857142857141	0	1.1131	0	-1.030044285714286	0	4	0	-6.357142857142858	0	0.7	0	0.1785714285714285	0	-1.0506099933550872	0	-0.7742013330134571	0	1	0	-15.444444444444443	0		1		1		1		1
OTOGL		0	3.7715e-65	0		1	1.069	0		1	-1.0765	0		1	19	0		1	0.7	0		1	-2.0969100130080562	0		1		1		1		1		1	0	0		1
OTUD6B		0	1.4689e-06	0		1	1.478	0		1	-0.26311	0		1	5	0		1	0.2	0		1	1.004364371107751	0		1	3	0		1		1		1		1		1
OTULIN	PF16218	1	0.14159	0	0.0	0	0.667	0	0.0	0	2.1003	0	0.0	0	1	0	0.0	0	0.6	0	0.0	0	0.6740340004312549	0	0.0	0		1		1		1		1		1		1
OTX2	PF00046	0	0.9998	0	0.5375380692086054	0	0.324	0	-0.5022187499999999	0	1.6615	0	1.5262003124999999	0	50	0	17.352941176470587	0	0.7	0	0.044117647058823484	0	-0.744727494896694	0	0.42340417092991545	0	6	0	0.0	0	3	0	0.4615384615384617	0	0	0	0.0	0
OXCT1	PF01144	1	0.96509	0	0.0	0	0.521	0	0.0	0	2.3964	0	0.0	0	1	0	0.0	0	0.6	0	0.0	0	2.0086044295300844	0	0.0	0	2	0	0.0	0		1		1		1		1
OXR1		0	0.99064	0		1	0.482	0		1	0.47797	0		1	19	0		1	0.2	0		1	0.4379090355394984	0		1	1	0		1		1		1		1		1
P3H1		0	2.1582e-22	0		1	1.049	0		1	0.97362	0		1	2	0		1	0.2	0		1	0.9201755220100227	0		1		1		1		1		1	0	0		1
P3H2		0	3.7084e-19	0		1	1.249	0		1	-1.6098	0		1	2	0		1	0.2	0		1	-0.44977164694490596	0		1		1		1		1		1		1		1
P4HTM	PF13640	0	1.2041e-06	0	-0.00644839795	0	0.815	0	0.038000000000000034	0	1.8747	0	0.48008000000000006	0	3	0	0.5	0	0.6	0	-0.04999999999999993	0	-0.208309350979882	0	-0.3301246101724925	0		1		1		1		1		1		1
PACS1	PF25332	1	1.0	0	0.0	0	0.3	0	0.0	0	3.883	0	0.0	0	1	0	0.0	0	0.2	0	0.0	0	0.9643067823039365	0	0.0	0	8	0	0.0	0	0	0	0.0	0	0	0	0.0	0
PADI3	PF03068	1	6.5376e-12	0	0.0	0	0.9	0	0.0	0	1.0956	0	0.0	0	4	0	0.0	0	0.7	0	0.0	0	0.24821856119007474	0	0.0	0	19	0	0.0	0		1		1		1		1
PAFAH1B1	PF24951	1	1.0	0	0.0	0	0.1	0	0.0	0	3.7117	0	0.0	0	26	0	0.0	0	0.2	0	0.0	0	1.6541861713606032	0	0.0	0	3	0	0.0	0	3	0	0.0	0	0	0	0.0	0
PAH	PF01842	1	9.0947e-20	0	0.0	0	1.265	0	0.0	0	-0.00030735	0	0.0	0	3	0	0.0	0	0.7	0	0.0	0	-0.09691001300805639	0	0.0	0		1		1		1		1	0	0	0.0	0
PAK1	PF00786	0	0.05959	0	0.0	0	0.705	0	0.0	0	3.8202	0	0.0	0	44	0	-6.5	0	0.6	0	0.0	0	1.008642747565285	0	0.17670412026549542	0	22	0	10.0	0		1		1		1		1
PAK3	PF00786	0		1		1		1		1		1		1	57	0	6.5	0	0.6	0	0.0	0	0.6552345070342942	0	-0.17670412026549542	0	2	0	-10.0	0	3	0	0.0	0	0	0	0.0	0
PALB2	PF16756	1	1.2379e-19	0	0.0	0	0.9	0	0.0	0	0.8204	0	0.0	0	0	0	0.0	0	0.2	0	0.0	0	-0.7423214251308154	0	0.0	0	8	0	0.0	0	3	0	0.0	0	0	0	0.0	0
PANK2	PF03630	1	4.521e-11	0	0.0	0	1.115	0	0.0	0	-0.044	0	0.0	0	3	0	0.0	0	0.2	0	0.0	0	-0.20690839982341983	0	0.0	0	9	0	0.0	0		1		1		1		1
PAPSS2	PF01583	1	6.3954e-14	0	0.0	0	1.141	0	0.0	0	1.4628	0	0.0	0	1	0	0.0	0	0.6	0	0.0	0	0.8998751960210107	0	0.0	0	7	0	0.0	0		1		1		1		1
PARK7	PF01965	1	0.0013008	0	0.0	0	1.025	0	0.0	0	0.36438	0	0.0	0	0	0	0.0	0	0.2	0	0.0	0	2.8162419630362874	0	0.0	0		1		1		1		1	0	0	0.0	0
PARN	PF04857	0	0.002465	0	0.0012324999999999739	0	0.918	0	-0.15350000000000008	0	-0.2312	0	-1.12675	0	2	0	0.0	0	0.2	0	0.0	0	0.7952541825808829	0	0.07049067774158624	0	25	0	-12.0	0		1		1		1		1
PAX1	PF00292	0	0.00067656	0	-0.74778258	0	0.86	0	0.31975	0	-2.1968	0	-2.5084475	0	50	0	0.0	0	0.8	0	0.09999999999999998	0	-1.1804560644581312	0	-0.36147538638650367	0		1		1		1		1	0	0	0.0	0
PAX2	PF00292	0	0.99743	0	0.24897086000000002	0	0.451	0	-0.08925	0	1.8762	0	1.5645525	0	50	0	0.0	0	0.7	0	-1.1102230246251565e-16	0	-0.6536470255493614	0	0.16533365252226617	0	1	0	-0.33333333333333326	0	3	0	0.0	0	0	0	0.0	0
PAX3	PF00046	0	0.99985	0	0.5375880692086052	0	0.409	0	-0.41721875	0	1.8017	0	1.6664003125	0	50	0	17.352941176470587	0	0.6	0	-0.055882352941176494	0	-0.826813731587726	0	0.34131793423888346	0	6	0	0.0	0	3	0	0.4615384615384617	0	0	0	0.0	0
PAX6	PF00046	0	1.0	0	0.5377380692086053	0	0.226	0	-0.60021875	0	3.2634	0	3.1281003125	0	50	0	17.352941176470587	0	0.7	0	0.044117647058823484	0	-0.4377071355435253	0	0.7304245302830841	0	3	0	-3.0	0		1		1		1		1
PAX8	PF00292	0	0.99965	0	0.25119086	0	0.415	0	-0.12525000000000003	0	0.63944	0	0.32779250000000004	0	50	0	0.0	0	0.7	0	-1.1102230246251565e-16	0	-0.5590909179347823	0	0.2598897601368453	0	2	0	0.6666666666666667	0		1		1	0	0	0.0	0
PAX9	PF00292	0	0.99608	0	0.24762085999999994	0	0.435	0	-0.10525000000000001	0	0.92775	0	0.6161025	0	50	0	0.0	0	0.6	0	-0.10000000000000009	0	-0.8827287043442357	0	-0.06374802627260812	0	1	0	-0.33333333333333326	0	3	0	0.0	0	0	0	0.0	0
PBX1	PF05920	0	1.0	0	0.19071249999999995	0	0.212	0	-0.19699999999999993	0	4.3043	0	1.7423249999999997	0	13	0	1.75	0	0.2	0	-0.19999999999999996	0	0.47581641303131816	0	0.6609801090469585	0	17	0	2.666666666666666	0	3	0	0.75	0	0	0	0.0	0
PC	PF02785	0	0.065118	0	0.04339584532610133	0	0.539	0	-0.2423333333333334	0	3.7757	0	1.9649666666666668	0	4	0	0.0	0	0.6	0	0.13333333333333336	0	1.1399105558756826	0	-0.014977683373878836	0	14	0	-2.666666666666668	0		1		1		1		1
PCARE		0	1.0025e-21	0		1	1.032	0		1	-1.1049	0		1	0	0		1	0.8	0		1	-1.7958800173440752	0		1		1		1		1		1	0	0		1
PCBD1	PF01329	1	1.3794e-05	0	0.0	0	1.685	0	0.0	0	1.5951	0	0.0	0	1	0	0.0	0	0.6	0	0.0	0	1.1673468775856355	0	0.0	0	12	0	0.0	0		1		1		1		1
PCCA	PF02785	0	4.8464e-05	0	-0.021673690673898665	0	0.986	0	0.20466666666666655	0	0.1129	0	-1.6978333333333333	0	4	0	0.0	0	0.6	0	0.13333333333333336	0	1.1072438975789745	0	-0.047644341670586954	0	10	0	-6.666666666666668	0		1		1	0	0	0.0	0
PCCB	PF01039	0	0.00011332	0	5.665990647e-05	0	0.843	0	0.00550000000000006	0	-0.96306	0	-0.71122	0	1	0	0.0	0	0.6	0	0.0	0	1.2577025683766574	0	-0.21357588310077258	0	7	0	2.0	0		1		1		1		1
PCDH12		0	2.2416e-08	0		1	0.752	0		1	1.8193	0		1	61	0		1	0.6	0		1	-0.4788619162959637	0		1	19	0		1		1		1		1		1
PCDH15	PF00028	0	8.4349e-24	0	-0.3890116666666667	0	0.819	0	0.22633333333333328	0	-0.14461	0	-1.3846783333333332	0	61	0	21.0	0	0.7	0	0.18571428571428572	0	-1.4436974992327127	0	0.007682300303734291	0		1		1		1		1	0	0	0.0	0
PCDH19	PF00028	0		1		1		1		1		1		1	61	0	21.0	0	0.6	0	0.08571428571428574	0	-1.744727494896694	0	-0.29334769536024696	0	6	0	-16.166666666666668	0	3	0	0.0	0	0	0	0.0	0
PCGF2		0	0.99687	0		1	0.443	0		1	-0.10882	0		1	7	0		1	0.2	0		1	-0.5100415205751654	0		1	21	0		1		1		1		1		1
PCK1	PF00821	1	6.458e-13	0	0.0	0	1.109	0	0.0	0	0.7809	0	0.0	0	1	0	0.0	0	0.6	0	0.0	0	0.06483221973857377	0	0.0	0	5	0	0.0	0		1		1		1		1
PCNA	PF02747	1	0.99498	0	0.0	0	0.42	0	0.0	0	3.2348	0	0.0	0	0	0	0.0	0	0.6	0	0.0	0	2.421605571921571	0	0.0	0	9	0	0.0	0		1		1		1		1
PCNT	PF10495	1	1.9599e-84	0	0.0	0	0.943	0	0.0	0	-0.4558	0	0.0	0	1	0	0.0	0	0.8	0	0.0	0	-0.46597389394386496	0	0.0	0	32	0	0.0	0		1		1		1		1
PCSK9	PF05922	1	1.1172e-20	0	0.0	0	1.25	0	0.0	0	0.58699	0	0.0	0	9	0	0.0	0	0.8	0	0.0	0	1.025346834509827	0	0.0	0	1	0	0.0	0		1		1	0	0	0.0	0
PCYT1A	PF01467	0	0.019229	0	0.012817523420333331	0	0.934	0	-0.1156666666666667	0	0.3568	0	-0.6571333333333333	0	2	0	0.0	0	0.2	0	-0.1333333333333333	0	1.05311687492293	0	0.25450284346452945	0	16	0	-11.0	0		1		1	0	0	0.0	0
PCYT2	PF01467	0	2.7339e-08	0	-0.006411449240666668	0	0.903	0	-0.14666666666666672	0	1.428	0	0.4140666666666666	0	2	0	0.0	0	0.6	0	0.26666666666666666	0	1.0569429456728774	0	0.2583289142144768	0	2	0	-25.0	0		1		1		1		1
PDCD10		0	0.6364	0		1	0.924	0		1	0.6011	0		1	0	0		1	0.2	0		1	2.060701616810948	0		1	28	0		1		1		1		1		1
PDE4D	PF18100	1	0.9999	0	0.0	0	0.403	0	0.0	0	2.3461	0	0.0	0	20	0	0.0	0	0.6	0	0.0	0	-0.07468790850035051	0	0.0	0	1	0	0.0	0	0	0	0.0	0	0	0	0.0	0
PDE6A	PF01590	0	5.867e-17	0	-1.1019886666669118e-14	0	0.888	0	-0.14600000000000002	0	0.89523	0	0.1790733333333333	0	20	0	0.0	0	0.8	0	-1.1102230246251565e-16	0	-1.0915149811213503	0	0.1555740064743789	0	1	0	-2.5	0		1		1		1		1
PDE6B	PF01590	0	7.3529e-27	0	-1.1078556666661766e-14	0	1.238	0	0.20399999999999996	0	-0.08566	0	-0.8018166666666666	0	20	0	0.0	0	0.8	0	-1.1102230246251565e-16	0	-1.2518119729937995	0	-0.004722985398070367	0	6	0	2.5	0		1		1		1		1
PDE6C	PF01590	0	3.3177e-14	0	2.2098443333330883e-14	0	0.976	0	-0.05800000000000005	0	1.3389	0	0.6227433333333333	0	20	0	0.0	0	0.8	0	-1.1102230246251565e-16	0	-1.3979400086720375	0	-0.15085102107630832	0		1		1		1		1	0	0	0.0	0
PDE6G		0	0.00062873	0		1	1.446	0		1	0.45901	0		1	1	0		1	0.8	0		1	-0.7258421507363202	0		1		1		1		1		1		1		1
PDE6H		0	0.005109	0		1	1.904	0		1	0.31965	0		1	1	0		1	0.8	0		1	-1.2839966563652008	0		1	1	0		1		1		1		1		1
PDGFRA	PF07679	0	1.0	0	0.18128499963276656	0	0.264	0	-0.3098333333333334	0	3.4194	0	0.5696999999999997	0	53	0	13.166666666666664	0	0.6	0	0.06666666666666665	0	-0.8181564120552275	0	-1.0168618669137572	0	154	0	97.0	0	0	0	-1.5	0	0	0	0.0	0
PDGFRB	PF00047	0	0.93843	0	0.20997998273350005	0	0.504	0	-0.044499999999999984	0	2.8591	0	0.15672500000000023	0	53	0	7.5	0	0.2	0	-0.29999999999999993	0	-0.0510982390297863	0	-0.21677151795594485	0	17	0	9.5	0		1		1		1		1
PDHA1	PF00676	0		1		1		1		1		1		1	2	0	0.0	0	0.6	0	0.19999999999999996	0	1.8312360993431573	0	0.5687106227268703	0	7	0	-2.0	0	3	0	0.0	0	0	0	0.0	0
PDHB	PF02779	0	0.78728	0	0.5248533333265422	0	0.586	0	-0.31899999999999995	0	2.2186	0	0.9234630333333331	0	4	0	-17.666666666666668	0	0.6	0	0.0	0	2.041396633271933	0	0.09411304425270539	0	16	0	-2.333333333333332	0		1		1		1		1
PDHX		0	0.0014274	0		1	0.797	0		1	0.30442	0		1	3	0		1	0.6	0		1	1.322239974931152	0		1	7	0		1		1		1		1		1
PDSS2		0	0.0040573	0		1	0.818	0		1	1.0961	0		1	2	0		1	0.2	0		1	-0.36653154442041347	0		1	16	0		1		1		1		1		1
PDX1	PF00046	0	0.0033698	0	-0.45889213079139474	0	1.642	0	0.8157812499999999	0	-1.1492	0	-1.2844996874999999	0	45	0	12.352941176470587	0	0.7	0	0.044117647058823484	0	-1.2006594505464183	0	-0.03252778471980888	0	4	0	-2.0	0		1		1	0	0	0.0	0
PDXK	PF08543	1	0.77098	0	0.0	0	0.597	0	0.0	0	0.81631	0	0.0	0	0	0	0.0	0	0.6	0	0.0	0	1.4329853162053758	0	0.0	0		1		1		1		1		1		1
PDYN	PF01160	1	0.49225	0	0.0	0	0.769	0	0.0	0	-0.016187	0	0.0	0	2	0	0.0	0	0.8	0	0.0	0	0.4117880045438689	0	0.0	0	6	0	0.0	0		1		1		1		1
PDZD7	PF00595	0	2.6173e-21	0	1.2129750000000001e-21	0	1.057	0	0.09050000000000002	0	-0.9797	0	-0.518737	0	2	0	0.0	0	0.7	0	0.050000000000000044	0	-1.1079053973095196	0	-0.035846612327537386	0		1		1		1		1		1		1
PEPD	PF05195	0	1.1194e-08	0	-2.419499999999999e-09	0	1.132	0	0.15049999999999997	0	0.2165	0	-0.4341499999999999	0	7	0	0.0	0	0.6	0	0.19999999999999996	0	1.7364044709096258	0	0.646883972563697	0		1		1		1		1		1		1
PET100	PF09803	1	9.3657e-06	0	0.0	0	1.597	0	0.0	0	0.11154	0	0.0	0	0	0	0.0	0	0.6	0	0.0	0	-0.8728952016351923	0	0.0	0		1		1		1		1		1		1
PEX1	PF00004	0	3.6437e-11	0	-0.1703240011599321	0	0.746	0	0.03380000000000005	0	1.6893	0	0.05095800000000028	0	5	0	-3.0	0	0.2	0	-0.2	0	0.4625477288026641	0	-0.22124480111895645	0	17	0	1.5	0		1		1		1		1
PEX10	PF04757	0	9.5794e-11	0	-5.998029140666667e-06	0	1.234	0	0.06433333333333335	0	-0.87849	0	-1.2123233333333334	0	0	0	0.0	0	0.2	0	-2.7755575615628914e-17	0	-1.1249387366083	0	0.27579902293004666	0	8	0	4.666666666666666	0		1		1		1		1
PEX11B		0	0.00040379	0		1	1.077	0		1	0.3757	0		1	1	0		1	0.2	0		1	0.8762755886778789	0		1	5	0		1		1		1	0	0		1
PEX12	PF04757	0	2.7901e-10	0	-5.997845924666667e-06	0	1.218	0	0.04833333333333334	0	1.4467	0	1.1128666666666667	0	0	0	0.0	0	0.2	0	-2.7755575615628914e-17	0	-1.5086383061657274	0	-0.1079005466273808	0	1	0	-2.3333333333333335	0		1		1		1		1
PEX13	PF04088	1	2.8784e-07	0	0.0	0	1.159	0	0.0	0	-0.75296	0	0.0	0	0	0	0.0	0	0.2	0	0.0	0	-0.9281179926938746	0	0.0	0	9	0	0.0	0		1		1		1		1
PEX14		0	0.90733	0		1	0.542	0		1	1.4954	0		1	0	0		1	0.2	0		1	1.187548920861271	0		1	19	0		1		1		1	0	0		1
PEX16	PF08610	1	9.9638e-10	0	0.0	0	0.957	0	0.0	0	0.5051	0	0.0	0	0	0	0.0	0	0.2	0	0.0	0	0.5039268041935104	0	0.0	0	21	0	0.0	0		1		1	0	0	0.0	0
PEX19	PF04614	1	1.7331e-08	0	0.0	0	1.066	0	0.0	0	-0.14804	0	0.0	0	0	0	0.0	0	0.2	0	0.0	0	1.0414321646802651	0	0.0	0	73	0	0.0	0		1		1		1		1
PEX2	PF04757	0	1.7994e-05	0	1.1995875065333335e-05	0	1.057	0	-0.11266666666666669	0	0.43329	0	0.09945666666666664	0	0	0	0.0	0	0.2	0	-2.7755575615628914e-17	0	-1.5686362358410126	0	-0.16789847630266608	0	1	0	-2.3333333333333335	0		1		1		1		1
PEX26	PF07163	1	0.00037786	0	0.0	0	0.893	0	0.0	0	-0.068794	0	0.0	0	0	0	0.0	0	0.2	0	0.0	0	-0.5606673061697374	0	0.0	0		1		1		1		1	0	0	0.0	0
PEX3	PF04882	1	0.11603	0	0.0	0	0.972	0	0.0	0	1.0392	0	0.0	0	0	0	0.0	0	0.2	0	0.0	0	0.2990712600274095	0	0.0	0	1	0	0.0	0		1		1	0	0	0.0	0
PEX5	PF13432	0	2.1956e-09	0	-2.51117e-08	0	0.768	0	-0.016000000000000014	0	1.8256	0	0.6108749999999998	0	1	0	-6.5	0	0.2	0	0.0	0	0.16465021593429674	0	0.48299656448993705	0	25	0	8.5	0		1		1		1		1
PEX6	PF00004	0	1.1594e-11	0	-0.1703240011847751	0	0.799	0	0.0868000000000001	0	1.3471	0	-0.2912419999999998	0	5	0	-3.0	0	0.6	0	0.19999999999999996	0	-0.42136079003192767	0	-1.1051533199535482	0	22	0	6.5	0		1		1		1		1
PEX7	PF00400	0	0.0018388	0	0.0011637033452885	0	0.941	0	-0.01100000000000001	0	-0.56812	0	-1.11012125	0	9	0	0.125	0	0.2	0	-0.10000000000000003	0	-0.6003262785189618	0	-0.664214693104244	0	27	0	7.75	0		1		1		1		1
PFKM	PF00365	1	9.8978e-10	0	0.0	0	0.774	0	0.0	0	4.0772	0	0.0	0	2	0	0.0	0	0.7	0	0.0	0	1.7283618995992307	0	0.0	0	3	0	0.0	0		1		1		1		1
PGAM2	PF00300	0	1.3381e-08	0	-0.0002857533095	0	1.421	0	0.21700000000000008	0	0.2436	0	-0.49215	0	3	0	0.0	0	0.7	0	0.050000000000000044	0	1.8954280713793472	0	0.30605211188028036	0	3	0	-4.5	0		1		1		1		1
PGAP1		0	0.020573	0		1	0.691	0		1	1.1001	0		1	1	0		1	0.2	0		1	-1.207608310501746	0		1	11	0		1		1		1		1		1
PGAP2	PF10277	0	0.00010679	0	5.28667e-05	0	0.871	0	-0.122	0	1.6257	0	0.614535	0	0	0	-2.0	0	0.8	0	0.30000000000000004	0	-1.958607314841775	0	-0.5906618929946792	0	1	0	0.0	0		1		1		1		1
PGAP3	PF04080	1	9.5295e-10	0	0.0	0	1.147	0	0.0	0	-0.46076	0	0.0	0	0	0	0.0	0	0.2	0	0.0	0	-1.958607314841775	0	0.0	0	1	0	0.0	0		1		1		1		1
PGK1	PF00162	1		1		1		1		1		1		1	1	0	0.0	0	0.2	0	0.0	0	3.143951428193042	0	0.0	0	1	0	0.0	0		1		1	0	0	0.0	0
PGM1	PF24947	1	6.9806e-17	0	0.0	0	1.189	0	0.0	0	0.48596	0	0.0	0	6	0	0.0	0	0.7	0	0.0	0	2.136723737177552	0	0.0	0		1		1		1		1		1		1
PGM2L1		0	0.00095241	0		1	0.665	0		1	2.3395	0		1	6	0		1	0.6	0		1	0.6609602917760836	0		1	1	0		1		1		1		1		1
PGM3	PF21405	1	1.368e-07	0	0.0	0	0.962	0	0.0	0	1.5762	0	0.0	0	6	0	0.0	0	0.2	0	0.0	0	1.2966871237724018	0	0.0	0		1		1		1		1	0	0	0.0	0
PHACTR1	PF02755	1	1.0	0	0.0	0	0.336	0	0.0	0	3.2031	0	0.0	0	3	0	0.0	0	0.6	0	0.0	0	-0.42021640338318983	0	0.0	0		1		1		1		1		1		1
PHEX	PF01431	0		1		1		1		1		1		1	6	0	0.0	0	0.6	0	-0.04999999999999993	0	-1.408935392973501	0	-0.11750509783716367	0	1	0	-15.0	0	3	0	0.0	0	0	0	0.0	0
PHF12		0	1.0	0		1	0.115	0		1	4.0709	0		1	5	0		1	0.2	0		1	-0.29413628771608075	0		1	8	0		1	3	0		1	0	0		1
PHF21A		0	1.0	0		1	0.149	0		1	3.1353	0		1	5	0		1	0.2	0		1	-0.3798639450262425	0		1	11	0		1	3	0		1	0	0		1
PHF6	PF13771	0		1		1		1		1		1		1	3	0	-2.666666666666667	0	0.2	0	-2.7755575615628914e-17	0	1.2577025683766574	0	0.8543755650070439	0		1		1	3	0	0.0	0	0	0	0.0	0
PHF8		0		1		1		1		1		1		1	4	0		1	0.2	0		1	0.18497519069826102	0		1	30	0		1	3	0		1	0	0		1
PHGDH	PF00389	0	4.456e-14	0	-1.85952772e-09	0	1.155	0	-0.07899999999999996	0	1.2168	0	0.17745500000000014	0	3	0	0.0	0	0.2	0	-0.2	0	2.1072133625602545	0	0.04508792368653536	0	8	0	0.0	0		1		1		1		1
PHIP	PF00439	0	1.0	0	0.0	0	0.246	0	0.0696	0	4.4459	0	0.1203000000000003	0	2	0	-1.1666666666666665	0	0.2	0	-0.06666666666666665	0	0.3694014136966243	0	0.6483827648152382	0		1		1	3	0	0.0	0	0	0	0.0	0
PHKG2	PF00069	0	5.9391e-07	0	-0.39452369794500797	0	0.876	0	0.22142857142857142	0	0.87966	0	-1.3742104761904765	0	22	0	5.625	0	0.8	0	0.46666666666666673	0	0.11427729656158624	0	0.05213933576412411	0	21	0	-0.2173913043478244	0		1		1		1		1
PHOX2A		0	4.5911e-06	0		1	1.844	0		1	-2.1581	0		1	50	0		1	0.8	0		1	-0.46092390120722343	0		1		1		1		1		1		1		1
PHOX2B	PF00046	0	0.99227	0	0.5300080692086053	0	0.349	0	-0.47721875	0	1.2908	0	1.1555003125	0	50	0	17.352941176470587	0	0.7	0	0.044117647058823484	0	-1.1079053973095196	0	0.06022626851708979	0		1		1	3	0	0.4615384615384617	0	0	0	0.0	0
PHYH	PF05721	1	1.4384e-06	0	0.0	0	1.147	0	0.0	0	0.45192	0	0.0	0	0	0	0.0	0	0.6	0	0.0	0	0.3119656603683662	0	0.0	0	9	0	0.0	0		1		1		1		1
PI4KA	PF00454	0	1.9549e-06	0	-0.6666653634	0	0.548	0	0.21500000000000002	0	4.6448	0	-1.0851333333333324	0	9	0	0.0	0	0.6	0	0.13333333333333336	0	0.6946929263314842	0	0.5993921683104263	0	20	0	5.666666666666666	0		1		1		1		1
PIBF1		0	1.0889e-07	0		1	1.235	0		1	-0.59281	0		1	0	0		1	0.2	0		1	-0.3098039199714863	0		1	23	0		1		1		1		1		1
PIDD1	PF00531	0	4.3995e-26	0	-0.3563476666666667	0	1.237	0	0.129	0	-1.6597	0	-1.7477766666666665	0	31	0	13.333333333333332	0	0.2	0	-2.7755575615628914e-17	0	-1.6197887582883939	0	-1.6232082141413848	0		1		1		1		1		1		1
PIEZO1	PF12166	0	3.0062e-100	0	-1.08785e-15	0	1.17	0	0.3035	0	-10.0	0	-6.5132	0	1	0	0.0	0	0.2	0	0.0	0	-0.5044556624535516	0	0.5576665479174211	0		1		1		1		1		1		1
PIEZO2	PF12166	0	2.1757e-15	0	1.08785e-15	0	0.563	0	-0.3035	0	3.0264	0	6.513199999999999	0	1	0	0.0	0	0.2	0	0.0	0	-1.6197887582883939	0	-0.5576665479174212	0		1		1		1		1		1		1
PIGA	PF00534	0		1		1		1		1		1		1	3	0	1.0	0	0.2	0	0.0	0	-0.7825160557860937	0	-0.5615792166733995	0	37	0	0.0	0		1		1	0	0	0.0	0
PIGB	PF03901	0	0.00032992	0	0.00021994616696746665	0	1.098	0	0.126	0	0.011228	0	-0.8854746666666666	0	2	0	0.0	0	0.2	0	-2.7755575615628914e-17	0	-1.6197887582883939	0	-0.7233866045940286	0	15	0	-12.0	0		1		1		1		1
PIGG	PF01663	0	9.856e-20	0	-5.0256672588096e-10	0	1.11	0	-0.043333333333333446	0	0.044817	0	-0.7706519999999999	0	0	0	0.0	0	0.2	0	-2.7755575615628914e-17	0	-0.7958800173440752	0	0.06490740277184825	0	8	0	-18.666666666666668	0		1		1		1		1
PIGH	PF10181	1	0.00031596	0	0.0	0	1.778	0	0.0	0	0.28956	0	0.0	0	0	0	0.0	0	0.2	0	0.0	0	-1.1487416512809248	0	0.0	0	13	0	0.0	0		1		1		1		1
PIGK	PF01650	1	0.011288	0	0.0	0	1.915	0	0.0	0	-0.75381	0	0.0	0	1	0	0.0	0	0.2	0	0.0	0	0.3637999454791093	0	0.0	0	4	0	0.0	0		1		1		1		1
PIGL	PF02585	1	9.8416e-05	0	0.0	0	1.239	0	0.0	0	0.40863	0	0.0	0	0	0	0.0	0	0.2	0	0.0	0	-1.2596373105057561	0	0.0	0	2	0	0.0	0		1		1		1		1
PIGN	PF01663	0	1.5077e-09	0	1.00513327402048e-09	0	1.46	0	0.3066666666666664	0	0.29539	0	-0.520079	0	0	0	0.0	0	0.2	0	-2.7755575615628914e-17	0	-1.1249387366083	0	-0.26415131649237644	0	41	0	14.333333333333332	0		1		1		1		1
PIGO	PF01663	0	1.7784e-16	0	-5.0256654813952e-10	0	0.89	0	-0.26333333333333353	0	2.1062	0	1.290731	0	0	0	0.0	0	0.2	0	-2.7755575615628914e-17	0	-0.6615435063953952	0	0.1992439137205283	0	31	0	4.333333333333332	0		1		1	0	0	0.0	0
PIGS	PF10510	1	4.9218e-06	0	0.0	0	0.76	0	0.0	0	1.5894	0	0.0	0	0	0	0.0	0	0.2	0	0.0	0	0.8376515578463924	0	0.0	0	11	0	0.0	0		1		1		1		1
PIGV	PF04188	1	1.771e-06	0	0.0	0	0.902	0	0.0	0	1.4008	0	0.0	0	0	0	0.0	0	0.2	0	0.0	0	-2.0457574905606752	0	0.0	0		1		1		1		1		1		1
PIK3CA	PF00454	0	1.0	0	0.33333268169999997	0	0.221	0	-0.11200000000000002	0	6.1494	0	0.41946666666666754	0	9	0	0.0	0	0.2	0	-0.2666666666666666	0	-0.8860566476931632	0	-0.981357405714221	0	22	0	7.666666666666666	0	0	0	0.0	0	0	0	0.0	0
PIK3CD	PF00454	0	1.0	0	0.33333268169999997	0	0.23	0	-0.10300000000000001	0	6.3956	0	0.6656666666666675	0	9	0	0.0	0	0.6	0	0.13333333333333336	0	0.4772659954248526	0	0.38196523740379473	0	1	0	-13.333333333333334	0		1		1		1		1
PIK3R2	PF16454	1	1.6831e-07	0	0.0	0	0.76	0	0.0	0	0.60953	0	0.0	0	2	0	0.0	0	0.2	0	0.0	0	-0.05158703422139897	0	0.0	0	23	0	0.0	0	0	0	0.0	0	0	0	0.0	0
PIKFYVE	PF00118	0	1.2773e-06	0	-0.200702656179904	0	0.523	0	-0.4084	0	3.5575	0	1.753112	0	13	0	2.5999999999999996	0	0.2	0	-0.15999999999999998	0	-0.6882461389442457	0	-0.24584099698000905	0	5	0	-15.2	0		1		1		1		1
PITX1	PF00046	0	0.88196	0	0.41969806920860525	0	0.575	0	-0.25121875000000005	0	0.84465	0	0.7093503125	0	50	0	17.352941176470587	0	0.6	0	-0.055882352941176494	0	-0.27572413039921095	0	0.8924075354273985	0	1	0	-5.0	0		1		1		1		1
PITX2	PF00046	0	0.99745	0	0.5351880692086053	0	0.41	0	-0.41621875	0	2.2361	0	2.1008003125	0	50	0	17.352941176470587	0	0.6	0	-0.055882352941176494	0	-1.1079053973095196	0	0.06022626851708979	0	5	0	-1.0	0	3	0	0.4615384615384617	0	0	0	0.0	0
PITX3		0	0.76933	0		1	0.691	0		1	0.65794	0		1	50	0		1	0.6	0		1	-1.0757207139381184	0		1		1		1	0	0		1	0	0		1
PJVK	PF04598	1	2.6728e-09	0	0.0	0	1.174	0	0.0	0	0.49155	0	0.0	0	4	0	0.0	0	0.6	0	0.0	0	-1.7212463990471711	0	0.0	0		1		1		1		1		1		1
PKD1	PF00059	0	1.0	0	0.0	0	0.364	0	-0.006500000000000006	0	-5.6666	0	-2.99356	0	10	0	1.5	0	0.6	0	-0.09999999999999998	0	-1.853871964321762	0	-0.8199565872821581	0	2	0	0.0	0	3	0	0.0	0	0	0	0.0	0
PKD1L1		0	1.6951e-50	0		1	0.793	0		1	1.7754	0		1	10	0		1	0.6	0		1	-2.5228787452803374	0		1		1		1		1		1		1		1
PKD2	PF18109	1	0.00018979	0	0.0	0	0.683	0	0.0	0	1.0272	0	0.0	0	12	0	0.0	0	0.6	0	0.0	0	-0.6003262785189618	0	0.0	0	37	0	0.0	0	3	0	0.0	0	0	0	0.0	0
PKHD1	PF13229	0	2.8316e-48	0	-0.5	0	0.783	0	0.28400000000000003	0	1.7677	0	-1.1651500000000001	0	36	0	17.5	0	0.7	0	0.25	0	-1.2839966563652008	0	-0.2256569955566885	0		1		1		1		1		1		1
PKP1		0	0.97273	0		1	0.499	0		1	0.26269	0		1	6	0		1	0.6	0		1	1.2227424760266008	0		1	34	0		1		1		1		1		1
PKP2		0	1.2177e-19	0		1	1.105	0		1	0.99086	0		1	6	0		1	0.6	0		1	1.1702910586253934	0		1	19	0		1	3	0		1	0	0		1
PLA2G4A	PF00168	0	0.18985	0	-0.15852714288491168	0	0.89	0	0.2162857142857142	0	1.6164	0	-0.5267442857142859	0	5	0	-5.357142857142858	0	0.6	0	0.07857142857142851	0	0.8287243271387914	0	1.1051329874804217	0		1		1		1		1		1		1
PLA2G5		0	0.0065224	0		1	1.057	0		1	0.33451	0		1	8	0		1	0.6	0		1	-1.6382721639824072	0		1	9	0		1		1		1		1		1
PLA2G6	PF00023	0	1.434e-15	0	-0.2727932676536906	0	0.972	0	0.29454545454545455	0	1.5252	0	-0.8951434545454546	0	4	0	-0.45454545454545414	0	0.2	0	-0.22727272727272718	0	-1.3872161432802645	0	-0.6873684455754434	0	2	0	-33.125	0		1		1		1		1
PLA2G7	PF03403	1	1.0514e-10	0	0.0	0	1.533	0	0.0	0	-0.78905	0	0.0	0	1	0	0.0	0	0.6	0	0.0	0	0.4331295175804855	0	0.0	0	3	0	0.0	0		1		1		1		1
PLAA	PF09070	1	0.0023759	0	0.0	0	0.678	0	0.0	0	0.69065	0	0.0	0	0	0	0.0	0	0.2	0	0.0	0	1.1702910586253934	0	0.0	0	23	0	0.0	0		1		1		1		1
PLCB1	PF17787	1	1.0	0	0.0	0	0.357	0	0.0	0	3.7087	0	0.0	0	14	0	0.0	0	0.6	0	0.0	0	-0.20971483596675833	0	0.0	0	4	0	0.0	0		1		1	0	0	0.0	0
PLCE1	PF00168	0	3.8869e-10	0	-0.34837714249622165	0	0.564	0	-0.10971428571428588	0	3.1225	0	0.9793557142857141	0	14	0	3.6428571428571423	0	0.2	0	-0.32142857142857145	0	-1.3565473235138126	0	-1.0801386631721823	0	1	0	-15.444444444444443	0		1		1		1		1
PLCG2	PF00168	0	0.9987	0	0.6503228571150883	0	0.461	0	-0.2127142857142858	0	-0.641	0	-2.784144285714286	0	14	0	3.6428571428571423	0	0.6	0	0.07857142857142851	0	1.326356346034385	0	1.602765006376015	0	1	0	-15.444444444444443	0		1		1		1		1
PLD1	PF00169	0	1.6495e-06	0	-0.522148762875	0	0.822	0	0.2134999999999999	0	0.59664	0	-2.3351200000000003	0	2	0	-2.25	0	0.6	0	0.29999999999999993	0	-0.7351821769904635	0	-0.9609447231445646	0	44	0	22.333333333333332	0		1		1		1		1
PLEC		0	5.951e-44	0		1	0.726	0		1	-2.7548	0		1	36	0		1	0.6	0		1	1.9637925479120948	0		1	20	0		1		1		1		1		1
PLG	PF00051	1	0.16673	0	0.0	0	0.559	0	0.0	0	1.5082	0	0.0	0	14	0	0.0	0	0.8	0	0.0	0	3.5460489899211938	0	0.0	0	8	0	0.0	0		1		1		1		1
PLK4		0	0.17992	0		1	0.619	0		1	1.0857	0		1	4	0		1	0.7	0		1	-1.1674910872937636	0		1	5	0		1		1		1		1		1
PLOD1	PF03171	0	5.4923e-15	0	2.7378555e-15	0	0.938	0	0.00649999999999995	0	1.0078	0	0.5316315	0	5	0	0.0	0	0.2	0	0.0	0	0.9042285163400784	0	0.08308090078130459	0	42	0	4.0	0		1		1		1		1
PLOD2		0	6.8068e-07	0		1	1.209	0		1	0.24827	0		1	5	0		1	0.2	0		1	0.6484575942825226	0		1	6	0		1		1		1		1		1
PLOD3	PF03171	0	1.6589e-17	0	-2.7378555e-15	0	0.925	0	-0.00649999999999995	0	-0.055463	0	-0.5316315	0	5	0	0.0	0	0.2	0	0.0	0	0.7380667147774693	0	-0.08308090078130448	0	34	0	-4.0	0		1		1	0	0	0.0	0
PLP1	PF01275	1		1		1		1		1		1		1	2	0	0.0	0	0.8	0	0.0	0	1.8779527038358876	0	0.0	0	4	0	0.0	0	3	0	0.0	0	3	0	0.0	0
PLPBP	PF01168	1	5.3167e-06	0	0.0	0	1.049	0	0.0	0	0.913	0	0.0	0	0	0	0.0	0	0.2	0	0.0	0	1.5658596199936607	0	0.0	0		1		1		1		1		1		1
PLS3		0		1		1		1		1		1		1	2	0		1	0.6	0		1	2.082788959512213	0		1	3	0		1		1		1		1		1
PMM2	PF03332	1	5.5214e-08	0	0.0	0	1.937	0	0.0	0	-1.8037	0	0.0	0	1	0	0.0	0	0.2	0	0.0	0	1.3010517098452263	0	0.0	0	1	0	0.0	0		1		1	0	0	0.0	0
PMS2	PF01119	0	5.3905e-09	0	-0.00043162730475000005	0	0.898	0	0.12950000000000006	0	0.36886	0	-0.36272	0	3	0	0.0	0	0.2	0	0.0	0	-0.3279021420642826	0	-0.4949047174151517	0	1	0	-4.0	0	3	0	0.0	0	0	0	0.0	0
PNKP	PF13671	0	2.5733e-34	0	-0.5	0	1.527	0	0.708	0	-2.7921	0	-3.1519	0	0	0	-1.0	0	0.2	0	0.0	0	0.6513749439130433	0	-0.9822880796512868	0	10	0	-35.0	0		1		1		1		1
PNLIP	PF00151	0	3.1358e-07	0	1.567884379e-07	0	0.984	0	-0.045500000000000096	0	1.1953	0	0.777135	0	9	0	0.0	0	0.8	0	0.10000000000000009	0	0.6054127981530513	0	0.3707477105975954	0	6	0	0.0	0		1		1		1		1
PNP	PF01048	1	7.9454e-05	0	0.0	0	0.995	0	0.0	0	1.1195	0	0.0	0	3	0	0.0	0	0.6	0	0.0	0	2.6702467810527946	0	0.0	0	1	0	0.0	0		1		1	0	0	0.0	0
PNPLA2	PF01734	0	2.7218e-09	0	-0.0004630136391	0	1.221	0	0.2230000000000001	0	-2.1674	0	-1.222625	0	4	0	2.0	0	0.6	0	0.19999999999999996	0	-0.2958494831602009	0	-0.03445208826223173	0	8	0	2.5	0		1		1		1		1
PNPLA6		0	1.0474e-24	0		1	0.872	0		1	3.5278	0		1	1	0		1	0.2	0		1	0.40671045860979	0		1	37	0		1		1		1		1		1
PNPLA8	PF01734	0	0.00092603	0	0.0004630136391	0	0.775	0	-0.22299999999999998	0	0.27785	0	1.222625	0	0	0	-2.0	0	0.2	0	-0.2	0	-0.22694530663573742	0	0.03445208826223173	0	3	0	-2.5	0		1		1		1		1
PNPO	PF10590	1	1.8868e-12	0	0.0	0	1.481	0	0.0	0	0.81482	0	0.0	0	0	0	0.0	0	0.6	0	0.0	0	1.4297684244786055	0	0.0	0	13	0	0.0	0		1		1		1		1
PNPT1	PF00013	0	0.00014785	0	-0.499901075	0	0.64	0	0.199	0	0.28809	0	-1.507055	0	0	0	-6.0	0	0.2	0	0.0	0	1.2648414253291478	0	-0.8033660469727406	0	17	0	2.0	0		1		1		1		1
POC1A	PF00400	0	1.0342e-06	0	-0.0006740624547115	0	0.988	0	0.03600000000000003	0	1.266	0	0.72399875	0	26	0	17.125	0	0.6	0	0.29999999999999993	0	-1.2839966563652008	0	-1.3478850709504828	0	31	0	11.75	0		1		1		1		1
POC1B	PF00400	0	2.3222e-07	0	-0.0006748644347115	0	0.967	0	0.015000000000000013	0	0.31956	0	-0.22244124999999998	0	26	0	17.125	0	0.2	0	-0.10000000000000003	0	-0.8326826652518239	0	-0.896571079837106	0	22	0	2.75	0		1		1		1		1
POGZ	PF03184	1	1.0	0	0.0	0	0.198	0	0.0	0	4.1479	0	0.0	0	12	0	0.0	0	0.2	0	0.0	0	0.6010817277840232	0	0.0	0	19	0	0.0	0	3	0	0.0	0	0	0	0.0	0
POLA1	PF12254	1		1		1		1		1		1		1	3	0	0.0	0	0.2	0	0.0	0	0.2835273648616936	0	0.0	0	8	0	0.0	0		1		1		1		1
POLE	PF03104	1	2.7396e-38	0	0.0	0	0.75	0	0.0	0	2.6706	0	0.0	0	0	0	0.0	0	0.6	0	0.0	0	-0.29157909986528724	0	0.0	0	12	0	0.0	0		1		1	0	0	0.0	0
POLG	PF18136	1	2.1691e-26	0	0.0	0	0.847	0	0.0	0	-0.43598	0	0.0	0	0	0	0.0	0	0.2	0	0.0	0	-0.03715731879875755	0	0.0	0	24	0	0.0	0		1		1		1		1
POLH		0	3.0587e-09	0		1	0.846	0		1	1.5982	0		1	13	0		1	0.2	0		1	-1.4436974992327127	0		1	7	0		1		1		1	0	0		1
POLR1A	PF04997	0	0.90613	0	0.453065	0	0.479	0	-0.1785	0	4.9844	0	0.6527000000000003	0	2	0	0.0	0	0.2	0	0.0	0	0.8189513116401728	0	0.2805164306630572	0	17	0	-9.0	0		1		1		1		1
POLR1C	PF01000	1	2.3003e-12	0	0.0	0	1.261	0	0.0	0	-0.56465	0	0.0	0	2	0	0.0	0	0.2	0	0.0	0	1.187548920861271	0	0.0	0	27	0	0.0	0		1		1		1		1
POLR1D	PF13656	1	0.0035229	0	0.0	0	1.63	0	0.0	0	0.37535	0	0.0	0	3	0	0.0	0	0.2	0	0.0	0	1.075583455193813	0	0.0	0	27	0	0.0	0	3	0	0.0	0	0	0	0.0	0
POLR3A	PF04997	0	6.1797e-22	0	-0.453065	0	0.836	0	0.1785	0	3.679	0	-0.6526999999999998	0	2	0	0.0	0	0.2	0	0.0	0	0.2579184503140584	0	-0.28051643066305715	0	35	0	9.0	0		1		1		1		1
POLR3B	PF04563	1	8.1416e-14	0	0.0	0	0.84	0	0.0	0	3.4949	0	0.0	0	2	0	0.0	0	0.2	0	0.0	0	-0.18641901143180803	0	0.0	0	17	0	0.0	0		1		1		1		1
POMGNT1	PF03071	1	6.937e-15	0	0.0	0	0.815	0	0.0	0	2.1397	0	0.0	0	1	0	0.0	0	0.2	0	0.0	0	-0.5575202309355514	0	0.0	0	23	0	0.0	0		1		1		1		1
POMGNT2	PF04577	0	1.3012e-08	0	-2.34584e-07	0	1.279	0	0.07899999999999996	0	0.95758	0	0.71269	0	1	0	0.0	0	0.2	0	0.0	0	-0.4596705252091263	0	-0.1906785003463642	0		1		1		1		1		1		1
POMK	PF07714	0	9.6147e-07	0	-0.5866631821083333	0	1.122	0	0.5425000000000001	0	0.75433	0	-1.770225	0	0	0	-27.0	0	0.2	0	-0.3000000000000001	0	-0.19654288435158612	0	-0.8680882432002626	0		1		1		1		1		1		1
POMT1	PF02815	0	7.2486e-26	0	-1.9554963756999998e-20	0	1.002	0	0.029000000000000026	0	1.1362	0	0.6316250000000001	0	3	0	0.0	0	0.2	0	0.0	0	-1.2006594505464183	0	0.2385606273598313	0	31	0	-4.0	0		1		1	0	0	0.0	0
POMT2	PF02815	0	3.911e-20	0	1.9554963756999998e-20	0	0.944	0	-0.029000000000000026	0	-0.12705	0	-0.631625	0	3	0	0.0	0	0.2	0	0.0	0	-1.6777807052660807	0	-0.23856062735983108	0	39	0	4.0	0		1		1		1		1
POP1	PF22770	1	4.2471e-16	0	0.0	0	0.824	0	0.0	0	2.1498	0	0.0	0	19	0	0.0	0	0.2	0	0.0	0	0.762753564933374	0	0.0	0	40	0	0.0	0		1		1		1		1
POR	PF00667	0	8.9788e-14	0	4.4373549999999996e-14	0	0.887	0	-0.022499999999999964	0	-0.35506	0	-0.12317499999999998	0	10	0	2.5	0	0.6	0	0.19999999999999996	0	1.8419910533866248	0	0.9670212658871763	0	4	0	0.0	0		1		1		1		1
PORCN	PF03062	0		1		1		1		1		1		1	5	0	1.0	0	0.6	0	0.0	0	-1.3279021420642825	0	-1.2922045888798852	0	1	0	-12.333333333333334	0	3	0	0.0	0	0	0	0.0	0
POU1F1	PF00046	0	0.00040797	0	-0.46185396079139474	0	0.924	0	0.09778125000000004	0	0.74965	0	0.6143503125	0	17	0	-15.647058823529413	0	0.8	0	0.14411764705882357	0	-1.8860566476931633	0	-0.7179249818665538	0	2	0	-4.0	0		1		1		1		1
POU3F3	PF00046	0	0.95144	0	0.48917806920860524	0	0.482	0	-0.34421875	0	-0.10336	0	-0.2386596875	0	17	0	-15.647058823529413	0	0.7	0	0.044117647058823484	0	-1.1307682802690238	0	0.03736338555758567	0	11	0	5.0	0	0	0	-2.5384615384615383	0		1		1
POU4F1	PF00046	0	0.62594	0	0.16367806920860534	0	0.713	0	-0.11321875000000003	0	1.115	0	0.9797003125	0	17	0	-15.647058823529413	0	0.6	0	-0.055882352941176494	0	-0.835647144215563	0	0.33248452161104647	0	2	0	-4.0	0		1		1		1		1
PPARG	PF00104	0	0.21436	0	-0.536953333333334	0	0.628	0	0.17283333333333334	0	3.1059	0	0.3985791666666665	0	18	0	7.538461538461538	0	0.6	0	0.015384615384615441	0	-1.2676062401770316	0	-0.25284846480245937	0	1	0	-12.25	0		1		1		1		1
PPCS	PF04127	1	6.3481e-05	0	0.0	0	1.064	0	0.0	0	0.81988	0	0.0	0	4	0	0.0	0	0.2	0	0.0	0	1.5832101131021048	0	0.0	0	10	0	0.0	0		1		1		1		1
PPIB	PF00160	1	0.00015871	0	0.0	0	1.104	0	0.0	0	0.45842	0	0.0	0	22	0	0.0	0	0.2	0	0.0	0	2.7958807122146903	0	0.0	0	2	0	0.0	0		1		1	0	0	0.0	0
PPIL1		0	0.00042194	0		1	1.073	0		1	0.88875	0		1	22	0		1	0.2	0		1	1.4297684244786055	0		1	4	0		1		1		1		1		1
PPM1D		0	3.7145e-17	0		1	1.183	0		1	2.7759	0		1	16	0		1	0.2	0		1	-0.5451551399914898	0		1		1		1	0	0		1	0	0		1
PPP1R12A		0	1.0	0		1	0.158	0		1	2.7543	0		1	3	0		1	0.2	0		1	1.46983673757549	0		1	31	0		1		1		1		1		1
PPP1R13L		0	9.3473e-13	0		1	0.974	0		1	-1.8626	0		1	0	0		1	0.6	0		1	0.5328817194073973	0		1	29	0		1		1		1		1		1
PPP1R15B	PF10472	1	2.0711e-05	0	0.0	0	0.735	0	0.0	0	-0.30649	0	0.0	0	1	0	0.0	0	0.6	0	0.0	0	-1.193820026016113	0	0.0	0	33	0	0.0	0		1		1		1		1
PPP1R21	PF10205	1	3.1806e-19	0	0.0	0	1.029	0	0.0	0	-2.6565	0	0.0	0	0	0	0.0	0	0.2	0	0.0	0	0.8287243271387914	0	0.0	0		1		1		1		1		1		1
PPP2CA	PF00149	0	0.99995	0	0.4999624783269925	0	0.315	0	-0.3097499999999999	0	5.568	0	2.412025	0	12	0	6.0	0	0.2	0	-0.2	0	1.6561077889816715	0	0.658866887877031	0	53	0	26.666666666666668	0		1		1		1		1
PPP2R1A	PF02985	0	1.0	0	0.5	0	0.345	0	-0.5225	0	5.4265	0	3.6999	0	2	0	1.0	0	0.2	0	0.0	0	2.320148364070111	0	0.9927467985934348	0	56	0	13.5	0	0	0	0.0	0	0	0	0.0	0
PPP2R5D	PF01603	1	1.0	0	0.0	0	0.234	0	0.0	0	4.916	0	0.0	0	4	0	0.0	0	0.2	0	0.0	0	1.1139767582898463	0	0.0	0	37	0	0.0	0		1		1	0	0	0.0	0
PPP3CA	PF00149	0	1.0	0	0.5000124783269925	0	0.243	0	-0.3817499999999999	0	4.5031	0	1.3471250000000001	0	12	0	6.0	0	0.6	0	0.19999999999999996	0	1.1847198151502714	0	0.18747891404563077	0	20	0	-6.333333333333332	0		1		1		1		1
PPT1	PF02089	1	0.00077317	0	0.0	0	0.733	0	0.0	0	1.1035	0	0.0	0	2	0	0.0	0	0.2	0	0.0	0	2.004325673706721	0	0.0	0	4	0	0.0	0		1		1	0	0	0.0	0
PQBP1		0		1		1		1		1		1		1	2	0		1	0.2	0		1	1.7979665591993645	0		1	8	0		1	3	0		1	0	0		1
PRCD	PF15201	1	1.2465e-05	0	0.0	0	1.841	0	0.0	0	0.42188	0	0.0	0	0	0	0.0	0	0.8	0	0.0	0		1		1		1		1		1		1	0	0	0.0	0
PRDM12	PF21549	0	2.3682e-05	0	1.1758715e-05	0	1.153	0	0.0035000000000000586	0	0.24745	0	-0.31397	0	28	0	-11.5	0	0.8	0	0.30000000000000004	0	-1.8239087409443189	0	-0.5946983629176092	0	2	0	-22.5	0		1		1		1		1
PRDM5		0	3.7521e-12	0		1	0.899	0		1	1.2589	0		1	4	0		1	0.2	0		1	-1.9208187539523751	0		1	26	0		1		1		1		1		1
PREPL		0	2.1658e-24	0		1	1.247	0		1	-2.4297	0		1	1	0		1	0.2	0		1	0.3098430047160705	0		1	25	0		1		1		1	0	0		1
PRIM1	PF01896	1	0.00079834	0	0.0	0	0.824	0	0.0	0	1.2394	0	0.0	0	0	0	0.0	0	0.6	0	0.0	0	0.48586332959733464	0	0.0	0	22	0	0.0	0		1		1		1		1
PRKAR1A	PF00027	0	1.0	0	0.6612305	0	0.158	0	-0.4764999999999999	0	4.1536	0	2.053415	0	4	0	-10.833333333333334	0	0.2	0	-0.4166666666666666	0	2.198659835644977	0	3.2631487979046003	0	11	0	3.666666666666667	0	3	0	1.0	0	0	0	0.0	0
PRKDC	PF20500	1	1.0	0	0.0	0	0.183	0	0.0	0	2.4604	0	0.0	0	5	0	0.0	0	0.2	0	0.0	0	1.7745242647341364	0	0.0	0	39	0	0.0	0		1		1		1		1
PRKN	PF22605	1	2.9081e-15	0	0.0	0	1.17	0	0.0	0	-0.4254	0	0.0	0	9	0	0.0	0	0.6	0	0.0	0	-0.41793663708829126	0	0.0	0		1		1		1		1	0	0	0.0	0
PRMT7	PF06325	1	1.7205e-16	0	0.0	0	1.01	0	0.0	0	0.65479	0	0.0	0	7	0	0.0	0	0.2	0	0.0	0	-0.13608262304213956	0	0.0	0	7	0	0.0	0		1		1		1		1
PRNP	PF00377	1	0.00032327	0	0.0	0	1.036	0	0.0	0	1.4439	0	0.0	0	0	0	0.0	0	0.6	0	0.0	0	1.004364371107751	0	0.0	0		1		1		1		1		1		1
PROM1	PF05478	1	1.2262e-27	0	0.0	0	1.104	0	0.0	0	-1.0319	0	0.0	0	1	0	0.0	0	0.8	0	0.0	0	0.06483221973857377	0	0.0	0		1		1		1		1		1		1
PROP1	PF00046	0	0.013593	0	-0.4486689307913947	0	0.87	0	0.043781249999999994	0	0.36634	0	0.2310403125	0	50	0	17.352941176470587	0	0.8	0	0.14411764705882357	0	-2.769551078621726	0	-1.6014194127951165	0		1		1		1		1	0	0	0.0	0
PRPF31	PF01798	1	1.0	0	0.0	0	0.347	0	0.0	0	3.3838	0	0.0	0	0	0	0.0	0	0.2	0	0.0	0	1.5526803810533545	0	0.0	0	24	0	0.0	0		1		1		1		1
PRPF4	PF08799	1	1.0	0	0.0	0	0.294	0	0.0	0	2.8975	0	0.0	0	0	0	0.0	0	0.2	0	0.0	0	1.1986845730771434	0	0.0	0	25	0	0.0	0		1		1		1		1
PRPH2	PF00335	0	0.0060809	0	-0.06789955	0	0.773	0	0.05900000000000005	0	0.58257	0	-0.337765	0	32	0	0.0	0	0.8	0	0.10000000000000009	0	-0.9956786262173574	0	0.5796116668841929	0	26	0	0.0	0		1		1		1		1
PRPS1	PF14572	1		1		1		1		1		1		1	4	0	0.0	0	0.2	0	0.0	0	1.5263522026285141	0	0.0	0	18	0	0.0	0		1		1		1		1
PRR12		0	1.0	0		1	0.18	0		1	-1.0343	0		1	1	0		1	0.2	0		1	0.037824750588341866	0		1	3	0		1	3	0		1	0	0		1
PRRT2	PF04505	1	0.65632	0	0.0	0	0.633	0	0.0	0	-0.24908	0	0.0	0	4	0	0.0	0	0.6	0	0.0	0	0.296884475538547	0	0.0	0	7	0	0.0	0	3	0	0.0	0	0	0	0.0	0
PRSS1	PF00089	0	2.2086e-08	0	-0.0001389019426667953	0	1.301	0	0.08233333333333315	0	-1.5604	0	-0.46864666666666666	0	3	0	-0.3333333333333335	0	0.8	0	0.06666666666666665	0	2.198659835644977	0	1.212247725451352	0	4	0	-0.5	0	0	0	0.0	0	0	0	0.0	0
PRSS12		0	6.5824e-23	0		1	0.965	0		1	0.13242	0		1	15	0		1	0.6	0		1	-1.494850021680094	0		1	8	0		1		1		1		1		1
PRSS56	PF00089	0	3.8589e-16	0	-0.0001389240286664094	0	1.11	0	-0.10866666666666669	0	-1.1646	0	-0.07284666666666673	0	1	0	-2.3333333333333335	0	0.6	0	-0.13333333333333341	0	-1.3665315444204134	0	-2.3529436546140383	0		1		1		1		1		1		1
PRUNE1	PF01368	1	5.9061e-05	0	0.0	0	0.902	0	0.0	0	1.7048	0	0.0	0	0	0	0.0	0	0.2	0	0.0	0	0.9571761304048462	0	0.0	0		1		1		1		1		1		1
PSAP	PF02199	1	0.95247	0	0.0	0	0.507	0	0.0	0	0.73992	0	0.0	0	3	0	0.0	0	0.2	0	0.0	0	2.276464102021567	0	0.0	0		1		1		1		1		1		1
PSAT1	PF00266	0	3.1767e-14	0	5.854000000000001e-15	0	1.305	0	0.026999999999999913	0	0.97952	0	0.729765	0	1	0	0.0	0	0.6	0	-0.09999999999999998	0	1.710125830808679	0	0.29475949987595307	0		1		1		1		1		1		1
PSEN1	PF01080	0	0.99951	0	0.49975480086	0	0.425	0	-0.21249999999999997	0	3.1063	0	0.871	0	1	0	0.0	0	0.2	0	0.0	0	0.19340290306241747	0	0.1557239658614085	0	2	0	0.5	0		1		1		1		1
PSEN2	PF01080	0	3.9828e-07	0	-0.49975480086	0	0.85	0	0.21250000000000002	0	1.3643	0	-0.871	0	1	0	0.0	0	0.2	0	0.0	0	-0.1180450286603995	0	-0.1557239658614085	0	1	0	-0.5	0		1		1		1		1
PSMB8	PF00227	0	0.00028809	0	-0.00023305999999999994	0	0.849	0	-0.03600000000000003	0	0.83816	0	-0.021865000000000023	0	18	0	0.0	0	0.2	0	-0.2	0	1.745862992132139	0	-0.005009741337477447	0	20	0	-13.5	0		1		1		1		1
PSMB9	PF00227	0	0.00075421	0	0.00023306	0	0.921	0	0.03600000000000003	0	0.88189	0	0.021864999999999912	0	18	0	0.0	0	0.6	0	0.19999999999999996	0	1.755882474807094	0	0.005009741337477669	0	47	0	13.5	0		1		1		1		1
PSPH	PF00702	0	0.00012448	0	-0.6210870133333334	0	1.063	0	0.43299999999999994	0	1.164	0	-0.11953333333333349	0	0	0	-2.0	0	0.2	0	-0.2666666666666666	0	0.9217384836845987	0	1.0808455755435127	0		1		1		1		1	0	0	0.0	0
PSTPIP1	PF00611	1	5.9235e-26	0	0.0	0	1.42	0	0.0	0	-1.6926	0	0.0	0	5	0	0.0	0	0.7	0	0.0	0	-0.2572748686953017	0	0.0	0		1		1		1		1		1		1
PTCH1	PF12349	1	1.0	0	0.0	0	0.146	0	0.0	0	3.1493	0	0.0	0	10	0	0.0	0	0.6	0	0.0	0	-1.2676062401770316	0	0.0	0	55	0	0.0	0	3	0	0.0	0	0	0	0.0	0
PTCHD1		0		1		1		1		1		1		1	10	0		1	0.6	0		1	-1.7212463990471711	0		1		1		1	3	0		1	0	0		1
PTDSS1	PF03034	1	5.0589e-08	0	0.0	0	0.776	0	0.0	0	2.9334	0	0.0	0	1	0	0.0	0	0.2	0	0.0	0	0.3803921600570273	0	0.0	0	111	0	0.0	0		1		1		1		1
PTEN	PF10409	0	0.048668	0	-0.47566100000000006	0	0.685	0	0.13450000000000006	0	4.1195	0	0.9452500000000001	0	6	0	2.5	0	0.2	0	-0.24999999999999994	0	0.5810389487721672	0	0.5299504325340655	0	4	0	-5.0	0	3	0	0.0	0	0	0	0.0	0
PTF1A		0	5.9082e-08	0		1	1.878	0		1	-3.0061	0		1	13	0		1	0.8	0		1	-1.0655015487564323	0		1		1		1		1		1		1		1
PTH	PF01279	0	0.047138	0	-0.441061	0	1.32	0	0.381	0	0.56473	0	0.12078499999999998	0	0	0	0.0	0	0.8	0	0.10000000000000009	0	-0.6655462488490691	0	0.014551190852153617	0		1		1		1		1		1		1
PTH1R	PF00002	0	0.00019329	0	0.0001449562454236	0	0.667	0	-0.12274999999999991	0	1.9767	0	0.5604635	0	42	0	8.75	0	0.8	0	0.050000000000000044	0	-1.9208187539523751	0	-0.5741053525059796	0	25	0	0.0	0	3	0	0.0	0	0	0	0.0	0
PTHLH	PF01279	0	0.92926	0	0.441061	0	0.558	0	-0.381	0	0.32316	0	-0.12078499999999998	0	0	0	0.0	0	0.6	0	-0.09999999999999998	0	-0.6946486305533762	0	-0.014551190852153506	0		1		1	3	0	0.0	0	1	0	0.0	0
PTPN11	PF00017	0	1.0	0	0.06434333333333342	0	0.156	0	-0.154	0	4.9526	0	0.3722000000000003	0	35	0	20.0	0	0.2	0	-0.14999999999999997	0	1.3522018196594159	0	0.21254878203343575	0	29	0	14.5	0	3	0	0.0	0	0	0	0.0	0
PTPN14		0	0.21248	0		1	0.523	0		1	2.97	0		1	35	0		1	0.2	0		1	-0.19997064075586568	0		1	15	0		1		1		1		1		1
PTPN23	PF13949	1	9.3323e-07	0	0.0	0	0.577	0	0.0	0	1.6989	0	0.0	0	35	0	0.0	0	0.2	0	0.0	0	0.7694511794020377	0	0.0	0	11	0	0.0	0		1		1		1		1
PTPRQ		0	9.7609e-48	0		1	0.941	0		1	-0.21493	0		1	71	0		1	0.6	0		1	-2.3010299956639813	0		1		1		1		1		1		1		1
PTRH2	PF01981	1	0.0011805	0	0.0	0	1.322	0	0.0	0	1.2162	0	0.0	0	0	0	0.0	0	0.2	0	0.0	0	1.5526803810533545	0	0.0	0	26	0	0.0	0		1		1		1		1
PTS	PF01242	1	9.4801e-10	0	0.0	0	1.695	0	0.0	0	-0.17854	0	0.0	0	0	0	0.0	0	0.2	0	0.0	0	-0.10127481841050648	0	0.0	0	11	0	0.0	0		1		1	0	0	0.0	0
PUF60	PF00076	0	1.0	0	0.3321067000000001	0	0.295	0	-0.15733333333333333	0	4.927	0	1.9243279999999996	0	24	0	13.166666666666666	0	0.2	0	2.7755575615628914e-17	0	1.8870600108870852	0	0.4892838421092778	0	9	0	-21.5	0	3	0	0.0	0	0	0	0.0	0
PURA	PF04845	1	0.99996	0	0.0	0	0.138	0	0.0	0	4.4455	0	0.0	0	2	0	0.0	0	0.2	0	0.0	0	1.6646513757678532	0	0.0	0	47	0	0.0	0	3	0	0.0	0	0	0	0.0	0
PUS1	PF01416	1	6.4004e-08	0	0.0	0	1.161	0	0.0	0	-0.54906	0	0.0	0	2	0	0.0	0	0.2	0	0.0	0	0.9159799141402244	0	0.0	0	14	0	0.0	0		1		1		1		1
PUS3		0	1.6014e-10	0		1	1.058	0		1	1.1089	0		1	2	0		1	0.2	0		1	-0.8326826652518239	0		1	1	0		1		1		1		1		1
PUS7	PF01142	1	1.876e-05	0	0.0	0	0.727	0	0.0	0	1.1498	0	0.0	0	1	0	0.0	0	0.2	0	0.0	0	0.9053100621160854	0	0.0	0	7	0	0.0	0		1		1		1		1
PXDN	PF03098	0	1.9752e-10	0	1.316798871166667e-10	0	0.677	0	-0.2676666666666666	0	1.5421	0	0.743471	0	5	0	-0.33333333333333304	0	0.2	0	-0.3333333333333333	0	0.37125262912493934	0	-0.047543952593638805	0	33	0	10.0	0		1		1	0	0	0.0	0
PYCR1	PF03807	0	1.677e-06	0	-1.2333e-05	0	1.268	0	0.11950000000000016	0	-0.10303	0	-0.43613500000000005	0	3	0	0.0	0	0.6	0	0.19999999999999996	0	1.5682134615970804	0	0.08512804074659663	0	6	0	-0.5	0		1		1		1		1
PYCR2	PF03807	0	2.6343e-05	0	1.2332999999999999e-05	0	1.029	0	-0.11949999999999994	0	0.76924	0	0.436135	0	3	0	0.0	0	0.2	0	-0.2	0	1.3979573801038874	0	-0.08512804074659641	0	7	0	0.5	0		1		1		1		1
PYGL	PF00343	0	4.2298e-27	0	-1.4473288510000001e-22	0	1.048	0	0.04300000000000015	0	0.96944	0	-0.36133000000000004	0	2	0	0.0	0	0.6	0	-0.04999999999999993	0	2.152291402784132	0	-0.31723036449617803	0	4	0	-1.5	0		1		1		1		1
PYGM	PF00343	0	2.8947e-22	0	1.4473288510000001e-22	0	0.962	0	-0.04299999999999993	0	1.6921	0	0.36132999999999993	0	2	0	0.0	0	0.7	0	0.050000000000000044	0	2.786752131776488	0	0.31723036449617803	0	7	0	1.5	0		1		1		1		1
PYROXD1	PF07992	0	3.8839e-05	0	-5.980016999999999e-05	0	1.107	0	0.10166666666666657	0	1.0218	0	0.40764999999999996	0	7	0	0.0	0	0.2	0	-0.1333333333333333	0	-0.37675070960209955	0	-1.6949702676687242	0		1		1		1		1		1		1
QDPR	PF00106	0	4.011e-06	0	-0.0013587287214195001	0	0.984	0	-0.21637499999999998	0	0.32789	0	0.82488625	0	0	0	-18.25	0	0.7	0	0.15000000000000002	0	1.6273760992663313	0	1.0026028664339657	0	2	0	-5.25	0		1		1		1		1
QRICH1	PF12012	1	1.0	0	0.0	0	0.261	0	0.0	0	3.7909	0	0.0	0	18	0	0.0	0	0.2	0	0.0	0	0.5238764756381312	0	0.0	0	26	0	0.0	0	3	0	0.0	0	0	0	0.0	0
RAB11B	PF00071	0	0.66811	0	0.09704478824999996	0	0.657	0	-0.048249999999999904	0	2.4822	0	0.7861969166666669	0	136	0	81.53846153846155	0	0.2	0	-0.12307692307692314	0	2.4471595823911705	0	1.2550351541732394	0	17	0	5.416666666666666	0		1		1		1		1
RAB18	PF00071	0	0.95038	0	0.37931478825	0	0.537	0	-0.1682499999999999	0	1.0956	0	-0.6004030833333334	0	68	0	13.53846153846154	0	0.2	0	-0.12307692307692314	0	1.6354937998115655	0	0.44336937159363443	0	9	0	-2.583333333333334	0		1		1		1		1
RAB23	PF00071	0	0.033359	0	-0.53770621175	0	0.838	0	0.13275000000000003	0	0.99039	0	-0.7056130833333333	0	68	0	13.53846153846154	0	0.2	0	-0.12307692307692314	0	0.6233526815379921	0	-0.568771746679939	0	4	0	-7.583333333333334	0		1		1		1		1
RAB27A	PF00071	0	1.5541e-05	0	-0.57104967075	0	1.126	0	0.42074999999999996	0	0.063867	0	-1.6321360833333334	0	68	0	13.53846153846154	0	0.6	0	0.2769230769230768	0	1.2095418220166003	0	0.017417393798669245	0	19	0	7.416666666666666	0		1		1		1		1
RAB28		0	0.0011185	0		1	1.332	0		1	-0.0034101	0		1	68	0		1	0.2	0		1	-0.33629907461035186	0		1	2	0		1		1		1		1		1
RAB33B	PF00071	0	0.39187	0	-0.17919521175000003	0	0.774	0	0.06875000000000009	0	1.169	0	-0.5270030833333332	0	68	0	13.53846153846154	0	0.2	0	-0.12307692307692314	0	0.07224989761351473	0	-1.1198745306044164	0	12	0	0.4166666666666661	0		1		1		1		1
RAB39B	PF00071	0		1		1		1		1		1		1	68	0	13.53846153846154	0	0.6	0	0.2769230769230768	0	0.7443712273318607	0	-0.4477532008860704	0	29	0	17.416666666666664	0	3	0	2.25	0	0	0	0.0	0
RAB3GAP1	PF19533	1	5.1538e-17	0	0.0	0	0.798	0	0.0	0	2.0402	0	0.0	0	0	0	0.0	0	0.2	0	0.0	0	1.008642747565285	0	0.0	0	25	0	0.0	0		1		1		1		1
RAB3GAP2	PF14656	1	0.00071117	0	0.0	0	0.535	0	0.0	0	1.9223	0	0.0	0	0	0	0.0	0	0.2	0	0.0	0	0.9315087218666175	0	0.0	0	4	0	0.0	0		1		1	0	0	0.0	0
RAD21	PF04824	1	1.0	0	0.0	0	0.341	0	0.0	0	3.6539	0	0.0	0	2	0	0.0	0	0.2	0	0.0	0	1.0969447551769405	0	0.0	0	40	0	0.0	0	3	0	0.0	0	0	0	0.0	0
RAD51	PF14520	0	0.99531	0	0.49765499999952034	0	0.467	0	-0.41950000000000004	0	3.6487	0	1.3932699999999998	0	6	0	3.0	0	0.6	0	0.19999999999999996	0	-0.1643094285075744	0	-0.0866675852972423	0	17	0	6.0	0		1		1		1		1
RAD51C		0	3.0641e-13	0		1	1.139	0		1	0.026151	0		1	6	0		1	0.2	0		1	-0.5543957967264024	0		1	11	0		1	3	0		1	0	0		1
RAD51D		0	1.7901e-11	0		1	1.092	0		1	0.60971	0		1	6	0		1	0.2	0		1	-0.8632794328435932	0		1		1		1	3	0		1	0	0		1
RAF1	PF00130	0	1.0	0	0.5862763283482817	0	0.353	0	-0.2416666666666668	0	3.4281	0	0.7785833333333332	0	35	0	16.333333333333332	0	0.6	0	0.016666666666666607	0	0.1556396337597763	0	0.3948598001621423	0	5	0	-1.5999999999999996	0	0	0	0.0	0	0	0	0.0	0
RAG1	PF12940	1	2.2369e-05	0	0.0	0	0.703	0	0.0	0	1.7802	0	0.0	0	0	0	0.0	0	0.8	0	0.0	0	-2.6989700043360187	0	0.0	0		1		1		1		1		1		1
RAG2	PF03089	1	0.022372	0	0.0	0	0.733	0	0.0	0	0.5834	0	0.0	0	0	0	0.0	0	0.8	0	0.0	0	-1.214670164989233	0	0.0	0	1	0	0.0	0		1		1		1		1
RAI1	PF13771	0	1.0	0	0.0	0	0.129	0	0.03950000000000001	0	2.4299	0	0.45704999999999996	0	13	0	7.333333333333333	0	0.2	0	-2.7755575615628914e-17	0	-0.060980223551333534	0	-0.464307226920947	0	5	0	-1.0	0	3	0	0.0	0	0	0	0.0	0
RALGAPA1		0	1.0	0		1	0.292	0		1	5.3669	0		1	2	0		1	0.2	0		1	-0.13135556160517428	0		1	6	0		1		1		1		1		1
RAPSN	PF10579	1	6.3937e-10	0	0.0	0	1.092	0	0.0	0	0.095373	0	0.0	0	6	0	0.0	0	0.7	0	0.0	0	-1.5228787452803376	0	0.0	0		1		1		1		1		1		1
RARB		0	0.99414	0		1	0.477	0		1	3.1336	0		1	18	0		1	0.2	0		1	-1.0757207139381184	0		1	1	0		1		1		1		1		1
RARS1	PF03485	1	1.1875e-16	0	0.0	0	1.079	0	0.0	0	0.46413	0	0.0	0	1	0	0.0	0	0.2	0	0.0	0	1.8773771057053443	0	0.0	0		1		1		1		1		1		1
RARS2	PF05746	1	1.92e-12	0	0.0	0	0.886	0	0.0	0	0.51421	0	0.0	0	1	0	0.0	0	0.2	0	0.0	0	0.3637999454791093	0	0.0	0	9	0	0.0	0		1		1	0	0	0.0	0
RASA1	PF00168	0	1.0	0	0.6516228571150884	0	0.3	0	-0.37371428571428583	0	3.6029	0	1.459755714285714	0	10	0	-0.35714285714285765	0	0.6	0	0.07857142857142851	0	1.3729304048887934	0	1.6493390652304236	0		1		1	3	0	0.0	0	0	0	0.0	0
RASGRP1	PF00130	0	0.47553	0	0.0618063283482817	0	0.538	0	-0.056666666666666754	0	3.0281	0	0.3785833333333328	0	24	0	5.333333333333332	0	0.6	0	0.016666666666666607	0	-1.537602002101044	0	-1.298381835698678	0		1		1		1		1		1		1
RASGRP2	PF00130	0	4.1031e-10	0	-0.4137236712414083	0	0.854	0	0.2593333333333332	0	1.8284	0	-0.8211166666666669	0	24	0	5.333333333333332	0	0.6	0	0.016666666666666607	0	1.5198411142567367	0	1.7590612806591026	0	1	0	-5.6	0		1		1		1		1
RAX	PF00046	0	0.00058285	0	-0.4616790807913947	0	1.197	0	0.37078125000000006	0	-1.0259	0	-1.1611996875	0	64	0	31.352941176470587	0	0.7	0	0.044117647058823484	0	-2.221848749616356	0	-1.0537170837897467	0	1	0	-5.0	0		1		1		1		1
RAX2	PF00046	0	0.05374	0	-0.4085219307913947	0	1.525	0	0.6987812499999999	0	-1.2231	0	-1.3583996875	0	50	0	17.352941176470587	0	0.8	0	0.14411764705882357	0	-1.0268721464003014	0	0.141259519426308	0		1		1		1		1		1		1
RB1	PF11934	1	1.0	0	0.0	0	0.239	0	0.0	0	2.32	0	0.0	0	2	0	0.0	0	0.2	0	0.0	0	0.87046243158892	0	0.0	0	14	0	0.0	0	3	0	0.0	0	0	0	0.0	0
RBCK1		0	1.0642e-10	0		1	0.89	0		1	1.3172	0		1	2	0		1	0.2	0		1	-0.03668448861388872	0		1	10	0		1		1		1		1		1
RBM10		0		1		1		1		1		1		1	2	0		1	0.2	0		1	1.0212306584797024	0		1	2	0		1		1		1		1		1
RBM28	PF00076	0	3.9531e-18	0	-0.6678932999999999	0	0.904	0	0.4516666666666667	0	1.3067	0	-1.695972	0	6	0	-4.833333333333334	0	0.2	0	2.7755575615628914e-17	0	1.0682229793464495	0	-0.3295531894313579	0	137	0	106.5	0		1		1		1		1
RBM8A		0	0.93671	0		1	0.546	0		1	3.0397	0		1	0	0		1	0.2	0		1	1.9459656219470218	0		1	3	0		1		1		1		1		1
RBP3	PF03572	1	6.2936e-14	0	0.0	0	0.958	0	0.0	0	0.22571	0	0.0	0	7	0	0.0	0	0.8	0	0.0	0	0.009025742086910208	0	0.0	0		1		1		1		1	0	0	0.0	0
RBP4	PF00061	1	0.86966	0	0.0	0	0.575	0	0.0	0	0.86717	0	0.0	0	0	0	0.0	0	0.8	0	0.0	0	4.388154525536524	0	0.0	0	11	0	0.0	0		1		1		1		1
RCBTB1		0	4.5851e-05	0		1	0.751	0		1	1.587	0		1	9	0		1	0.2	0		1	-0.41116827440579273	0		1	4	0		1		1		1		1		1
RD3		0	0.0021536	0		1	1.116	0		1	-0.001529	0		1	1	0		1	0.8	0		1	-1.3010299956639813	0		1	4	0		1		1		1		1		1
RDH12	PF00106	0	0.0011151	0	-0.0002476397214195001	0	0.862	0	-0.338375	0	0.34929	0	0.84628625	0	25	0	6.75	0	0.7	0	0.15000000000000002	0	-0.6861327796308466	0	-1.3109060124632124	0	21	0	13.75	0		1		1		1		1
RDH5	PF00106	0	7.1356e-11	0	-0.0013627396500635	0	1.3	0	0.09962500000000007	0	1.0359	0	1.53289625	0	25	0	6.75	0	0.6	0	0.050000000000000044	0	0.21774707326279358	0	-0.40702615956957205	0	2	0	-5.25	0		1		1		1		1
RECQL4	PF00270	0	5.7709e-69	0	-0.33333333347026994	0	1.519	0	0.8023333333333331	0	-6.2783	0	-7.935341666666667	0	4	0	-12.25	0	0.6	0	0.29999999999999993	0	-1.0177287669604316	0	-1.2785629280360271	0	26	0	11.666666666666666	0		1		1		1		1
REEP6	PF03134	1	1.875e-06	0	0.0	0	1.342	0	0.0	0	-0.94465	0	0.0	0	5	0	0.0	0	0.6	0	0.0	0	1.3053728686412969	0	0.0	0	33	0	0.0	0		1		1	0	0	0.0	0
RELN	PF07974	0	1.0	0	0.6666666666663332	0	0.276	0	-0.45033333333333336	0	4.2857	0	2.1876903333333337	0	0	0	-3.6666666666666665	0	0.7	0	0.06666666666666665	0	-0.790484985457369	0	-0.3289962283426678	0		1		1	0	0	0.0	0	0	0	0.0	0
RERE	PF03154	1	0.99882	0	0.0	0	0.459	0	0.0	0	0.18278	0	0.0	0	1	0	0.0	0	0.2	0	0.0	0	-0.17914201056030005	0	0.0	0	6	0	0.0	0		1		1		1		1
RET	PF00028	0	1.0	0	0.6109883333333332	0	0.24	0	-0.3526666666666667	0	2.6933	0	1.4532316666666665	0	53	0	13.0	0	0.6	0	0.08571428571428574	0	-1.6020599913279623	0	-0.15068019179151526	0	11	0	-11.166666666666668	0	3	0	0.0	0	0	0	0.0	0
RETREG1		0	3.8399e-05	0		1	0.843	0		1	1.6229	0		1	0	0		1	0.6	0		1	-0.9913998282380824	0		1		1		1		1		1	0	0		1
RFT1	PF04506	1	3.3169e-09	0	0.0	0	0.894	0	0.0	0	0.77387	0	0.0	0	0	0	0.0	0	0.2	0	0.0	0	-0.06198090252378971	0	0.0	0	6	0	0.0	0		1		1		1		1
RFWD3	PF23419	1	1.0781e-15	0	0.0	0	0.931	0	0.0	0	-0.99238	0	0.0	0	0	0	0.0	0	0.6	0	0.0	0	-1.2596373105057561	0	0.0	0	16	0	0.0	0		1		1		1		1
RFX3		0	1.0	0		1	0.212	0		1	3.1833	0		1	7	0		1	0.6	0		1	-0.6819366650372385	0		1	6	0		1	3	0		1	0	0		1
RFX6		0	0.0001268	0		1	0.692	0		1	0.91599	0		1	7	0		1	0.7	0		1	-1.3565473235138126	0		1	1	0		1		1		1	0	0		1
RFXANK	PF00023	0	0.00063839	0	-0.27215487765369206	0	0.811	0	0.13354545454545463	0	1.235	0	-1.1853434545454544	0	3	0	-1.4545454545454541	0	0.2	0	-0.22727272727272718	0	-0.22621355501880647	0	0.47363414268601467	0	5	0	-30.125	0		1		1		1		1
RGS9	PF00610	1	4.4956e-14	0	0.0	0	0.876	0	0.0	0	0.72257	0	0.0	0	23	0	0.0	0	0.8	0	0.0	0	-1.337242168318426	0	0.0	0	3	0	0.0	0		1		1		1		1
RGS9BP		0	0.00086333	0		1	1.896	0		1	-1.8086	0		1	1	0		1	0.7	0		1	-1.7212463990471711	0		1	15	0		1		1		1		1		1
RHBDF2		0	0.15213	0		1	0.545	0		1	2.7942	0		1	5	0		1	0.2	0		1	-0.48678239993206096	0		1	15	0		1	0	0		1	0	0		1
RHO	PF00001	0	5.0269e-05	0	-0.27761087085715336	0	0.91	0	0.020999999999999908	0	1.4439	0	-0.11476428571428565	0	31	0	16.875	0	0.8	0	0.07500000000000007	0	-0.20273245916928356	0	1.2990026757333206	0		1		1		1		1		1		1
RIMS2		0	0.97333	0		1	0.489	0		1	0.93868	0		1	4	0		1	0.7	0		1	-1.585026652029182	0		1	1	0		1		1		1		1		1
RIN2		0	0.0013497	0		1	0.637	0		1	0.89466	0		1	6	0		1	0.2	0		1	-0.6252516539898961	0		1	5	0		1		1		1		1		1
RINT1	PF04437	1	3.8414e-15	0	0.0	0	0.931	0	0.0	0	0.92023	0	0.0	0	0	0	0.0	0	0.2	0	0.0	0	0.1821292140529984	0	0.0	0	41	0	0.0	0	0	0	0.0	0	0	0	0.0	0
RIPK4	PF12796	0	0.62495	0	0.16245116890178996	0	0.577	0	-0.13050000000000006	0	2.2992	0	0.9398409999999999	0	1	0	-4.545454545454546	0	0.6	0	0.10909090909090913	0	-1.2441251443275085	0	-0.49193646045873196	0	23	0	10.909090909090908	0		1		1	0	0	0.0	0
RIT1	PF00071	0	0.96123	0	0.39016478825	0	0.523	0	-0.1822499999999999	0	1.5009	0	-0.19510308333333337	0	35	0	-19.46153846153846	0	0.2	0	-0.12307692307692314	0	0.2835273648616936	0	-0.9085970633562375	0	6	0	-5.583333333333334	0	0	0	-0.75	0	0	0	0.0	0
RLBP1	PF00650	0	1.0689e-06	0	1.7897000000000002e-07	0	0.954	0	-0.16100000000000003	0	0.01579	0	0.06329499999999999	0	3	0	-1.5	0	0.8	0	0.0	0	0.2229764498933913	0	0.5718976019228833	0	2	0	0.0	0		1		1		1		1
RMRP		0		1		1		1		1		1		1	0	0		1		1		1		1		1		1		1		1		1		1		1
RNASEH1	PF01693	1	5.0476e-06	0	0.0	0	1.163	0	0.0	0	0.11049	0	0.0	0	0	0	0.0	0	0.2	0	0.0	0	-0.5214335044061567	0	0.0	0	22	0	0.0	0		1		1		1		1
RNASEH2A	PF01351	1	1.502e-09	0	0.0	0	1.164	0	0.0	0	-0.11353	0	0.0	0	0	0	0.0	0	0.2	0	0.0	0	1.2600952496637108	0	0.0	0	11	0	0.0	0		1		1		1		1
RNASEH2B	PF09468	1	0.00078377	0	0.0	0	1.401	0	0.0	0	-0.74038	0	0.0	0	0	0	0.0	0	0.6	0	0.0	0	1.008642747565285	0	0.0	0	3	0	0.0	0		1		1		1		1
RNASEH2C	PF08615	1	1.0517e-08	0	0.0	0	1.755	0	0.0	0	-1.4882	0	0.0	0	0	0	0.0	0	0.2	0	0.0	0	1.0334639660774052	0	0.0	0	6	0	0.0	0		1		1		1		1
RNASET2	PF00445	1	0.0020594	0	0.0	0	1.224	0	0.0	0	0.026739	0	0.0	0	0	0	0.0	0	0.2	0	0.0	0	1.3444119245745467	0	0.0	0	3	0	0.0	0		1		1		1		1
RNF13	PF02225	0	0.58532	0	0.29265999999999986	0	0.813	0	-0.04700000000000004	0	0.65081	0	-0.3221949999999999	0	9	0	2.0	0	0.2	0	-0.3	0	-0.4907974776688971	0	-0.03925422134390427	0	19	0	6.0	0		1		1		1		1
RNPC3	PF00076	0	0.0073898	0	-0.6605034999999999	0	1.041	0	0.5886666666666667	0	-0.088168	0	-3.09084	0	1	0	-9.833333333333334	0	0.2	0	2.7755575615628914e-17	0	-0.22040350874217546	0	-1.6181796775199828	0	18	0	-12.5	0		1		1		1		1
RNU4-2		0		1		1		1		1		1		1	0	0		1		1		1		1		1		1		1		1		1		1		1
ROBO3	PF00041	0	2.7799e-19	0	-0.2999953207918707	0	0.749	0	0.11099999999999999	0	-0.51601	0	-2.2259409999999997	0	36	0	9.5	0	0.6	0	1.1102230246251565e-16	0	-1.8860566476931633	0	-1.3449265461734083	0	2	0	-5.875	0		1		1	0	0	0.0	0
ROBO4		0	4.4989e-21	0		1	0.913	0		1	-0.098013	0		1	36	0		1	0.2	0		1	0.6867256210745423	0		1		1		1		1		1		1		1
ROGDI		0	1.2141e-19	0		1	1.648	0		1	-3.6418	0		1	0	0		1	0.2	0		1	-0.4814860601221125	0		1	8	0		1		1		1	0	0		1
ROR1	PF01392	0	1.0	0	0.5500999998359635	0	0.326	0	-0.22300000000000003	0	3.1497	0	1.2482333333333335	0	71	0	6.0	0	0.6	0	0.13333333333333336	0	-0.5867002359187482	0	0.5475489139653079	0	4	0	0.6666666666666665	0		1		1		1		1
ROR2	PF01392	0	0.3497	0	-0.10020000016403657	0	0.543	0	-0.006000000000000005	0	1.2805	0	-0.6209666666666667	0	71	0	6.0	0	0.2	0	-0.2666666666666666	0	0.037824750588341866	0	1.172073900472398	0	3	0	-0.3333333333333335	0	0	0	0.0	0	0	0	0.0	0
RORA	PF00104	0	1.0	0	0.24868666666666606	0	0.207	0	-0.24816666666666667	0	2.3246	0	-0.3827208333333334	0	18	0	7.538461538461538	0	0.6	0	0.015384615384615441	0	-2.0	0	-0.9852422246254278	0		1		1		1		1		1		1
RP1	PF03607	0	7.8806e-07	0	5.2498146007e-07	0	1.447	0	-0.03733333333333344	0	0.35131	0	3.6695166666666665	0	3	0	0.0	0	0.8	0	0.10000000000000009	0	-1.7695510786217261	0	-0.5044765579703652	0		1		1		1		1		1		1
RP1L1	PF03607	0	3.1979e-13	0	-2.6307822014e-07	0	1.944	0	0.45966666666666645	0	-10.89	0	-7.571793333333334	0	1	0	-2.0	0	0.8	0	0.10000000000000009	0	-2.5228787452803374	0	-1.2578042246289765	0		1		1		1		1		1		1
RP2	PF07986	1		1		1		1		1		1		1	0	0	0.0	0	0.6	0	0.0	0	0.8189513116401728	0	0.0	0	24	0	0.0	0	3	0	0.0	0	0	0	0.0	0
RPE65	PF03055	1	2.7238e-16	0	0.0	0	0.998	0	0.0	0	0.29164	0	0.0	0	2	0	0.0	0	0.6	0	0.0	0	-0.8927900303521317	0	0.0	0	3	0	0.0	0		1		1	0	0	0.0	0
RPGR	PF25390	1		1		1		1		1		1		1	9	0	0.0	0	0.2	0	0.0	0	-1.431798275933005	0	0.0	0	17	0	0.0	0		1		1		1		1
RPGRIP1	PF00168	0	1.2162e-20	0	-0.3483771428849117	0	0.918	0	0.24428571428571422	0	1.1216	0	-1.021544285714286	0	1	0	-9.357142857142858	0	0.7	0	0.1785714285714285	0	-1.8239087409443189	0	-1.5475000806026888	0		1		1		1		1	0	0	0.0	0
RPGRIP1L	PF00168	0	4.2917e-23	0	-0.3483771428849117	0	0.907	0	0.2332857142857142	0	1.0197	0	-1.123444285714286	0	1	0	-9.357142857142858	0	0.6	0	0.07857142857142851	0	-1.8860566476931633	0	-1.6096479873515332	0	9	0	-7.444444444444443	0		1		1		1		1
RPIA	PF06026	1	3.0875e-07	0	0.0	0	1.019	0	0.0	0	0.15543	0	0.0	0	0	0	0.0	0	0.6	0	0.0	0	1.1790057075648201	0	0.0	0	9	0	0.0	0		1		1		1		1
RPL11		0	0.99902	0		1	0.342	0		1	1.9033	0		1	0	0		1	0.2	0		1	2.3729138431970633	0		1	60	0		1		1		1		1		1
RPS17	PF00833	1	0.99969	0	0.0	0	0.17	0	0.0	0	3.1938	0	0.0	0	0	0	0.0	0	0.2	0	0.0	0	2.717671334983231	0	0.0	0	19	0	0.0	0	3	0	0.0	0	0	0	0.0	0
RPS19	PF01090	1	0.99966	0	0.0	0	0.239	0	0.0	0	2.3157	0	0.0	0	0	0	0.0	0	0.2	0	0.0	0	2.322221362797957	0	0.0	0	133	0	0.0	0	3	0	0.0	0	0	0	0.0	0
RPS24	PF01282	1	0.99945	0	0.0	0	0.182	0	0.0	0	1.6762	0	0.0	0	0	0	0.0	0	0.2	0	0.0	0	2.494155985985705	0	0.0	0	25	0	0.0	0	3	0	0.0	0	0	0	0.0	0
RPS26	PF01283	1	0.99588	0	0.0	0	0.32	0	0.0	0	2.7399	0	0.0	0	0	0	0.0	0	0.2	0	0.0	0	2.527631189577088	0	0.0	0	5	0	0.0	0	3	0	0.0	0	0	0	0.0	0
RPS6KA3	PF00069	0		1		1		1		1		1		1	7	0	-9.375	0	0.2	0	-0.1333333333333333	0	0.9299805905155147	0	0.8678426297180526	0	20	0	-1.2173913043478244	0	3	0	0.8571428571428572	0	0	0	0.0	0
RRAS		0	0.00016583	0		1	1.175	0		1	-0.17086	0		1	35	0		1	0.6	0		1	1.6618221471876118	0		1	9	0		1		1		1		1		1
RRAS2	PF00071	0	0.031055	0	-0.5400102117500001	0	1.246	0	0.5407500000000001	0	0.74888	0	-0.9471230833333333	0	35	0	-19.46153846153846	0	0.2	0	-0.12307692307692314	0	1.7259197956484362	0	0.5337953674305052	0	2	0	-9.583333333333334	0		1		1		1		1
RRM2B	PF00268	1	0.27091	0	0.0	0	0.688	0	0.0	0	1.1926	0	0.0	0	1	0	0.0	0	0.2	0	0.0	0	0.4015728456764459	0	0.0	0	9	0	0.0	0		1		1		1		1
RS1	PF00754	0		1		1		1		1		1		1	1	0	-17.0	0	0.8	0	0.10000000000000009	0	-0.5543957967264024	0	-0.49134630535464097	0		1		1	3	0	0.0	0	0	0	0.0	0
RSPH1	PF02493	1	0.0046663	0	0.0	0	0.81	0	0.0	0	-0.070045	0	0.0	0	7	0	0.0	0	0.6	0	0.0	0	-1.337242168318426	0	0.0	0	5	0	0.0	0		1		1		1		1
RSPH3		0	0.018895	0		1	0.784	0		1	0.38297	0		1	0	0		1	0.2	0		1	-1.958607314841775	0		1		1		1		1		1		1		1
RSPO2	PF15913	0	0.2904	0	0.1451999918725	0	0.668	0	-0.3295	0	0.94147	0	0.857145	0	3	0	0.0	0	0.6	0	0.0	0	-2.0969100130080562	0	0.4513496488710169	0		1		1		1		1		1		1
RSPO4	PF15913	0	1.6255e-08	0	-0.1451999918725	0	1.327	0	0.3294999999999999	0	-0.77282	0	-0.857145	0	3	0	0.0	0	0.6	0	0.0	0	-2.9996093107500896	0	-0.4513496488710165	0		1		1		1		1		1		1
RSPRY1	PF00622	1	0.99768	0	0.0	0	0.445	0	0.0	0	3.0301	0	0.0	0	1	0	0.0	0	0.2	0	0.0	0	0.017450729510536125	0	0.0	0	42	0	0.0	0		1		1		1		1
RSRC1		0	3.7132e-07	0		1	1.263	0		1	-0.1105	0		1	0	0		1	0.2	0		1	0.19893186993220904	0		1	16	0		1		1		1		1		1
RTEL1	PF23109	1	1.271e-13	0	0.0	0	0.661	0	0.0	0	-1.5797	0	0.0	0	3	0	0.0	0	0.2	0	0.0	0	-0.8124792791635369	0	0.0	0	24	0	0.0	0		1		1		1		1
RTN4IP1	PF08240	0	1.7126e-07	0	8.26503e-08	0	0.952	0	-0.0044999999999999485	0	1.3356	0	0.4525699999999999	0	17	0	0.0	0	0.2	0	0.0	0	0.11427729656158624	0	-0.36943656994312823	0	9	0	2.5	0		1		1		1		1
RUNX1		0	0.29231	0		1	0.633	0		1	1.4853	0		1	2	0		1	0.6	0		1	0.451939869365103	0		1	3	0		1	3	0		1	0	0		1
RUNX2	PF00853	1	0.99998	0	0.0	0	0.352	0	0.0	0	1.7904	0	0.0	0	2	0	0.0	0	0.2	0	0.0	0	-0.4190750243243807	0	0.0	0	13	0	0.0	0		1		1		1		1
RXYLT1	PF24785	1	2.146e-12	0	0.0	0	1.09	0	0.0	0	0.29672	0	0.0	0	0	0	0.0	0	0.2	0	0.0	0	-2.5228787452803374	0	0.0	0		1		1		1		1		1		1
RYR1	PF08709	0	2.293e-56	0	-0.5	0	0.644	0	0.15949999999999998	0	4.0067	0	-1.1069999999999993	0	5	0	0.0	0	0.7	0	0.25	0	-0.7721132953863264	0	-0.8343473114460296	0		1		1		1		1		1		1
RYR2	PF13499	0	1.0	0	0.41379768014459994	0	0.424	0	-0.331	0	6.4389	0	2.742946	0	5	0	-12.8	0	0.8	0	0.20000000000000007	0	0.2506639194632435	0	-0.22620912631208717	0		1		1	0	0	-1.0	0	0	0	0.0	0
SACS	PF05168	1	1.0713e-30	0	0.0	0	0.644	0	0.0	0	3.0242	0	0.0	0	0	0	0.0	0	0.2	0	0.0	0	-0.6038006529042637	0	0.0	0	8	0	0.0	0		1		1	0	0	0.0	0
SAG	PF02752	1	1.2268e-05	0	0.0	0	0.923	0	0.0	0	0.64315	0	0.0	0	5	0	0.0	0	0.8	0	0.0	0	0.20709554041921804	0	0.0	0	1	0	0.0	0		1		1		1		1
SALL1		0	1.0	0		1	0.228	0		1	2.1498	0		1	14	0		1	0.6	0		1	-1.494850021680094	0		1	31	0		1		1		1	0	0		1
SALL4	PF00096	0	1.0	0	0.19458064285714283	0	0.184	0	-0.2600714285714286	0	2.7099	0	0.7613135714285717	0	14	0	-0.40000000000000036	0	0.6	0	0.11333333333333334	0	-0.31785492362616824	0	0.3606989321396941	0	13	0	0.5833333333333339	0	3	0	0.6666666666666665	0	0	0	0.0	0
SAMD11		0	4.0957e-33	0		1	1.764	0		1	-6.1865	0		1	18	0		1	0.6	0		1	-1.1870866433571443	0		1	9	0		1		1		1		1		1
SAMD9	PF00536	1	0.026071	0	0.0	0	1.773	0	0.0	0	2.6855	0	0.0	0	1	0	0.0	0	0.6	0	0.0	0	-0.05749589383191927	0	0.0	0	2	0	0.0	0	0	0	0.0	0		1		1
SAMHD1	PF01966	1	2.4032e-07	0	0.0	0	0.889	0	0.0	0	1.5222	0	0.0	0	0	0	0.0	0	0.2	0	0.0	0	1.4377664126947316	0	0.0	0	6	0	0.0	0		1		1	0	0	0.0	0
SAR1B	PF00025	0	0.00031009	0	-0.004248855	0	1.105	0	0.07450000000000001	0	1.3828	0	0.3097400000000001	0	30	0	0.0	0	0.2	0	-0.2	0	1.6910903371343617	0	0.7340569436204852	0	34	0	15.5	0		1		1		1		1
SARS2	PF00587	1	9.4058e-16	0	0.0	0	1.02	0	0.0	0	0.43334	0	0.0	0	1	0	0.0	0	0.2	0	0.0	0	0.9474827365569186	0	0.0	0	4	0	0.0	0		1		1		1		1
SASS6	PF16531	1	0.070805	0	0.0	0	1.202	0	0.0	0	0.47913	0	0.0	0	0	0	0.0	0	0.2	0	0.0	0	-0.3798639450262425	0	0.0	0	26	0	0.0	0		1		1		1		1
SATB2	PF02376	1	1.0	0	0.0	0	0.077	0	0.0	0	5.5263	0	0.0	0	1	0	0.0	0	0.7	0	0.0	0	-0.039529222465701036	0	0.0	0	37	0	0.0	0	3	0	0.0	0	0	0	0.0	0
SBDS	PF20268	1	1.3519e-05	0	0.0	0	1.08	0	0.0	0	1.4414	0	0.0	0	0	0	0.0	0	0.2	0	0.0	0	1.5314916902215299	0	0.0	0	16	0	0.0	0		1		1	0	0	0.0	0
SBF2	PF02141	1	5.3214e-09	0	0.0	0	0.591	0	0.0	0	2.2041	0	0.0	0	13	0	0.0	0	0.2	0	0.0	0	-0.9913998282380824	0	0.0	0	2	0	0.0	0		1		1		1		1
SCAF4		0	1.0	0		1	0.285	0		1	1.4889	0		1	1	0		1	0.2	0		1	0.9722491359625957	0		1	27	0		1		1		1		1		1
SCAPER		0	2.1156e-11	0		1	0.666	0		1	2.2837	0		1	0	0		1	0.6	0		1	-1.0	0		1	2	0		1		1		1		1		1
SCARB2	PF01130	0	0.0028612	0	0.0014305999999999557	0	0.683	0	-0.635	0	1.6403	0	1.72965	0	2	0	0.0	0	0.2	0	-0.2	0	0.89768206179642	0	-0.6599022572486398	0	9	0	3.0	0	0	0	0.0	0	0	0	0.0	0
SCARF2		0	2.8576e-11	0		1	0.992	0		1	-1.4181	0		1	3	0		1	0.6	0		1	-0.44611697335612566	0		1	9	0		1		1		1	0	0		1
SCN10A	PF00520	0	7.6186e-48	0	-0.501400937528246	0	1.058	0	0.5054375	0	0.16322	0	-3.8487076875	0	26	0	-0.0625	0	0.0	0	-0.5937499999999999	0	-1.214670164989233	0	0.23256515061598004	0		1		1		1		1		1		1
SCN11A	PF00520	0	3.9782e-18	0	-0.501400937528246	0	0.834	0	0.2814374999999999	0	1.8029	0	-2.2090276875	0	26	0	-0.0625	0	0.6	0	0.006250000000000089	0	-2.0	0	-0.5527646843947869	0		1		1		1		1		1		1
SCN1A	PF00520	0	1.0	0	0.498599062471754	0	0.098	0	-0.4545625000000001	0	7.6177	0	3.6057723125	0	26	0	-0.0625	0	0.6	0	0.006250000000000089	0	-1.6989700043360187	0	-0.2517346887308056	0		1		1	3	0	0.0	0	0	0	0.0	0
SCN2A	PF00520	0	1.0	0	0.498599062471754	0	0.161	0	-0.39156250000000004	0	8.7269	0	4.7149723125000005	0	26	0	-0.0625	0	0.8	0	0.20625000000000016	0	-1.1611509092627446	0	0.28608440634246857	0		1		1	3	0	0.0	0	0	0	0.0	0
SCN3A	PF00520	0	1.0	0	0.498599062471754	0	0.348	0	-0.2045625000000001	0	6.3712	0	2.3592723125	0	26	0	-0.0625	0	0.6	0	0.006250000000000089	0	-1.5686362358410126	0	-0.12140092023579951	0		1		1		1		1		1		1
SCN4A	PF00520	0	2.0645e-10	0	-0.501400937321796	0	0.628	0	0.07543749999999994	0	2.2392	0	-1.7727276875000002	0	26	0	-0.0625	0	0.7	0	0.10625000000000007	0	-2.221848749616356	0	-0.774613434011143	0	81	0	67.25	0		1		1		1		1
SCN5A	PF00520	0	1.0	0	0.498599062471754	0	0.372	0	-0.18056250000000007	0	4.8452	0	0.8332723125000001	0	26	0	-0.0625	0	0.8	0	0.20625000000000016	0	-1.7958800173440752	0	-0.3486447017388621	0	3	0	-10.75	0	3	0	0.0	0	0	0	0.0	0
SCN8A	PF00520	0	1.0	0	0.498599062471754	0	0.189	0	-0.36356250000000007	0	10.451	0	6.4390723125000005	0	26	0	-0.0625	0	0.7	0	0.10625000000000007	0	-1.3979400086720375	0	0.04929530693317563	0	1	0	-12.75	0		1		1		1		1
SCN9A	PF00520	0	8.0099e-23	0	-0.501400937528246	0	0.855	0	0.3024374999999999	0	1.2545	0	-2.7574276875	0	26	0	-0.0625	0	0.6	0	0.006250000000000089	0	-1.7958800173440752	0	-0.3486447017388621	0	1	0	-12.75	0		1		1		1		1
SCO1	PF02630	0	1.393e-05	0	-0.0058705350000000005	0	1.207	0	-0.2769999999999999	0	-0.56878	0	0.43451000000000006	0	1	0	0.0	0	0.2	0	0.0	0	0.996117476137288	0	0.351819941234752	0		1		1		1		1		1		1
SCO2	PF02630	0	0.011755	0	0.005870535	0	1.761	0	0.2769999999999999	0	-1.4378	0	-0.43450999999999995	0	1	0	0.0	0	0.2	0	0.0	0	0.29247759366778403	0	-0.3518199412347519	0		1		1		1		1		1		1
SCUBE3	PF12662	0	1.0	0	0.44503099999999995	0	0.402	0	-0.06714285714285717	0	3.1941	0	-0.33841285714285707	0	2	0	-3.428571428571429	0	0.7	0	0.11428571428571421	0	-1.0655015487564323	0	-0.8834224715828705	0		1		1		1		1		1		1
SCYL1	PF00069	0	2.4204e-28	0	-0.394524291855008	0	1.158	0	0.5034285714285713	0	1.0959	0	-1.1579704761904763	0	28	0	11.625	0	0.2	0	-0.1333333333333333	0	0.8848519827459979	0	0.8227140219485357	0	14	0	-7.217391304347824	0		1		1		1		1
SDCCAG8		0	4.0107e-13	0		1	0.843	0		1	0.93068	0		1	0	0		1	0.2	0		1	-0.7423214251308154	0		1	10	0		1		1		1	0	0		1
SDHA	PF00890	1	3.3694e-08	0	0.0	0	0.786	0	0.0	0	2.306	0	0.0	0	0	0	0.0	0	0.6	0	0.0	0	1.9845318137814267	0	0.0	0	13	0	0.0	0		1		1		1		1
SDHB	PF13085	1	0.027807	0	0.0	0	0.741	0	0.0	0	0.43592	0	0.0	0	0	0	0.0	0	0.6	0	0.0	0	1.63347855533382	0	0.0	0	15	0	0.0	0	3	0	0.0	0	0	0	0.0	0
SDHC	PF01127	1	0.048191	0	0.0	0	0.892	0	0.0	0	1.5652	0	0.0	0	0	0	0.0	0	0.2	0	0.0	0	1.2014244375799117	0	0.0	0	2	0	0.0	0	3	0	0.0	0	0	0	0.0	0
SDHD	PF05328	1	0.90513	0	0.0	0	0.581	0	0.0	0	0.80794	0	0.0	0	0	0	0.0	0	0.2	0	0.0	0	0.32035403281767183	0	0.0	0	9	0	0.0	0	3	0	0.0	0	0	0	0.0	0
SEC23A	PF00626	0	1.8029e-05	0	1.2018834199999475e-05	0	0.708	0	-0.1193333333333334	0	2.0263	0	0.32163333333333344	0	1	0	-0.33333333333333326	0	0.2	0	-2.7755575615628914e-17	0	1.5145610336340307	0	0.22821839397067745	0	12	0	1.0	0		1		1		1		1
SEC23B	PF00626	0	1.5717e-18	0	-6.010165799998952e-06	0	1.008	0	0.18066666666666664	0	1.252	0	-0.45266666666666655	0	1	0	-0.33333333333333326	0	0.2	0	-2.7755575615628914e-17	0	1.4014177743476226	0	0.11507513468426933	0	13	0	2.0	0		1		1	0	0	0.0	0
SEC24D	PF00626	0	1.4974e-09	0	-6.008668400000525e-06	0	0.766	0	-0.06133333333333335	0	1.8357	0	0.13103333333333356	0	2	0	0.6666666666666667	0	0.2	0	-2.7755575615628914e-17	0	0.9430491110084068	0	-0.34329352865494644	0	8	0	-3.0	0		1		1		1		1
SECISBP2		0	6.2825e-32	0		1	1.198	0		1	0.26975	0		1	1	0		1	0.2	0		1	0.1556396337597763	0		1	4	0		1		1		1		1		1
SELENOI	PF01066	1	0.0018885	0	0.0	0	0.832	0	0.0	0	1.8533	0	0.0	0	2	0	0.0	0	0.2	0	0.0	0	0.20709554041921804	0	0.0	0		1		1		1		1		1		1
SELENON		0	2.6707e-12	0		1	1.005	0		1	0.88738	0		1	2	0		1	0.2	0		1	-0.6020599913279624	0		1		1		1		1		1		1		1
SEMA3A		0	0.99879	0		1	0.453	0		1	2.3501	0		1	19	0		1	0.6	0		1	-1.5528419686577808	0		1	1	0		1		1		1	0	0		1
SEPSECS	PF05889	1	2.4531e-09	0	0.0	0	1.096	0	0.0	0	0.45776	0	0.0	0	0	0	0.0	0	0.6	0	0.0	0	-0.431798275933005	0	0.0	0	3	0	0.0	0		1		1		1		1
SERAC1		0	0.00021364	0		1	0.681	0		1	2.3086	0		1	1	0		1	0.2	0		1	-1.1135092748275182	0		1	2	0		1		1		1		1		1
SERPINA1	PF00079	0	8.2861e-07	0	-1.0375559e-05	0	1.134	0	0.03166666666666651	0	-0.16272	0	-0.48401666666666665	0	36	0	-0.3333333333333357	0	0.8	0	0.20000000000000007	0	3.8891896680995326	0	0.8526123606046894	0	26	0	15.666666666666666	0		1		1	0	0	0.0	0
SERPINB6		0	0.0033013	0		1	0.897	0		1	1.3992	0		1	36	0		1	0.2	0		1	1.9698862985391528	0		1	4	0		1		1		1	0	0		1
SERPINH1	PF00079	0	3.2767e-05	0	2.1562831e-05	0	0.971	0	-0.1313333333333334	0	0.71087	0	0.3895733333333333	0	36	0	-0.3333333333333357	0	0.2	0	-0.39999999999999997	0	2.2988552587885547	0	-0.7377220487062885	0	1	0	-9.333333333333334	0		1		1		1		1
SET	PF00956	1	0.99973	0	0.0	0	0.167	0	0.0	0	3.2081	0	0.0	0	19	0	0.0	0	0.2	0	0.0	0	2.7435105486527798	0	0.0	0	8	0	0.0	0	3	0	0.0	0	0	0	0.0	0
SETBP1		0	1.0	0		1	0.143	0		1	1.8562	0		1	19	0		1	0.2	0		1	-1.6777807052660807	0		1		1		1	3	0		1	0	0		1
SETD1A	PF11764	0	1.0	0	0.0	0	0.279	0	0.08500000000000002	0	1.8252	0	-0.6702999999999999	0	19	0	0.0	0	0.2	0	0.0	0	-0.24949160514865373	0	0.23135333246056014	0	32	0	12.5	0	3	0	0.0	0	0	0	0.0	0
SETD1B	PF11764	0	1.0	0	0.0	0	0.109	0	-0.085	0	3.1658	0	0.6703000000000001	0	19	0	0.0	0	0.2	0	0.0	0	-0.712198270069774	0	-0.2313533324605601	0	7	0	-12.5	0	3	0	0.0	0	0	0	0.0	0
SETD2	PF17907	0	1.0	0	0.0	0	0.176	0	0.022999999999999993	0	4.1571	0	-1.0360000000000005	0	19	0	0.0	0	0.2	0	-2.7755575615628914e-17	0	-0.1817741063860445	0	0.19254370965245962	0	41	0	12.5	0	3	0	0.0	0	0	0	0.0	0
SETD5	PF00856	0	1.0	0	0.0	0	0.376	0	0.09299999999999997	0	2.0399	0	-0.8564000000000003	0	1	0	0.0	0	0.2	0	0.0	0	-0.7166987712964504	0	0.2562246085307026	0	7	0	0.0	0	3	0	0.0	0	0	0	0.0	0
SF3B4	PF00076	0	0.99997	0	0.3320767000000001	0	0.259	0	-0.1933333333333333	0	4.1898	0	1.187128	0	24	0	13.166666666666666	0	0.2	0	2.7755575615628914e-17	0	1.0414321646802651	0	-0.3563440040975423	0	12	0	-18.5	0	3	0	0.0	0	0	0	0.0	0
SFTPC	PF04089	1	0.0031214	0	0.0	0	1.0	0	0.0	0	1.0693	0	0.0	0	0	0	0.0	0	0.8	0	0.0	0	-0.6903698325741012	0	0.0	0	12	0	0.0	0		1		1		1		1
SGPL1	PF00282	0	0.0024786	0	-0.09213426692635666	0	0.71	0	-0.023666666666666725	0	2.035	0	-0.25506666666666655	0	7	0	0.0	0	0.2	0	-0.29999999999999993	0	0.6731131042382337	0	0.7508181423259125	0	37	0	23.666666666666664	0		1		1		1		1
SGSH	PF16347	1	1.0282e-16	0	0.0	0	1.26	0	0.0	0	0.58086	0	0.0	0	16	0	0.0	0	0.2	0	0.0	0	0.061075323629791727	0	0.0	0	11	0	0.0	0		1		1	0	0	0.0	0
SH2D1A	PF00017	0		1		1		1		1		1		1	13	0	-2.0	0	0.8	0	0.45000000000000007	0	1.2279124017517482	0	0.08825936412576807	0	3	0	-11.5	0	3	0	0.0	0	0	0	0.0	0
SH3PXD2B		0	5.9917e-05	0		1	0.655	0		1	1.9554	0		1	3	0		1	0.2	0		1	0.2579184503140584	0		1	8	0		1		1		1		1		1
SHANK1		0	1.0	0		1	0.383	0		1	-1.0007	0		1	2	0		1	0.8	0		1	-1.4202164033831899	0		1		1		1		1		1	0	0		1
SHANK2	PF12796	0	0.99999	0	0.53749116890179	0	0.417	0	-0.29050000000000004	0	3.1048	0	1.745441	0	2	0	-3.545454545454546	0	0.6	0	0.10909090909090913	0	-0.13312218566250114	0	0.6190664982062755	0	1	0	-11.090909090909092	0	3	0	0.0	0	0	0	0.0	0
SHANK3	PF12796	0	0.99995	0	0.53745116890179	0	0.428	0	-0.2795	0	-1.37	0	-2.729359	0	2	0	-3.545454545454546	0	0.6	0	0.10909090909090913	0	-0.2502636844309389	0	0.5019249994378376	0	2	0	-10.090909090909092	0	3	0	0.0	0	0	0	0.0	0
SHH	PF01085	0	0.97518	0	0.48745675000000005	0	0.493	0	-0.253	0	0.50243	0	-0.46128500000000006	0	2	0	0.0	0	0.6	0	-0.09999999999999998	0	-0.6073030467403343	0	0.9577878492700015	0		1		1	3	0	0.0	0	0	0	0.0	0
SHOC2	PF23598	1	1.0	0	0.0	0	0.201	0	0.0	0	3.7919	0	0.0	0	31	0	0.0	0	0.2	0	0.0	0	0.8876735524544475	0	0.0	0	4	0	0.0	0	0	0	0.0	0	0	0	0.0	0
SHOX	PF00046	0		1		1		1		1		1		1	50	0	17.352941176470587	0	0.2	0	-0.45588235294117646	0	-1.2006594505464183	0	-0.03252778471980888	0	5	0	-1.0	0		1		1		1		1
SHROOM3		0	0.99977	0		1	0.448	0		1	0.8748	0		1	3	0		1	0.2	0		1	-0.30803489723263966	0		1	7	0		1		1		1		1		1
SI	PF13802	0	7.6861e-32	0	-1.0017996156950001e-25	0	1.009	0	0.0004999999999999449	0	-0.89739	0	-0.29056000000000004	0	8	0	1.0	0	0.8	0	0.30000000000000004	0	-0.5816987086802545	0	-1.0065392787610952	0		1		1		1		1		1		1
SIGMAR1	PF04622	1	3.0863e-06	0	0.0	0	1.286	0	0.0	0	0.38569	0	0.0	0	0	0	0.0	0	0.6	0	0.0	0	1.15839265038712	0	0.0	0	4	0	0.0	0		1		1		1		1
SIK1	PF00069	0		1		1		1		1		1		1	17	0	0.625	0	0.2	0	-0.1333333333333333	0	-1.8860566476931633	0	-1.9481946084906254	0	4	0	-17.217391304347824	0		1		1		1		1
SIL1	PF08609	1	2.4121e-11	0	0.0	0	1.023	0	0.0	0	1.3969	0	0.0	0	1	0	0.0	0	0.2	0	0.0	0	0.029789470831855614	0	0.0	0	24	0	0.0	0		1		1		1		1
SIM1		0	1.0	0		1	0.332	0		1	1.0526	0		1	7	0		1	0.6	0		1	-1.0506099933550872	0		1		1		1	0	0		1	0	0		1
SIN3A	PF02671	1	1.0	0	0.0	0	0.14	0	0.0	0	5.1667	0	0.0	0	1	0	0.0	0	0.2	0	0.0	0	0.7227161674884949	0	0.0	0	24	0	0.0	0	3	0	0.0	0	0	0	0.0	0
SIX1	PF05920	0	0.25564	0	-0.5536475000000001	0	0.692	0	0.28300000000000003	0	1.0287	0	-1.533275	0	6	0	-5.25	0	0.6	0	0.2	0	-1.2596373105057561	0	-1.074473614490116	0	10	0	-4.333333333333334	0	0	0	-2.25	0	0	0	0.0	0
SIX3	PF00046	0	0.99311	0	0.5308480692086053	0	0.387	0	-0.43921875	0	1.5772	0	1.4419003125	0	6	0	-26.647058823529413	0	0.6	0	-0.055882352941176494	0	-0.5917600346881504	0	0.576371631138459	0	7	0	1.0	0	3	0	0.4615384615384617	0	0	0	0.0	0
SIX6	PF00046	0	0.0023883	0	-0.4598736307913947	0	0.921	0	0.09478125000000004	0	0.62234	0	0.4870403125	0	6	0	-26.647058823529413	0	0.8	0	0.14411764705882357	0	-0.22329881601158919	0	0.9448328498150202	0	7	0	1.0	0	0	0	-2.5384615384615383	0	0	0	0.0	0
SKIC2	PF00270	0		1		1		1		1		1		1	8	0	-8.25	0	0.2	0	-0.10000000000000003	0		1		1		1		1		1		1		1		1
SKIC3		0		1		1		1		1		1		1	0	0		1	0.2	0		1		1		1		1		1		1		1		1		1
SLC10A7	PF13593	1	1.9084e-05	0	0.0	0	0.966	0	0.0	0	2.0895	0	0.0	0	0	0	0.0	0	0.2	0	0.0	0	-1.744727494896694	0	0.0	0	22	0	0.0	0		1		1		1		1
SLC12A1	PF00324	0	1.4594e-17	0	-0.3369533333333334	0	0.971	0	0.3653333333333333	0	0.38536	0	-2.87676	0	8	0	0.0	0	0.8	0	0.2666666666666667	0	-0.27164621797877153	0	0.01847359398380466	0		1		1		1		1	0	0	0.0	0
SLC12A5	PF00324	0	1.0	0	0.6630466666666666	0	0.225	0	-0.3806666666666667	0	6.274	0	3.01188	0	8	0	0.0	0	0.6	0	0.06666666666666665	0	-0.22402566887063094	0	0.06609414309194525	0	3	0	-17.5	0		1		1		1		1
SLC12A6	PF00324	0	0.01086	0	-0.3260933333333334	0	0.621	0	0.01533333333333331	0	3.127	0	-0.13512000000000013	0	8	0	0.0	0	0.2	0	-0.3333333333333333	0	-0.37468754903832613	0	-0.08456773707574994	0	38	0	17.5	0		1		1		1		1
SLC13A5	PF00939	1	0.70034	0	0.0	0	0.549	0	0.0	0	1.5418	0	0.0	0	5	0	0.0	0	0.8	0	0.0	0	-1.537602002101044	0	0.0	0	1	0	0.0	0		1		1	0	0	0.0	0
SLC16A2	PF07690	0		1		1		1		1		1		1	13	0	6.0	0	0.6	0	0.025000000000000022	0	-0.9208187539523752	0	-0.05698642003200549	0	4	0	-9.428571428571429	0	3	0	0.0	0	0	0	0.0	0
SLC17A5	PF07690	0	1.1116e-09	0	-0.00015237452173377856	0	1.065	0	0.0475714285714286	0	1.1844	0	0.6453314285714286	0	12	0	5.0	0	0.8	0	0.2250000000000001	0	-0.9208187539523752	0	-0.05698642003200549	0	2	0	-11.428571428571429	0		1		1	0	0	0.0	0
SLC19A3	PF01770	1	1.2033e-07	0	0.0	0	0.968	0	0.0	0	0.51867	0	0.0	0	2	0	0.0	0	0.6	0	0.0	0	-1.537602002101044	0	0.0	0	1	0	0.0	0		1		1		1		1
SLC1A1	PF00375	1	1.3649e-08	0	0.0	0	1.043	0	0.0	0	-0.74611	0	0.0	0	6	0	0.0	0	0.6	0	0.0	0	-1.2006594505464183	0	0.0	0	33	0	0.0	0		1		1		1		1
SLC22A5	PF00083	0	8.4286e-10	0	-0.25000129984035496	0	0.963	0	0.20124999999999993	0	0.86805	0	-1.0810499999999998	0	22	0	6.75	0	0.6	0	0.04999999999999993	0	-1.4202164033831899	0	-1.2039601037927663	0	8	0	3.75	0		1		1		1		1
SLC24A4	PF01699	0	5.3093e-10	0	2.6361685000000005e-10	0	0.862	0	-0.15000000000000002	0	1.2877	0	0.23131499999999994	0	4	0	0.0	0	0.7	0	-0.050000000000000044	0	-2.3979400086720375	0	0.06246936830414995	0		1		1		1		1		1		1
SLC24A5	PF01699	0	3.6963e-12	0	-2.6361685e-10	0	1.162	0	0.1499999999999999	0	0.82507	0	-0.23131500000000016	0	4	0	0.0	0	0.8	0	0.050000000000000044	0	-2.5228787452803374	0	-0.06246936830414995	0	2	0	0.0	0		1		1		1		1
SLC25A1	PF00153	0	2.362e-07	0	-0.002329289843714287	0	1.034	0	-0.0497142857142856	0	0.25155	0	-0.17359999999999998	0	49	0	7.0	0	0.6	0	0.14285714285714274	0	1.482887869376486	0	1.2670221054710042	0		1		1		1		1		1		1
SLC25A13	PF00153	0	5.0062e-18	0	-0.0023295260437142815	0	0.937	0	-0.14671428571428557	0	1.1534	0	0.7282500000000001	0	49	0	7.0	0	0.8	0	0.3428571428571428	0	1.4281509987444454	0	1.2122852348389637	0	1	0	-11.2	0		1		1		1		1
SLC25A15	PF00153	0	1.026e-06	0	-0.002328500043714287	0	1.026	0	-0.05771428571428561	0	1.3292	0	0.90405	0	49	0	7.0	0	0.6	0	0.14285714285714274	0	0.14952701375434777	0	-0.06633875015113405	0	14	0	1.8000000000000007	0		1		1		1		1
SLC25A20	PF00153	0	4.4499e-08	0	-0.0023294815447142867	0	1.052	0	-0.031714285714285584	0	1.0624	0	0.6372500000000001	0	49	0	7.0	0	0.6	0	0.14285714285714274	0	0.6938148538894169	0	0.47794908998393504	0	15	0	2.8000000000000007	0		1		1		1		1
SLC25A26	PF00153	0	0.016298	0	0.013968473956285712	0	1.109	0	0.025285714285714356	0	-1.2033	0	-1.62845	0	49	0	7.0	0	0.2	0	-0.25714285714285723	0	-0.5543957967264024	0	-0.7702615606318842	0	2	0	-10.2	0		1		1		1		1
SLC25A38	PF00153	0	8.6507e-08	0	-0.0023294395367142867	0	1.053	0	-0.030714285714285694	0	1.1311	0	0.7059500000000001	0	49	0	7.0	0	0.2	0	-0.25714285714285723	0	-1.4685210829577449	0	-1.6843868468632266	0		1		1		1		1		1		1
SLC25A42		0	0.00033937	0		1	0.868	0		1	1.2514	0		1	49	0		1	0.6	0		1	-0.4775557664936801	0		1	5	0		1		1		1		1		1
SLC25A46	PF00153	0	7.2891e-06	0	-0.0023222369437142865	0	1.375	0	0.29128571428571437	0	-0.7483	0	-1.1734499999999999	0	0	0	-42.0	0	0.2	0	-0.25714285714285723	0	-0.22040350874217546	0	-0.43626927264765725	0	29	0	16.8	0		1		1		1		1
SLC26A2	PF01740	1	3.7099e-11	0	0.0	0	1.091	0	0.0	0	1.4995	0	0.0	0	9	0	0.0	0	0.8	0	0.0	0	0.10754912974468628	0	0.0	0	27	0	0.0	0		1		1		1		1
SLC27A4	PF00501	1	0.00053967	0	0.0	0	0.661	0	0.0	0	1.1324	0	0.0	0	12	0	0.0	0	0.2	0	0.0	0	0.1821292140529984	0	0.0	0	4	0	0.0	0		1		1		1		1
SLC2A1	PF00083	0	1.0	0	0.7499986993167851	0	0.139	0	-0.62275	0	4.6812	0	2.7321	0	13	0	-2.25	0	0.6	0	0.04999999999999993	0	1.7395802550243473	0	1.955836554614771	0	3	0	-1.25	0	3	0	0.0	0	0	0	0.0	0
SLC2A10	PF00083	0	4.779e-08	0	-0.25000125289321495	0	1.087	0	0.32524999999999993	0	0.66325	0	-1.28585	0	13	0	-2.25	0	0.2	0	-0.35000000000000003	0	-0.9871627752948278	0	-0.7709064757044041	0	1	0	-3.25	0		1		1	0	0	0.0	0
SLC2A2	PF00083	0	5.1541e-06	0	-0.24999614658321498	0	0.858	0	0.09624999999999995	0	1.5839	0	-0.36519999999999975	0	13	0	-2.25	0	0.8	0	0.25	0	-0.1972262747080243	0	0.019030024882399355	0	5	0	0.75	0		1		1		1		1
SLC33A1	PF13000	1	0.91612	0	0.0	0	0.555	0	0.0	0	2.228	0	0.0	0	1	0	0.0	0	0.2	0	0.0	0	-0.12784372725170717	0	0.0	0	7	0	0.0	0		1		1		1		1
SLC35A1	PF04142	0	0.073907	0	0.0	0	0.682	0	0.0	0	1.9791	0	0.0	0	4	0	0.0	0	0.2	0	0.0	0	-0.826813731587726	0	-0.13228214720405695	0	2	0	-0.5	0		1		1		1		1
SLC35A2	PF04142	0		1		1		1		1		1		1	4	0	0.0	0	0.2	0	0.0	0	-0.562249437179612	0	0.13228214720405707	0	3	0	0.5	0	3	0	0.0	0	0	0	0.0	0
SLC35C1	PF03151	0	0.58493	0	0.29246288229999995	0	0.664	0	-0.15849999999999997	0	0.848	0	0.22051500000000002	0	9	0	0.0	0	0.6	0	0.0	0	-1.1426675035687315	0	-0.27545373444029053	0	1	0	0.0	0		1		1	0	0	0.0	0
SLC35D1	PF03151	0	4.2354e-06	0	-0.2924628823	0	0.981	0	0.15849999999999997	0	0.40697	0	-0.22051499999999996	0	9	0	0.0	0	0.6	0	0.0	0	-0.5917600346881504	0	0.27545373444029053	0		1		1		1		1	0	0	0.0	0
SLC37A4	PF07690	0	1.945e-14	0	-0.00015237563331432858	0	1.252	0	0.23457142857142865	0	0.13179	0	-0.4072785714285714	0	12	0	5.0	0	0.6	0	0.025000000000000022	0	-0.4596705252091263	0	0.4041618087112434	0	1	0	-12.428571428571429	0		1		1	0	0	0.0	0
SLC38A3	PF01490	0	0.99947	0	0.499735	0	0.433	0	-0.6214999999999999	0	2.9003	0	4.47555	0	15	0	0.0	0	0.7	0	0.050000000000000044	0	-1.1079053973095196	0	0.04985145659611323	0	3	0	0.0	0		1		1		1		1
SLC38A8	PF01490	0	2.0536e-29	0	-0.499735	0	1.676	0	0.6214999999999999	0	-6.0508	0	-4.47555	0	15	0	0.0	0	0.6	0	-0.04999999999999993	0	-1.207608310501746	0	-0.04985145659611323	0		1		1		1		1	0	0	0.0	0
SLC39A14	PF02535	0	0.37345	0	-0.12384999999999996	0	0.592	0	-0.0050000000000000044	0	2.8811	0	0.8486500000000001	0	6	0	0.0	0	0.6	0	0.0	0	0.8814417219413931	0	0.688825519442106	0		1		1		1		1		1		1
SLC39A4	PF21116	1	7.5913e-18	0	0.0	0	1.262	0	0.0	0	-2.3602	0	0.0	0	6	0	0.0	0	0.8	0	0.0	0	-1.2291479883578558	0	0.0	0	65	0	0.0	0		1		1		1		1
SLC39A8	PF02535	0	0.62115	0	0.12385000000000002	0	0.602	0	0.0050000000000000044	0	1.1838	0	-0.8486499999999999	0	6	0	0.0	0	0.6	0	0.0	0	-0.4962093169428189	0	-0.688825519442106	0	21	0	0.0	0		1		1		1		1
SLC40A1	PF06963	1	0.999	0	0.0	0	0.445	0	0.0	0	2.5155	0	0.0	0	0	0	0.0	0	0.2	0	0.0	0	-0.7619538968712046	0	0.0	0		1		1		1		1		1		1
SLC45A2	PF07690	0	1.8671e-10	0	-0.00015237544662377857	0	1.022	0	0.004571428571428671	0	-0.15802	0	-0.6970885714285713	0	3	0	-4.0	0	0.6	0	0.025000000000000022	0	-2.5228787452803374	0	-1.6590464113599677	0	1	0	-12.428571428571429	0		1		1		1		1
SLC46A1	PF07690	0	0.0010626	0	0.0009102243666662213	0	0.865	0	-0.15242857142857136	0	0.87996	0	0.3408914285714286	0	2	0	-5.0	0	0.6	0	0.025000000000000022	0	-0.06198090252378971	0	0.80185143139658	0		1		1		1		1		1		1
SLC4A11	PF00955	1	9.2641e-19	0	0.0	0	0.897	0	0.0	0	1.6142	0	0.0	0	9	0	0.0	0	0.7	0	0.0	0	-1.3979400086720375	0	0.0	0		1		1		1		1		1		1
SLC4A4	PF07565	1	1.0	0	0.0	0	0.329	0	0.0	0	4.3853	0	0.0	0	9	0	0.0	0	0.6	0	0.0	0	-0.17392519729917355	0	0.0	0		1		1		1		1		1		1
SLC52A2	PF06237	0	0.00025725	0	0.00012737455	0	0.955	0	-0.02850000000000008	0	-0.37355	0	-0.703525	0	2	0	0.0	0	0.2	0	-0.2	0	-1.0268721464003014	0	0.33604892896785876	0		1		1		1		1		1		1
SLC52A3	PF06237	0	2.5009e-06	0	-0.00012737455	0	1.012	0	0.02849999999999997	0	1.0335	0	0.7035250000000001	0	2	0	0.0	0	0.6	0	0.19999999999999996	0	-1.6989700043360187	0	-0.33604892896785854	0		1		1		1		1		1		1
SLC5A5	PF00474	1	1.3394e-14	0	0.0	0	1.002	0	0.0	0	0.60238	0	0.0	0	12	0	0.0	0	0.7	0	0.0	0	-1.1611509092627446	0	0.0	0	7	0	0.0	0		1		1		1		1
SLC6A1	PF00209	0	1.0	0	0.3333366645242001	0	0.153	0	-0.2813333333333333	0	4.9313	0	2.2194833333333333	0	19	0	-4.75	0	0.7	0	0.27499999999999997	0	-0.8013429130455774	0	0.4806822783863065	0	12	0	-0.3333333333333339	0	3	0	0.0	0	0	0	0.0	0
SLC6A19		0	1.6171e-23	0		1	1.201	0		1	0.80884	0		1	19	0		1	0.7	0		1	-0.583359492661719	0		1		1		1		1		1		1		1
SLC6A3	PF00209	0	0.99999	0	0.3333266645242001	0	0.393	0	-0.04133333333333328	0	2.9473	0	0.23548333333333282	0	19	0	-4.75	0	0.8	0	0.37500000000000006	0	-1.5528419686577808	0	-0.2708167772258969	0		1		1		1		1		1		1
SLC6A5	PF00209	0	6.4274e-09	0	-0.6666633290484	0	0.757	0	0.3226666666666667	0	0.25685	0	-2.454966666666667	0	38	0	14.25	0	0.0	0	-0.425	0	-1.958607314841775	0	-0.6765821234098912	0	7	0	-5.333333333333334	0		1		1		1		1
SLC6A8	PF00209	0		1		1		1		1		1		1	19	0	-4.75	0	0.2	0	-0.22499999999999998	0	-0.8153085691824012	0	0.4667166222494826	0	18	0	5.666666666666666	0	3	0	0.0	0	0	0	0.0	0
SLC6A9		0	0.50591	0		1	0.544	0		1	3.1143	0		1	19	0		1	0.6	0		1	-1.1804560644581312	0		1		1		1		1		1		1		1
SLC9A1	PF00999	1	0.99576	0	0.0	0	0.473	0	0.0	0	4.6915	0	0.0	0	10	0	0.0	0	0.6	0	0.0	0	0.4101020766428606	0	0.0	0	34	0	0.0	0		1		1		1		1
SLC9A6		0		1		1		1		1		1		1	10	0		1	0.6	0		1	-0.040958607678906384	0		1	35	0		1	3	0		1	0	0		1
SLCO2A1	PF07648	0	1.5976e-17	0	-0.08683	0	1.036	0	0.21799999999999997	0	1.1063	0	0.04585000000000017	0	10	0	4.5	0	0.6	0	0.0	0	-0.8860566476931632	0	-0.20162627282156875	0		1		1		1		1		1		1
SLITRK6	PF13855	0	2.7526e-07	0	1.3762999994353e-07	0	0.812	0	-0.07099999999999995	0	0.68303	0	-0.11653000000000002	0	25	0	-5.5	0	0.6	0	0.09999999999999998	0	-1.494850021680094	0	-0.5018792880082379	0	8	0	-1.0	0		1		1		1		1
SLURP1	PF00021	1	0.22368	0	0.0	0	1.031	0	0.0	0	0.80805	0	0.0	0	3	0	0.0	0	0.7	0	0.0	0	1.6096050797202244	0	0.0	0	55	0	0.0	0		1		1	0	0	0.0	0
SLX4		0	5.1228e-29	0		1	0.896	0		1	-0.74532	0		1	0	0		1	0.6	0		1	-0.9318141382538383	0		1	4	0		1		1		1		1		1
SMAD3	PF03165	0	0.99998	0	0.33331999948476665	0	0.373	0	-0.16633333333333333	0	4.3603	0	0.9808166666666667	0	7	0	0.0	0	0.2	0	-0.1333333333333333	0	0.4363217001397333	0	0.0798003799071143	0	15	0	5.0	0	3	0	0.0	0	0	0	0.0	0
SMAD4	PF03165	0	1.0	0	0.33333999948476667	0	0.227	0	-0.31233333333333335	0	4.9422	0	1.5627166666666668	0	7	0	0.0	0	0.2	0	-0.1333333333333333	0	0.6284911049671229	0	0.2719697847345039	0	7	0	-3.0	0	3	0	0.0	0	0	0	0.0	0
SMAD9	PF03165	0	1.5457e-09	0	-0.6666599989695333	0	1.018	0	0.4786666666666667	0	0.83595	0	-2.543533333333333	0	7	0	0.0	0	0.6	0	0.26666666666666666	0	0.00475115559100102	0	-0.351770164641618	0	8	0	-2.0	0		1		1		1		1
SMARCA4	PF07533	0	1.0	0	0.0	0	0.226	0	0.063	0	8.811	0	2.2076666666666656	0	30	0	0.0	0	0.2	0	-0.1333333333333333	0	0.9440382800544181	0	0.8633745193669065	0	13	0	1.0	0	3	0	0.0	0	0	0	0.0	0
SMARCAL1	PF07443	1	5.0365e-12	0	0.0	0	0.795	0	0.0	0	1.7809	0	0.0	0	30	0	0.0	0	0.2	0	0.0	0	-0.13430394008392949	0	0.0	0	7	0	0.0	0		1		1		1		1
SMARCB1	PF21459	1	1.0	0	0.0	0	0.221	0	0.0	0	4.8624	0	0.0	0	0	0	0.0	0	0.2	0	0.0	0	0.7490402687034572	0	0.0	0	29	0	0.0	0	3	0	0.0	0	0	0	0.0	0
SMARCC2	PF00249	1	1.0	0	0.0	0	0.167	0	0.0	0	4.8274	0	0.0	0	3	0	0.0	0	0.2	0	0.0	0	1.357953894586339	0	0.0	0	31	0	0.0	0		1		1		1		1
SMARCE1	PF00505	0	0.99994	0	0.2283733750000001	0	0.318	0	-0.09212500000000001	0	2.7817	0	0.2721999999999998	0	20	0	0.0	0	0.2	0	-0.32222222222222224	0	1.2718648302193956	0	1.5202457237624034	0	26	0	17.833333333333336	0	3	0	0.0	0	0	0	0.0	0
SMC1A	PF06470	1		1		1		1		1		1		1	7	0	0.0	0	0.2	0	0.0	0	1.3927145356762956	0	0.0	0	3	0	0.0	0	3	0	0.0	0	0	0	0.0	0
SMCHD1	PF13589	1	1.0	0	0.0	0	0.342	0	0.0	0	3.9782	0	0.0	0	0	0	0.0	0	0.2	0	0.0	0	0.9180827846421872	0	0.0	0	10	0	0.0	0		1		1		1		1
SMG8	PF10220	1	8.6251e-08	0	0.0	0	0.726	0	0.0	0	2.8653	0	0.0	0	0	0	0.0	0	0.2	0	0.0	0	0.32035403281767183	0	0.0	0		1		1		1		1		1		1
SMO	PF01534	0	5.4431e-06	0	-0.31603341767919624	0	0.706	0	-0.06175000000000008	0	1.4693	0	-0.3149000000000002	0	22	0	5.25	0	0.2	0	-0.19999999999999996	0	-1.7212463990471711	0	-0.5974976239805405	0	6	0	-0.25	0		1		1		1		1
SMOC1	PF07648	0	0.17366	0	0.08682999999999999	0	0.6	0	-0.21800000000000008	0	1.0146	0	-0.045849999999999946	0	1	0	-4.5	0	0.6	0	0.0	0	-0.48280410205002566	0	0.20162627282156875	0	22	0	0.0	0		1		1	0	0	0.0	0
SMOC2		0	3.0705e-07	0		1	0.824	0		1	0.37496	0		1	1	0		1	0.6	0		1	-0.23657200643706275	0		1		1		1		1		1	0	0		1
SMPD1	PF19272	1	7.3388e-14	0	0.0	0	1.057	0	0.0	0	0.48451	0	0.0	0	2	0	0.0	0	0.2	0	0.0	0	-0.6516951369518393	0	0.0	0	8	0	0.0	0		1		1		1		1
SMPD4		0	3.7277e-11	0		1	0.769	0		1	2.3123	0		1	0	0		1	0.2	0		1	0.6694098672877827	0		1	2	0		1		1		1		1		1
SMS	PF17284	1		1		1		1		1		1		1	2	0	0.0	0	0.2	0	0.0	0	1.2253351318185406	0	0.0	0	1	0	0.0	0	3	0	0.0	0	0	0	0.0	0
SNAI2		0	0.99965	0		1	0.283	0		1	1.9859	0		1	36	0		1	0.2	0		1	-1.6020599913279623	0		1		1		1		1		1		1		1
SNAP25	PF00835	1	0.99953	0	0.0	0	0.29	0	0.0	0	3.1978	0	0.0	0	3	0	0.0	0	0.8	0	0.0	0	0.7642508754387732	0	0.0	0	4	0	0.0	0		1		1		1		1
SNAP29		0	0.056356	0		1	0.833	0		1	-0.24593	0		1	3	0		1	0.2	0		1	1.298874899704699	0		1	48	0		1		1		1		1		1
SNCA	PF01387	1	0.79673	0	0.0	0	0.691	0	0.0	0	1.1478	0	0.0	0	2	0	0.0	0	0.7	0	0.0	0	2.3979417458464907	0	0.0	0	11	0	0.0	0		1		1		1		1
SNORD118		0		1		1		1		1		1		1	0	0		1		1		1		1		1		1		1		1		1		1		1
SNRPB		0	0.99857	0		1	0.324	0		1	2.1063	0		1	1	0		1	0.2	0		1	1.3944691923474342	0		1	63	0		1		1		1		1		1
SNRPN		0	0.97559	0		1	0.503	0		1	2.7871	0		1	1	0		1	0.2	0		1	1.3729304048887934	0		1	84	0		1	0	0		1	0	0		1
SNUPN		0	0.023554	0		1	0.798	0		1	1.2285	0		1	0	0		1	0.2	0		1	-0.0788339493622613	0		1	10	0		1		1		1		1		1
SNX10	PF00787	1	8.2933e-05	0	0.0	0	1.518	0	0.0	0	1.1863	0	0.0	0	15	0	0.0	0	0.6	0	0.0	0	-0.9430951486635274	0	0.0	0		1		1		1		1	0	0	0.0	0
SNX14	PF08628	1	4.2755e-12	0	0.0	0	0.853	0	0.0	0	1.5737	0	0.0	0	3	0	0.0	0	0.2	0	0.0	0	-1.031517051446065	0	0.0	0	39	0	0.0	0		1		1		1		1
SON	PF14709	1	1.0	0	0.0	0	0.051	0	0.0	0	2.5949	0	0.0	0	0	0	0.0	0	0.2	0	0.0	0	1.1461590556048182	0	0.0	0	8	0	0.0	0	3	0	0.0	0	0	0	0.0	0
SOS1	PF00617	1	1.0	0	0.0	0	0.288	0	0.0	0	2.3433	0	0.0	0	24	0	0.0	0	0.2	0	0.0	0	0.1525940779274697	0	0.0	0	6	0	0.0	0	0	0	0.0	0	0	0	0.0	0
SOX10	PF00505	0	0.99999	0	0.2284233750000001	0	0.248	0	-0.16212500000000002	0	2.8852	0	0.37570000000000014	0	20	0	0.0	0	0.7	0	0.1777777777777777	0	-0.393618634889395	0	-0.14523774134638726	0		1		1	3	0	0.0	0	0	0	0.0	0
SOX11	PF00505	0	0.08649	0	-0.685076625	0	1.148	0	0.7378749999999998	0	1.4861	0	-1.0234	0	20	0	0.0	0	0.6	0	0.07777777777777772	0	-0.7495799976911061	0	-0.5011991041480983	0		1		1	3	0	0.0	0	0	0	0.0	0
SOX2	PF00505	0	0.99931	0	0.22774337500000008	0	0.302	0	-0.10812500000000003	0	2.9769	0	0.46740000000000004	0	20	0	0.0	0	0.6	0	0.07777777777777772	0	-0.3516399890190684	0	-0.10325909547606063	0	11	0	2.833333333333334	0	3	0	0.0	0	0	0	0.0	0
SOX3		0		1		1		1		1		1		1	20	0		1	0.6	0		1	-0.3115801779972894	0		1		1		1	0	0		1	2	0		1
SOX5	PF00505	0	1.0	0	0.22843337500000005	0	0.204	0	-0.20612500000000003	0	3.8086	0	1.2991000000000001	0	20	0	0.0	0	0.6	0	0.07777777777777772	0	-0.721246399047171	0	-0.4728655055041633	0	7	0	-1.166666666666666	0	3	0	0.0	0	0	0	0.0	0
SOX6	PF00505	0	1.0	0	0.22843337500000005	0	0.165	0	-0.245125	0	3.2951	0	0.7856000000000001	0	20	0	0.0	0	0.6	0	0.07777777777777772	0	-0.48678239993206096	0	-0.2384015063890532	0	2	0	-6.166666666666666	0		1		1		1		1
SOX9	PF00505	0	1.0	0	0.22843337500000005	0	0.154	0	-0.25612500000000005	0	1.6558	0	-0.8537000000000001	0	20	0	0.0	0	0.6	0	0.07777777777777772	0	-0.4596705252091263	0	-0.21128963166611855	0		1		1	3	0	0.0	0	0	0	0.0	0
SPAG1	PF13877	1	2.1275e-11	0	0.0	0	1.084	0	0.0	0	0.55923	0	0.0	0	18	0	0.0	0	0.2	0	0.0	0	-0.12378215940835775	0	0.0	0	6	0	0.0	0		1		1		1		1
SPARC	PF09289	1	6.426e-05	0	0.0	0	0.844	0	0.0	0	1.6509	0	0.0	0	1	0	0.0	0	0.2	0	0.0	0	2.5078572204343637	0	0.0	0	4	0	0.0	0		1		1		1		1
SPAST	PF00004	0	0.11467	0	-0.055654001196369096	0	0.69	0	-0.022199999999999998	0	0.23048	0	-1.4078619999999997	0	9	0	1.0	0	0.2	0	-0.2	0	0.10754912974468628	0	-0.5762434001769343	0	11	0	-4.5	0	3	0	0.0	0	0	0	0.0	0
SPATA7	PF15244	1	6.0519e-09	0	0.0	0	1.22	0	0.0	0	0.44768	0	0.0	0	0	0	0.0	0	0.8	0	0.0	0	-0.9172146296835499	0	0.0	0	5	0	0.0	0		1		1	0	0	0.0	0
SPEG		0	1.5704e-05	0		1	0.514	0		1	0.17979	0		1	9	0		1	0.6	0		1	-1.4685210829577449	0		1	6	0		1		1		1	0	0		1
SPEN	PF20809	1	1.0	0	0.0	0	0.094	0	0.0	0	5.1216	0	0.0	0	7	0	0.0	0	0.2	0	0.0	0	0.2229764498933913	0	0.0	0	24	0	0.0	0	3	0	0.0	0	0	0	0.0	0
SPG11	PF14649	1	2.0022e-51	0	0.0	0	0.852	0	0.0	0	-0.6997	0	0.0	0	0	0	0.0	0	0.2	0	0.0	0	-0.5003129173815962	0	0.0	0	24	0	0.0	0		1		1		1		1
SPINK5		0	1.2594e-31	0		1	0.908	0		1	1.5699	0		1	6	0		1	0.7	0		1	1.1461590556048182	0		1	1	0		1		1		1		1		1
SPINT2	PF00014	1	0.0001066	0	0.0	0	0.935	0	0.0	0	1.1142	0	0.0	0	13	0	0.0	0	0.2	0	0.0	0	0.29247759366778403	0	0.0	0	68	0	0.0	0		1		1		1		1
SPOP		0	0.99995	0		1	0.377	0		1	5.5384	0		1	11	0		1	0.2	0		1	-0.3372421683184259	0		1	16	0		1		1		1		1		1
SPR	PF00106	0	5.9067e-06	0	-0.0013568330214195	0	1.528	0	0.32762500000000006	0	-0.70049	0	-0.20349374999999992	0	33	0	14.75	0	0.2	0	-0.3499999999999999	0	1.4116365387564689	0	0.7868633059241033	0	2	0	-5.25	0		1		1		1		1
SPRED1	PF05210	1	0.98383	0	0.0	0	0.496	0	0.0	0	1.4209	0	0.0	0	5	0	0.0	0	0.2	0	0.0	0	-1.1249387366083	0	0.0	0		1		1	3	0	0.0	0	0	0	0.0	0
SPRTN	PF10263	1	0.94923	0	0.0	0	0.531	0	0.0	0	2.0581	0	0.0	0	0	0	0.0	0	0.2	0	0.0	0	-1.1487416512809248	0	0.0	0		1		1		1		1		1		1
SPTAN1	PF13499	0	1.0	0	0.41379768014459994	0	0.222	0	-0.533	0	7.9475	0	4.251545999999999	0	36	0	18.2	0	0.2	0	-0.39999999999999997	0	2.2455151353894234	0	1.7686420896140926	0	1	0	-8.25	0	3	0	2.0	0	0	0	0.0	0
SPTBN1	PF00307	0	1.0	0	0.5001049378333333	0	0.159	0	-0.33299999999999996	0	5.9038	0	2.3392133333333334	0	36	0	0.0	0	0.2	0	-0.27499999999999997	0	2.220110704263994	0	1.0176464678982835	0		1		1		1		1		1		1
SPTBN2	PF00307	0	0.9987	0	0.49880493783333335	0	0.452	0	-0.03999999999999998	0	4.5181	0	0.9535133333333325	0	36	0	0.0	0	0.6	0	0.125	0	0.6484575942825226	0	-0.5540066420831877	0		1		1		1		1		1		1
SPTBN4	PF00307	0	1.3288e-05	0	-0.4998817741666667	0	0.529	0	0.03700000000000003	0	0.64957	0	-2.9150166666666673	0	36	0	0.0	0	0.7	0	0.22499999999999998	0	0.14019367857863121	0	-1.062270557787079	0	8	0	-6.666666666666666	0		1		1		1		1
SRC	PF07714	0	0.99997	0	0.41330585642166673	0	0.383	0	-0.1965	0	2.8596	0	0.33504500000000004	0	32	0	5.0	0	0.2	0	-0.3000000000000001	0	2.2576809742795834	0	1.5861356154309068	0	74	0	43.66666666666667	0		1		1		1		1
SRCAP		0	1.0	0		1	0.223	0		1	3.6475	0		1	30	0		1	0.2	0		1	0.1274287778515989	0		1	22	0		1	3	0		1	0	0		1
SRD5A2	PF02544	1	7.6192e-10	0	0.0	0	1.717	0	0.0	0	-0.88175	0	0.0	0	3	0	0.0	0	0.7	0	0.0	0	-1.6020599913279623	0	0.0	0	1	0	0.0	0		1		1	0	0	0.0	0
SRD5A3		0	1.4849e-06	0		1	1.004	0		1	0.62996	0		1	0	0		1	0.2	0		1	-0.2831622767004755	0		1		1		1		1		1		1		1
SRRM2		0	1.0	0		1	0.183	0		1	-6.4973	0		1	1	0		1	0.2	0		1	1.326356346034385	0		1	30	0		1	3	0		1	0	0		1
SRY	PF00505	0		1		1		1		1		1		1	20	0	0.0	0	0.6	0	0.07777777777777772	0	-1.958607314841775	0	-1.7102264212987672	0	2	0	-6.166666666666666	0	3	0	0.0	0	0	0	0.0	0
ST14	PF00431	0	0.0012046	0	-0.14156529966666667	0	0.589	0	-0.2306666666666669	0	1.287	0	0.11930833333333335	0	17	0	-3.0	0	0.6	0	-0.03333333333333344	0	0.037824750588341866	0	-0.47430370870237537	0	158	0	103.0	0		1		1	0	0	0.0	0
ST3GAL5	PF00777	1	0.0016954	0	0.0	0	0.736	0	0.0	0	1.4714	0	0.0	0	14	0	0.0	0	0.6	0	0.0	0	-1.1426675035687315	0	0.0	0		1		1		1		1	0	0	0.0	0
STAC3	PF00130	0	6.1295e-06	0	-0.4137175421517183	0	0.796	0	0.20133333333333325	0	1.1849	0	-1.464616666666667	0	2	0	-16.666666666666668	0	0.7	0	0.11666666666666659	0	-1.3872161432802645	0	-1.1479959768778987	0	2	0	-4.6	0		1		1		1		1
STAG1	PF24571	0	1.0	0	0.0	0	0.159	0	0.0	0	4.1712	0	0.0	0	3	0	0.5	0	0.2	0	0.0	0	0.9657189702442208	0	0.08592938445077558	0	14	0	-9.0	0	3	0	0.0	0	0	0	0.0	0
STAG2	PF24571	0		1		1		1		1		1		1	2	0	-0.5	0	0.2	0	0.0	0	0.7938602013426697	0	-0.08592938445077558	0	32	0	9.0	0	3	0	0.0	0	0	0	0.0	0
STAMBP	PF01398	0	3.8599e-06	0	-0.49709307005	0	0.829	0	0.1845	0	1.2206	0	0.47372499999999995	0	1	0	-0.5	0	0.2	0	0.0	0	0.95621646924339	0	-0.614238900045479	0	23	0	1.5	0		1		1		1		1
STAR	PF01852	1	3.2677e-11	0	0.0	0	1.297	0	0.0	0	0.21632	0	0.0	0	22	0	0.0	0	0.8	0	0.0	0	0.17055505852120845	0	0.0	0		1		1		1		1		1		1
STAT2	PF00017	0	0.80697	0	-0.12868666666666662	0	0.497	0	0.187	0	3.6539	0	-0.9264999999999999	0	6	0	-9.0	0	0.2	0	-0.14999999999999997	0	0.7505855273410088	0	-0.38906751028497133	0	22	0	7.5	0		1		1		1		1
STAT5B	PF00017	0	1.0	0	0.06434333333333342	0	0.277	0	-0.032999999999999974	0	5.1347	0	0.5542999999999996	0	6	0	-9.0	0	0.2	0	-0.14999999999999997	0	1.2279124017517482	0	0.08825936412576807	0	4	0	-10.5	0		1		1		1		1
STIL	PF25775	1	0.0050023	0	0.0	0	0.575	0	0.0	0	2.1726	0	0.0	0	0	0	0.0	0	0.6	0	0.0	0	-1.2218487496163564	0	0.0	0	22	0	0.0	0		1		1		1		1
STK11	PF00069	0	0.99991	0	0.605385708144992	0	0.364	0	-0.2905714285714286	0	1.4946	0	-0.7592704761904765	0	22	0	5.625	0	0.2	0	-0.1333333333333333	0	-0.769551078621726	0	-0.8316890394191881	0	81	0	59.78260869565217	0	3	0	0.8571428571428572	0	0	0	0.0	0
STN1	PF09170	1	3.0373e-05	0	0.0	0	0.975	0	0.0	0	1.2158	0	0.0	0	2	0	0.0	0	0.2	0	0.0	0	-0.8096683018297085	0	0.0	0		1		1		1		1		1		1
STRA6	PF14752	1	2.3028e-08	0	0.0	0	0.725	0	0.0	0	1.1287	0	0.0	0	1	0	0.0	0	0.6	0	0.0	0	-0.47495519296315475	0	0.0	0	8	0	0.0	0		1		1		1		1
STRADA	PF00069	0	0.0078763	0	-0.386647991855008	0	0.649	0	-0.0055714285714285605	0	1.9204	0	-0.3334704761904763	0	35	0	18.625	0	0.2	0	-0.1333333333333333	0	-0.6882461389442457	0	-0.7503840997417078	0	7	0	-14.217391304347824	0		1		1		1		1
STS	PF00884	0		1		1		1		1		1		1	16	0	-0.5	0	0.6	0	0.16666666666666663	0	0.937568038600383	0	0.39291692146319745	0	26	0	0.1999999999999993	0	3	0	0.0	0	0	0	0.0	0
STT3A	PF22627	1	0.90081	0	0.0	0	0.51	0	0.0	0	4.4386	0	0.0	0	2	0	0.0	0	0.6	0	0.0	0	0.9908270505674788	0	0.0	0		1		1		1		1	0	0	0.0	0
STX1B	PF05739	1	0.99999	0	0.0	0	0.308	0	0.0	0	3.6087	0	0.0	0	12	0	0.0	0	0.8	0	0.0	0	0.35430056234535967	0	0.0	0	6	0	0.0	0		1		1		1		1
STXBP1	PF00995	0	1.0	0	0.6392083333333334	0	0.099	0	-0.45200000000000007	0	5.8468	0	2.8473	0	7	0	0.0	0	0.6	0	0.26666666666666666	0	1.4955582125478684	0	0.5128174325959021	0	30	0	13.333333333333332	0	3	0	0.0	0	0	0	0.0	0
SUCLA2	PF08442	1	0.00012137	0	0.0	0	0.713	0	0.0	0	1.586	0	0.0	0	1	0	0.0	0	0.6	0	0.0	0	1.5599185889066358	0	0.0	0	16	0	0.0	0		1		1		1		1
SUCLG1	PF02629	1	3.412e-06	0	0.0	0	0.958	0	0.0	0	0.24688	0	0.0	0	0	0	0.0	0	0.6	0	0.0	0	1.9547296110908483	0	0.0	0	6	0	0.0	0		1		1	0	0	0.0	0
SUFU	PF05076	1	1.0	0	0.0	0	0.214	0	0.0	0	3.1286	0	0.0	0	0	0	0.0	0	0.2	0	0.0	0	0.4699692094999595	0	0.0	0	33	0	0.0	0	3	0	0.0	0	0	0	0.0	0
SULT2B1	PF00685	0	0.0013174	0	0.0006566268	0	0.852	0	-0.13350000000000006	0	-0.17497	0	0.4034850000000001	0	12	0	3.0	0	0.6	0	0.19999999999999996	0	-0.10902040301031106	0	0.49124728905551956	0	16	0	4.0	0		1		1		1		1
SUMF1	PF03781	1	1.2003e-16	0	0.0	0	1.254	0	0.0	0	-1.3757	0	0.0	0	1	0	0.0	0	0.2	0	0.0	0	0.009025742086910208	0	0.0	0	21	0	0.0	0		1		1	0	0	0.0	0
SUOX	PF00173	0	3.7606e-12	0	-0.01444753333082627	0	1.128	0	0.09966666666666657	0	1.2698	0	1.0303933333333333	0	0	0	-0.3333333333333333	0	0.2	0	-0.29999999999999993	0	0.41514035219587275	0	-0.06707016337610944	0	11	0	3.0	0		1		1		1		1
SURF1	PF02104	1	4.5412e-18	0	0.0	0	1.559	0	0.0	0	-1.3117	0	0.0	0	1	0	0.0	0	0.2	0	0.0	0	0.36567514045591765	0	0.0	0	12	0	0.0	0		1		1		1		1
SUZ12	PF09733	1	1.0	0	0.0	0	0.344	0	0.0	0	4.0209	0	0.0	0	0	0	0.0	0	0.2	0	0.0	0	0.5225746326911768	0	0.0	0	20	0	0.0	0	0	0	0.0	0	0	0	0.0	0
SYN1	PF02078	1		1		1		1		1		1		1	2	0	0.0	0	0.8	0	0.0	0	1.0000434272768626	0	0.0	0	7	0	0.0	0	3	0	0.0	0	0	0	0.0	0
SYNE1		0	2.1789e-73	0		1	0.564	0		1	3.3265	0		1	36	0		1	0.2	0		1	0.30556631351530394	0		1	5	0		1		1		1		1		1
SYNGAP1	PF00168	0	1.0	0	0.6516228571150884	0	0.127	0	-0.5467142857142858	0	7.6898	0	5.5466557142857145	0	10	0	-0.35714285714285765	0	0.2	0	-0.32142857142857145	0	-0.1857524042680798	0	0.09065625607355035	0	13	0	-3.444444444444443	0	3	0	0.0	0	0	0	0.0	0
SYP	PF01284	0		1		1		1		1		1		1	3	0	-1.0	0	0.6	0	0.0	0	0.928447063209182	0	0.2776755380652275	0	26	0	-3.0	0		1		1	0	0	0.0	0
SYT1	PF00168	0	0.99999	0	0.6516128571150883	0	0.332	0	-0.3417142857142858	0	4.0092	0	1.866055714285714	0	31	0	20.642857142857142	0	0.7	0	0.1785714285714285	0	0.41514035219587275	0	0.6915490125375029	0	17	0	0.5555555555555571	0		1		1		1		1
SYT2	PF00168	0	0.68874	0	0.34036285711508835	0	0.585	0	-0.08871428571428586	0	2.565	0	0.421855714285714	0	31	0	20.642857142857142	0	0.8	0	0.2785714285714286	0	-0.2549252084179425	0	0.02148345192368767	0	96	0	79.55555555555556	0		1		1		1		1
SZT2		0	4.7089e-26	0		1	0.582	0		1	4.0315	0		1	0	0		1	0.2	0		1	-1.031517051446065	0		1		1		1		1		1		1		1
TAC3	PF03823	1	0.035006	0	0.0	0	0.927	0	0.0	0	0.78598	0	0.0	0	0	0	0.0	0	0.8	0	0.0	0	-1.1487416512809248	0	0.0	0	4	0	0.0	0		1		1		1		1
TACO1	PF20772	1	0.0066187	0	0.0	0	0.848	0	0.0	0	0.69111	0	0.0	0	0	0	0.0	0	0.2	0	0.0	0	1.2330215069876935	0	0.0	0		1		1		1		1		1		1
TAF1		0		1		1		1		1		1		1	1	0		1	0.2	0		1	-0.6635402661514705	0		1	9	0		1		1		1		1		1
TAF13	PF02269	1	0.22464	0	0.0	0	1.03	0	0.0	0	1.0102	0	0.0	0	1	0	0.0	0	0.2	0	0.0	0	-0.6252516539898961	0	0.0	0	5	0	0.0	0		1		1	0	0	0.0	0
TAF2	PF25316	1	0.0073885	0	0.0	0	0.551	0	0.0	0	3.5235	0	0.0	0	0	0	0.0	0	0.2	0	0.0	0	0.44575983648863104	0	0.0	0	11	0	0.0	0		1		1	0	0	0.0	0
TAF6	PF02969	1	2.3535e-10	0	0.0	0	0.827	0	0.0	0	1.8963	0	0.0	0	1	0	0.0	0	0.2	0	0.0	0	0.21774707326279358	0	0.0	0	8	0	0.0	0		1		1		1		1
TAFAZZIN	PF01553	0		1		1		1		1		1		1	0	0	-1.0	0	0.2	0	-0.1333333333333333	0		1		1		1		1		1		1		1		1
TALDO1	PF00923	1	2.3753e-08	0	0.0	0	1.015	0	0.0	0	-0.86539	0	0.0	0	0	0	0.0	0	0.2	0	0.0	0	2.515875167778203	0	0.0	0		1		1		1		1		1		1
TANGO2		0	8.371e-05	0		1	0.914	0		1	0.59913	0		1	0	0		1	0.6	0		1	1.0934567074986037	0		1		1		1		1		1		1		1
TAOK1	PF00069	0	1.0	0	0.605475708144992	0	0.216	0	-0.4385714285714286	0	5.9261	0	3.6722295238095235	0	35	0	18.625	0	0.2	0	-0.1333333333333333	0	0.7825442840100101	0	0.7204063232125479	0	9	0	-12.217391304347824	0	3	0	0.8571428571428572	0	0	0	0.0	0
TAP1		0	1.4922e-13	0		1	0.876	0		1	2.6869	0		1	16	0		1	0.2	0		1	1.05311687492293	0		1	13	0		1		1		1		1		1
TAPT1	PF05346	1	0.13378	0	0.0	0	0.698	0	0.0	0	0.30244	0	0.0	0	0	0	0.0	0	0.2	0	0.0	0	-0.7351821769904635	0	0.0	0	5	0	0.0	0		1		1		1		1
TASP1	PF01112	0	0.96491	0	0.4824397535	0	0.518	0	-0.20999999999999996	0	1.838	0	0.8599600000000001	0	2	0	0.0	0	0.6	0	0.19999999999999996	0	-0.11182050608167508	0	-0.5726422360795401	0		1		1		1		1		1		1
TAT	PF00155	0	9.3349e-08	0	-0.166361804434	0	0.844	0	0.1399999999999999	0	1.0469	0	-0.6183666666666667	0	7	0	1.666666666666667	0	0.8	0	0.1000000000000002	0	-0.5670307091255943	0	-1.1539262125837215	0	1	0	-3.5	0		1		1		1		1
TBC1D20		0	0.99504	0		1	0.468	0		1	1.6024	0		1	0	0		1	0.2	0		1	0.037824750588341866	0		1	3	0		1		1		1	0	0		1
TBC1D23		0	4.9269e-05	0		1	0.882	0		1	1.056	0		1	0	0		1	0.2	0		1	0.3581252852766485	0		1	16	0		1		1		1		1		1
TBC1D24	PF00566	1	8.508e-16	0	0.0	0	1.214	0	0.0	0	1.0973	0	0.0	0	0	0	0.0	0	0.6	0	0.0	0	0.3803921600570273	0	0.0	0	18	0	0.0	0		1		1		1		1
TBC1D2B		0	6.1407e-10	0		1	0.739	0		1	1.5138	0		1	45	0		1	0.2	0		1	-0.05898575629443027	0		1	30	0		1		1		1		1		1
TBCD	PF23579	1	2.6388e-20	0	0.0	0	0.763	0	0.0	0	0.89228	0	0.0	0	0	0	0.0	0	0.2	0	0.0	0	1.05311687492293	0	0.0	0	31	0	0.0	0		1		1		1		1
TBCE		0	2.2119e-12	0		1	0.868	0		1	0.41471	0		1	1	0		1	0.2	0		1	0.5251744278352715	0		1	21	0		1		1		1	0	0		1
TBCK		0	3.1309e-14	0		1	1.062	0		1	0.49858	0		1	45	0		1	0.2	0		1	-0.36653154442041347	0		1	3	0		1		1		1		1		1
TBK1	PF00069	0	0.97193	0	0.5774057081449919	0	0.505	0	-0.14957142857142858	0	2.5679	0	0.3140295238095234	0	3	0	-13.375	0	0.2	0	-0.1333333333333333	0	0.7308629920464939	0	0.6687250312490317	0	27	0	5.782608695652176	0		1		1		1		1
TBL1XR1	PF08513	1	1.0	0	0.0	0	0.174	0	0.0	0	5.2951	0	0.0	0	2	0	0.0	0	0.2	0	0.0	0	0.8887970674566807	0	0.0	0	23	0	0.0	0	3	0	0.0	0	1	0	0.0	0
TBR1	PF00907	0	1.0	0	0.28444412304125	0	0.246	0	-0.246375	0	3.0377	0	1.743181	0	16	0	0.0	0	0.8	0	0.11111111111111116	0	-0.7772835288524167	0	0.2886678098622186	0		1		1	3	0	0.0	0	0	0	0.0	0
TBX1		0	0.123	0		1	0.703	0		1	-1.2286	0		1	16	0		1	0.7	0		1	-0.9665762445130504	0		1	3	0		1		1		1	0	0		1
TBX15		0	0.99587	0		1	0.471	0		1	1.1753	0		1	16	0		1	0.6	0		1	-1.154901959985743	0		1		1		1		1		1		1		1
TBX18	PF00907	0	0.70069	0	-0.014865876958749968	0	0.56	0	0.06762500000000005	0	-0.73569	0	-2.030209	0	16	0	0.0	0	0.6	0	-0.0888888888888889	0	-0.7931741239681502	0	0.2727772147464851	0	2	0	-1.7999999999999998	0		1		1		1		1
TBX19	PF00907	0	1.567e-08	0	-0.71555586128875	0	0.974	0	0.48162499999999997	0	1.6301	0	0.33558100000000013	0	16	0	0.0	0	0.8	0	0.11111111111111116	0	-1.8239087409443189	0	-0.7579574022296836	0	3	0	-0.7999999999999998	0		1		1		1		1
TBX20	PF00907	0	0.9998	0	0.28424412304125	0	0.378	0	-0.114375	0	2.4629	0	1.168381	0	16	0	0.0	0	0.8	0	0.11111111111111116	0	-1.7958800173440752	0	-0.7299286786294399	0	10	0	6.2	0		1		1	0	0	0.0	0
TBX22	PF00907	0		1		1		1		1		1		1	16	0	0.0	0	0.7	0	0.011111111111111072	0	-1.2676062401770316	0	-0.20165490146239629	0	1	0	-2.8	0	3	0	0.0	0	0	0	0.0	0
TBX3	PF00907	0	0.99465	0	0.27909412304125003	0	0.468	0	-0.02437499999999998	0	0.036562	0	-1.257957	0	16	0	0.0	0	0.6	0	-0.0888888888888889	0	-0.05700040663395948	0	1.0089509320806758	0	3	0	-0.7999999999999998	0	3	0	0.0	0	0	0	0.0	0
TBX4	PF00907	0	0.99997	0	0.28441412304125	0	0.379	0	-0.113375	0	1.3665	0	0.07198100000000007	0	16	0	0.0	0	0.6	0	-0.0888888888888889	0	-1.0177287669604316	0	0.04822257175420375	0		1		1	3	0	0.0	0	0	0	0.0	0
TBX5	PF00907	0	1.0	0	0.28444412304125	0	0.267	0	-0.225375	0	1.6232	0	0.328681	0	16	0	0.0	0	0.6	0	-0.0888888888888889	0	-0.958607314841775	0	0.10734402387286035	0		1		1	3	0	0.0	0	0	0	0.0	0
TBXT	PF00907	0	0.029337	0	-0.6862188769587501	0	0.667	0	0.17462500000000003	0	0.93488	0	-0.35963899999999993	0	16	0	0.0	0	0.7	0	0.011111111111111072	0	-1.1023729087095586	0	-0.0364215699949233	0		1		1		1		1		1		1
TCF12	PF00010	0	0.020297	0	-0.47223541874999997	0	0.609	0	-0.28575000000000006	0	0.31056	0	-0.041184999999999916	0	2	0	-5.875	0	0.2	0	-0.2875	0	0.17926446433902535	0	0.7555158123587356	0	25	0	4.800000000000001	0	3	0	0.0	0	0	0	0.0	0
TCF20	PF13771	0	1.0	0	0.0	0	0.05	0	-0.03949999999999999	0	1.5158	0	-0.45704999999999996	0	1	0	-4.666666666666667	0	0.2	0	-2.7755575615628914e-17	0	0.013258665283516512	0	-0.390068338086097	0	7	0	1.0	0	3	0	0.0	0	0	0	0.0	0
TCF4	PF00010	0	1.0	0	0.50746758125	0	0.096	0	-0.7987500000000001	0	4.5772	0	4.225455	0	5	0	-2.875	0	0.2	0	-0.2875	0	-0.1985962899826449	0	0.37765505803706534	0	35	0	14.8	0	3	0	0.0	0	0	0	0.0	0
TCF7L2		0	0.99554	0		1	0.474	0		1	1.4156	0		1	3	0		1	0.2	0		1	-0.16494389827988373	0		1	2	0		1		1		1	0	0		1
TCN2	PF01122	0	4.267e-08	0	-0.0025669286650000004	0	0.888	0	0.011499999999999955	0	-1.4942	0	-1.079895	0	2	0	0.0	0	0.6	0	-0.09999999999999998	0	-0.5316526695878427	0	0.24993219092911112	0	2	0	0.0	0		1		1		1		1
TCOF1	PF03546	1	1.0	0	0.0	0	0.288	0	0.0	0	1.5329	0	0.0	0	0	0	0.0	0	0.2	0	0.0	0	1.2148703286112197	0	0.0	0	7	0	0.0	0	3	0	0.0	0	0	0	0.0	0
TCTN1		0	8.6642e-18	0		1	1.133	0		1	1.0402	0		1	2	0		1	0.6	0		1	-0.7258421507363202	0		1	23	0		1		1		1	0	0		1
TCTN2		0	6.054e-18	0		1	0.992	0		1	1.305	0		1	2	0		1	0.6	0		1	-1.7695510786217261	0		1	86	0		1		1		1	0	0		1
TCTN3	PF25752	1	1.3321e-13	0	0.0	0	0.938	0	0.0	0	0.8676	0	0.0	0	2	0	0.0	0	0.2	0	0.0	0	-1.0457574905606752	0	0.0	0	6	0	0.0	0		1		1		1		1
TDO2	PF03301	1	6.5746e-12	0	0.0	0	1.104	0	0.0	0	-0.09647	0	0.0	0	0	0	0.0	0	0.8	0	0.0	0	-1.1487416512809248	0	0.0	0	1	0	0.0	0		1		1		1		1
TDP1	PF06087	1	1.3401e-12	0	0.0	0	0.983	0	0.0	0	0.69285	0	0.0	0	0	0	0.0	0	0.2	0	0.0	0	0.09725730969341992	0	0.0	0	6	0	0.0	0		1		1	0	0	0.0	0
TECPR2	PF23756	0	2.1398e-07	0	1.069899964532e-07	0	0.607	0	-0.09499999999999997	0	2.3384	0	0.57715	0	1	0	0.0	0	0.2	0	-0.2	0	-0.9030899869919435	0	-0.12374113033852718	0	7	0	-2.0	0		1		1	0	0	0.0	0
TECRL		0	1.9485e-06	0		1	1.563	0		1	-0.78184	0		1	3	0		1	0.8	0		1	-1.4436974992327127	0		1		1		1		1		1		1		1
TECTA	PF08742	0	1.9954e-20	0	-4.09039999999999e-06	0	0.661	0	0.0044999999999999485	0	2.4637	0	0.4567000000000001	0	19	0	0.0	0	0.2	0	0.0	0	-2.3010299956639813	0	-0.2657394585211277	0	3	0	1.0	0		1		1	0	0	0.0	0
TEK	PF00041	0	1.0	0	0.7000046792081294	0	0.368	0	-0.27	0	2.8927	0	1.1827690000000002	0	53	0	26.5	0	0.6	0	1.1102230246251565e-16	0	-0.8507808873446201	0	-0.30965078582486516	0	2	0	-5.875	0		1		1		1		1
TENM3	PF25024	0	1.0	0	0.5	0	0.305	0	-0.18450000000000005	0	3.8447	0	0.41195000000000004	0	4	0	-10.5	0	0.6	0	0.0	0	-0.22402566887063094	0	-0.6639317924481204	0		1		1		1		1		1		1
TENT5A	PF07984	1	0.93427	0	0.0	0	0.545	0	0.0	0	2.7975	0	0.0	0	3	0	0.0	0	0.7	0	0.0	0	0.43152458418745093	0	0.0	0		1		1		1		1		1		1
TERC		0		1		1		1		1		1		1	0	0		1		1		1		1		1		1		1	3	0		1	0	0		1
TERT	PF12009	1	0.0019285	0	0.0	0	0.593	0	0.0	0	3.0616	0	0.0	0	0	0	0.0	0	0.0	0	0.0	0	-1.4685210829577449	0	0.0	0	3	0	0.0	0		1		1	0	0	0.0	0
TET3	PF12851	1	1.0	0	0.0	0	0.213	0	0.0	0	3.5548	0	0.0	0	2	0	0.0	0	0.6	0	0.0	0	-1.7212463990471711	0	0.0	0	1	0	0.0	0		1		1		1		1
TF	PF00405	1	1.0745e-12	0	0.0	0	0.834	0	0.0	0	2.0561	0	0.0	0	14	0	0.0	0	0.7	0	0.0	0	3.680516900010311	0	0.0	0	26	0	0.0	0		1		1		1		1
TFAM	PF00505	0	0.086803	0	-0.684763625	0	0.742	0	0.331875	0	1.1866	0	-1.3229	0	20	0	0.0	0	0.2	0	-0.32222222222222224	0	1.6138523885232372	0	1.862233282066245	0	1	0	-7.166666666666666	0		1		1		1		1
TFR2	PF02225	0	2.6889e-16	0	-0.2926599999999998	0	0.907	0	0.04700000000000004	0	1.2952	0	0.322195	0	5	0	-2.0	0	0.8	0	0.30000000000000004	0	-0.4122890349810886	0	0.039254221343904216	0	7	0	-6.0	0		1		1	0	0	0.0	0
TG	PF00135	0	2.3266e-70	0	0.0	0	0.892	0	0.0	0	0.2623	0	0.0	0	13	0	0.0	0	0.8	0	0.13333333333333341	0	0.7160868537748322	0	1.2450686889352136	0		1		1		1		1		1		1
TGDS	PF16363	0	1.7318e-05	0	8.6333245e-06	0	1.184	0	0.12949999999999995	0	0.8208	0	-0.03043499999999999	0	10	0	0.0	0	0.2	0	-0.2	0	-1.4436974992327127	0	-1.4146608223320978	0	3	0	0.5	0		1		1		1		1
TGFB2	PF00019	0	0.99612	0	0.19174559999999996	0	0.463	0	0.08439999999999998	0	2.3626	0	0.45946	0	31	0	0.0	0	0.2	0	-0.2	0	-0.5734887386354247	0	0.699537939288582	0	1	0	-6.75	0		1		1		1		1
TGFB3	PF00019	0	1.0	0	0.19562559999999996	0	0.249	0	-0.12960000000000005	0	2.8651	0	0.9619599999999999	0	31	0	0.0	0	0.2	0	-0.2	0	-0.6655462488490691	0	0.6074804290749376	0		1		1		1		1		1		1
TGFBR1	PF01064	0	0.96403	0	0.17122399517379994	0	0.509	0	0.05980000000000002	0	3.6549	0	0.6415000000000002	0	11	0	0.0	0	0.2	0	-0.07999999999999996	0	-0.39469495385889053	0	0.6007125047207783	0	2	0	-14.399999999999999	0	3	0	0.0	0	0	0	0.0	0
TGFBR2	PF08917	1	0.90792	0	0.0	0	0.531	0	0.0	0	2.9468	0	0.0	0	11	0	0.0	0	0.2	0	0.0	0	-0.09205147838772766	0	0.0	0	28	0	0.0	0	0	0	0.0	0	0	0	0.0	0
TGIF1	PF05920	0	0.98151	0	0.17222249999999995	0	0.477	0	0.06800000000000006	0	1.4869	0	-1.0750749999999998	0	13	0	1.75	0	0.2	0	-0.19999999999999996	0	0.017450729510536125	0	0.20261442552617642	0		1		1	3	0	0.75	0	0	0	0.0	0
TGM1	PF00927	0	1.0536e-14	0	-4.732659642687472e-09	0	0.847	0	-0.024666666666666726	0	1.763	0	0.14536666666666664	0	8	0	0.0	0	0.8	0	0.13333333333333341	0	0.2650537885040147	0	-0.39068833442050604	0	94	0	40.5	0		1		1		1		1
TGM5	PF00927	0	6.2413e-20	0	-4.732670178625058e-09	0	1.034	0	0.16233333333333333	0	1.1937	0	-0.4239333333333333	0	8	0	0.0	0	0.6	0	-0.06666666666666665	0	-1.136677139879544	0	-1.792419262804065	0	13	0	-40.5	0		1		1		1		1
TH	PF00351	1	3.3283e-17	0	0.0	0	1.27	0	0.0	0	-1.0314	0	0.0	0	3	0	0.0	0	0.7	0	0.0	0	-0.23433144524098595	0	0.0	0	8	0	0.0	0		1		1		1		1
THAP1	PF05485	1	0.90189	0	0.0	0	0.571	0	0.0	0	2.0539	0	0.0	0	7	0	0.0	0	0.2	0	0.0	0	-1.7695510786217261	0	0.0	0	1	0	0.0	0		1		1		1		1
THG1L	PF04446	1	2.1821e-06	0	0.0	0	1.114	0	0.0	0	0.043876	0	0.0	0	0	0	0.0	0	0.2	0	0.0	0	-0.08249449044745336	0	0.0	0	3	0	0.0	0		1		1		1		1
THOC6	PF00400	0	3.8005e-09	0	-0.0006750928542115	0	0.872	0	-0.07999999999999996	0	-0.29533	0	-0.83733125	0	0	0	-8.875	0	0.2	0	-0.10000000000000003	0	1.0374663396435004	0	0.9735779250582183	0	2	0	-17.25	0		1		1		1		1
THRA	PF00104	0	0.99892	0	0.2476066666666661	0	0.439	0	-0.016166666666666663	0	4.6106	0	1.9032791666666662	0	18	0	7.538461538461538	0	0.8	0	0.2153846153846155	0	-1.3098039199714864	0	-0.29504614459691414	0		1		1	0	0	-2.25	0	0	0	0.0	0
TIMM22	PF02466	1	0.0032028	0	0.0	0	0.998	0	0.0	0	-0.21271	0	0.0	0	0	0	0.0	0	0.2	0	0.0	0	0.33061666729443834	0	0.0	0		1		1		1		1		1		1
TIMM8A		0		1		1		1		1		1		1	1	0		1	0.2	0		1	1.4329853162053758	0		1	19	0		1	3	0		1	0	0		1
TIMP3	PF00965	1	0.46415	0	0.0	0	0.66	0	0.0	0	1.9483	0	0.0	0	3	0	0.0	0	0.2	0	0.0	0	0.47143840738929915	0	0.0	0	52	0	0.0	0		1		1		1		1
TINF2	PF14973	1	0.0010977	0	0.0	0	0.688	0	0.0	0	1.3762	0	0.0	0	0	0	0.0	0	0.8	0	0.0	0	-0.6777807052660807	0	0.0	0	7	0	0.0	0		1		1		1		1
TJP2	PF00625	0	4.407e-19	0	-0.5	0	0.825	0	0.33699999999999997	0	0.63558	0	-2.10401	0	3	0	-2.333333333333333	0	0.2	0	-0.16666666666666663	0	1.2253351318185406	0	0.5524711930052485	0	38	0	9.5	0		1		1		1		1
TKT	PF02779	0	5.2193e-12	0	-0.26242666666823844	0	0.923	0	0.018000000000000127	0	1.6623	0	0.36716303333333333	0	57	0	35.33333333333333	0	0.6	0	0.0	0	2.663701867459086	0	0.7164182784398585	0	21	0	2.666666666666668	0		1		1		1		1
TLK2		0	1.0	0		1	0.103	0		1	6.5465	0		1	2	0		1	0.2	0		1	0.14643813528577454	0		1	17	0		1		1		1		1		1
TMC6		0	1.4928e-20	0		1	1.019	0		1	-0.66329	0		1	7	0		1	0.6	0		1	-1.193820026016113	0		1	4	0		1		1		1	0	0		1
TMC8		0	1.2654e-24	0		1	1.201	0		1	0.019496	0		1	7	0		1	0.7	0		1	-1.3665315444204134	0		1		1		1		1		1	0	0		1
TMCO1		0	4.8145e-07	0		1	1.404	0		1	1.376	0		1	0	0		1	0.2	0		1	1.5403419903016569	0		1		1		1		1		1		1		1
TMEM126A		0	0.26159	0		1	0.839	0		1	-0.15938	0		1	1	0		1	0.2	0		1	1.1004050115658888	0		1	12	0		1		1		1		1		1
TMEM126B		0	1.449e-08	0		1	1.825	0		1	-0.23084	0		1	1	0		1	0.2	0		1	-0.20481541031757602	0		1	16	0		1		1		1		1		1
TMEM127	PF20517	1	1.6977e-08	0	0.0	0	1.587	0	0.0	0	0.17202	0	0.0	0	0	0	0.0	0	0.2	0	0.0	0	-1.3872161432802645	0	0.0	0		1		1	3	0	0.0	0	0	0	0.0	0
TMEM138	PF14935	1	0.22846	0	0.0	0	0.927	0	0.0	0	0.33136	0	0.0	0	0	0	0.0	0	0.2	0	0.0	0	-1.2676062401770316	0	0.0	0		1		1		1		1		1		1
TMEM165	PF01169	1	0.00011331	0	0.0	0	1.071	0	0.0	0	0.69446	0	0.0	0	0	0	0.0	0	0.2	0	0.0	0	0.720242018287057	0	0.0	0	1	0	0.0	0		1		1		1		1
TMEM222	PF05608	1	1.6996e-05	0	0.0	0	1.118	0	0.0	0	-0.41113	0	0.0	0	0	0	0.0	0	0.2	0	0.0	0	0.04571405894086761	0	0.0	0	3	0	0.0	0		1		1		1		1
TMEM231	PF10149	1	2.6458e-09	0	0.0	0	1.41	0	0.0	0	-0.89711	0	0.0	0	0	0	0.0	0	0.7	0	0.0	0	-0.8728952016351923	0	0.0	0	25	0	0.0	0		1		1	0	0	0.0	0
TMEM237		0	1.0116e-14	0		1	1.318	0		1	-0.12129	0		1	0	0		1	0.8	0		1	-0.06854212931099495	0		1		1		1		1		1	0	0		1
TMEM240		0	0.96857	0		1	0.496	0		1	0.75954	0		1	0	0		1	0.8	0		1	-2.6989700043360187	0		1		1		1		1		1		1		1
TMEM260	PF11028	1	1.3893e-15	0	0.0	0	1.049	0	0.0	0	-0.54649	0	0.0	0	0	0	0.0	0	0.6	0	0.0	0	-1.9208187539523751	0	0.0	0		1		1		1		1		1		1
TMEM67	PF09773	1	3.1439e-18	0	0.0	0	1.079	0	0.0	0	1.1345	0	0.0	0	0	0	0.0	0	0.6	0	0.0	0	-1.5686362358410126	0	0.0	0	38	0	0.0	0		1		1	0	0	0.0	0
TMEM70		0	6.1756e-07	0		1	1.375	0		1	-0.44567	0		1	0	0		1	0.8	0		1	0.783260232872949	0		1	19	0		1		1		1		1		1
TMEM94		0	5.0575e-09	0		1	0.601	0		1	3.2743	0		1	0	0		1	0.2	0		1	-1.0132282657337552	0		1		1		1		1		1	0	0		1
TMPRSS6		0	7.5568e-14	0		1	0.821	0		1	0.54545	0		1	17	0		1	0.8	0		1	-0.8761483590329142	0		1		1		1		1		1	0	0		1
TMTC3	PF08409	1	1.0951e-06	0	0.0	0	0.721	0	0.0	0	2.0602	0	0.0	0	14	0	0.0	0	0.2	0	0.0	0	0.13065534902203058	0	0.0	0	21	0	0.0	0		1		1		1		1
TMX2	PF00085	1	2.2454e-05	0	0.0	0	0.866	0	0.0	0	0.84085	0	0.0	0	0	0	0.0	0	0.2	0	0.0	0	0.6128897692874847	0	0.0	0	23	0	0.0	0		1		1		1		1
TNFRSF11B	PF23630	1	0.88327	0	0.0	0	0.543	0	0.0	0	1.1201	0	0.0	0	21	0	0.0	0	0.7	0	0.0	0	-1.3872161432802645	0	0.0	0		1		1		1		1		1		1
TNFRSF13B		0	4.2736e-16	0		1	1.794	0		1	-0.31749	0		1	0	0		1	0.7	0		1	-0.645891560852599	0		1	20	0		1		1		1		1		1
TNFRSF4	PF00020	0	4.0101e-08	0	-0.010319359932666668	0	1.489	0	0.45166666666666666	0	-1.629	0	-2.05666	0	21	0	0.0	0	0.6	0	-0.033333333333333326	0	-1.9208187539523751	0	-1.4254541794284354	0		1		1		1		1		1		1
TNFSF11	PF00229	0	0.66126	0	0.0	0	0.603	0	0.0	0	0.85948	0	0.0	0	8	0	-14.5	0	0.6	0	0.19999999999999996	0	-0.9706162223147904	0	0.3535822414756452	0	5	0	-24.5	0		1		1		1		1
TNNI2	PF00992	0	0.010025	0	0.006589191439666665	0	0.822	0	0.03166666666666662	0	1.1774	0	-0.2670666666666668	0	2	0	0.0	0	0.7	0	-0.03333333333333344	0	-0.2975694635544747	0	-0.9162782046133413	0	6	0	-0.5	0		1		1		1		1
TNNT2	PF00992	0	0.0002824	0	-0.0031534085603333335	0	0.683	0	-0.10733333333333328	0	2.1516	0	0.7071333333333334	0	2	0	0.0	0	0.8	0	0.06666666666666665	0	1.8981819739115413	0	1.2794732328526748	0		1		1	0	0	0.0	0	0	0	0.0	0
TNNT3	PF00992	0	2.5681e-08	0	-0.003435782879333333	0	0.866	0	0.07566666666666666	0	1.0044	0	-0.44006666666666683	0	2	0	0.0	0	0.7	0	-0.03333333333333344	0	0.25551371281953333	0	-0.3631950282393333	0	7	0	0.5	0		1		1		1		1
TNRC6B	PF10427	1	1.0	0	0.0	0	0.332	0	0.0	0	2.9401	0	0.0	0	5	0	0.0	0	0.2	0	0.0	0	-0.021363051615525673	0	0.0	0		1		1	3	0	0.0	0	0	0	0.0	0
TNXB	PF25024	0	7.7924e-31	0	-0.5	0	0.674	0	0.1845	0	3.0208	0	-0.41195000000000004	0	25	0	10.5	0	0.6	0	0.0	0	1.1038379160256098	0	0.6639317924481203	0	3	0	0.0	0		1		1		1		1
TOE1	PF04857	0	5.2565e-17	0	-0.0012324999999999739	0	1.225	0	0.15349999999999997	0	2.0223	0	1.12675	0	2	0	0.0	0	0.2	0	0.0	0	0.6542728270977105	0	-0.07049067774158613	0	49	0	12.0	0		1		1		1		1
TOGARAM1	PF21040	0	4.9374e-15	0	-0.4999999999999975	0	0.724	0	0.1845	0	0.91768	0	-0.2744099999999998	0	3	0	-16.0	0	0.2	0	0.0	0	-1.853871964321762	0	-0.5708368471259939	0		1		1		1		1		1		1
TONSL	PF12796	0	2.6737e-33	0	-0.46249883109821005	0	1.024	0	0.3165	0	-1.1994	0	-2.5587590000000002	0	4	0	-1.5454545454545459	0	0.6	0	0.10909090909090913	0	-0.4788619162959637	0	0.2733267675728129	0	34	0	21.909090909090907	0		1		1		1		1
TOP3A	PF01131	1	2.6987e-10	0	0.0	0	0.737	0	0.0	0	2.2407	0	0.0	0	1	0	0.0	0	0.2	0	0.0	0	-0.4975728800155673	0	0.0	0	37	0	0.0	0		1		1		1		1
TOPORS		0	0.99997	0		1	0.418	0		1	2.3457	0		1	0	0		1	0.2	0		1	-0.06752623532284678	0		1	24	0		1		1		1		1		1
TOR1A	PF21376	1	0.00098008	0	0.0	0	0.84	0	0.0	0	0.96185	0	0.0	0	4	0	0.0	0	0.2	0	0.0	0	1.0414321646802651	0	0.0	0	17	0	0.0	0		1		1		1		1
TOR1AIP1	PF05609	1	0.0049037	0	0.0	0	0.869	0	0.0	0	-0.085041	0	0.0	0	1	0	0.0	0	0.2	0	0.0	0	1.3729304048887934	0	0.0	0	10	0	0.0	0		1		1		1		1
TP53	PF00870	0	0.99798	0	-0.0010100000000000664	0	0.449	0	0.07650000000000001	0	1.1539	0	-1.1828999999999998	0	2	0	0.0	0	0.2	0	-0.2	0	1.161397952545797	0	0.7594667161518378	0	18	0	5.0	0	3	0	0.0	0	0	0	0.0	0
TP53RK	PF06293	1	1.6819e-07	0	0.0	0	1.776	0	0.0	0	-0.70958	0	0.0	0	0	0	0.0	0	0.2	0	0.0	0	0.9633627661037362	0	0.0	0	14	0	0.0	0		1		1		1		1
TP63	PF00870	0	1.0	0	0.0010099999999999554	0	0.296	0	-0.07650000000000001	0	3.5197	0	1.1829	0	2	0	0.0	0	0.6	0	0.19999999999999996	0	-0.35753547975787864	0	-0.7594667161518378	0	8	0	-5.0	0		1		1	0	0	0.0	0
TP73		0	0.2873	0		1	0.576	0		1	1.6543	0		1	2	0		1	0.6	0		1	2.0718856877522414	0		1	16	0		1	0	0		1	0	0		1
TPI1	PF00121	1	0.87484	0	0.0	0	0.563	0	0.0	0	1.68	0	0.0	0	0	0	0.0	0	0.6	0	0.0	0	3.0546134375324523	0	0.0	0	1	0	0.0	0		1		1		1		1
TPK1	PF04265	1	1.9608e-06	0	0.0	0	1.337	0	0.0	0	0.13054	0	0.0	0	0	0	0.0	0	0.6	0	0.0	0	0.05346260492545521	0	0.0	0	9	0	0.0	0		1		1	0	0	0.0	0
TPM2	PF00261	1	6.6608e-06	0	0.0	0	0.87	0	0.0	0	3.3055	0	0.0	0	3	0	0.0	0	0.6	0	0.0	0	2.7371934381151477	0	0.0	0	13	0	0.0	0		1		1	0	0	0.0	0
TPP1	PF00082	0	1.5534e-08	0	-0.49999999223300007	0	0.78	0	0.245	0	1.0358	0	-1.7737500000000002	0	0	0	-4.5	0	0.2	0	0.0	0	1.6757875039082792	0	0.04572248496793785	0	7	0	-12.0	0		1		1		1		1
TPP2	PF00082	0	1.0	0	0.49999999223299996	0	0.29	0	-0.24500000000000005	0	4.5833	0	1.7737500000000002	0	9	0	4.5	0	0.2	0	0.0	0	1.5843425339724038	0	-0.04572248496793763	0	31	0	12.0	0		1		1		1		1
TPRKB	PF08617	1	0.3101	0	0.0	0	0.94	0	0.0	0	-0.6633	0	0.0	0	0	0	0.0	0	0.2	0	0.0	0	1.0719188103638062	0	0.0	0	12	0	0.0	0		1		1		1		1
TPRN		0	1.1294e-09	0		1	1.099	0		1	-3.1928	0		1	1	0		1	0.6	0		1	-0.17134010346468015	0		1	12	0		1		1		1	0	0		1
TRAF3IP1	PF10243	1	4.227e-08	0	0.0	0	0.723	0	0.0	0	0.61972	0	0.0	0	0	0	0.0	0	0.2	0	0.0	0	-0.4975728800155673	0	0.0	0	9	0	0.0	0		1		1		1		1
TRAIP	PF13639	1	1.7835e-06	0	0.0	0	0.739	0	0.0	0	1.8702	0	0.0	0	0	0	0.0	0	0.2	0	0.0	0	-1.00436480540245	0	0.0	0	2	0	0.0	0		1		1		1		1
TRAPPC11		0	4.5163e-18	0		1	0.816	0		1	1.17	0		1	0	0		1	0.2	0		1	0.16166741243773583	0		1		1		1		1		1		1		1
TRAPPC12		0	6.4066e-17	0		1	1.192	0		1	-1.1355	0		1	0	0		1	0.6	0		1	0.40671045860979	0		1		1		1		1		1		1		1
TRAPPC2	PF04628	1		1		1		1		1		1		1	4	0	0.0	0	0.2	0	0.0	0	0.20167017964658152	0	0.0	0	45	0	0.0	0	3	0	0.0	0	0	0	0.0	0
TRAPPC4		0	1.8799e-11	0		1	1.689	0		1	0.82914	0		1	1	0		1	0.2	0		1	1.1004050115658888	0		1	28	0		1		1		1		1		1
TRAPPC6B		0	0.0080596	0		1	1.842	0		1	-0.31556	0		1	1	0		1	0.2	0		1	0.8561849267271698	0		1	23	0		1		1		1		1		1
TRAPPC9		0	1.2947e-16	0		1	0.786	0		1	2.2235	0		1	0	0		1	0.2	0		1	0.14332712999204633	0		1	37	0		1		1		1	0	0		1
TRDN	PF05279	0	1.1258e-24	0	-1.3716870999999998e-21	0	1.359	0	0.17399999999999993	0	-1.0725	0	-0.492598	0	0	0	-1.0	0	0.6	0	0.0	0	-1.0268721464003014	0	-1.4489334026346736	0	34	0	1.5	0		1		1		1		1
TREM2	PF07686	0	6.6484e-07	0	-0.33272622428363335	0	1.211	0	0.16833333333333345	0	0.76015	0	0.2867	0	13	0	8.333333333333332	0	0.6	0	-0.13333333333333341	0	-0.6161846340195687	0	-0.21189628891392626	0	2	0	-28.0	0		1		1		1		1
TREX1		0	0.00076781	0		1	1.265	0		1	0.30555	0		1	1	0		1	0.2	0		1	0.0831441431430522	0		1	4	0		1		1		1		1		1
TRIM2	PF00630	1	0.99998	0	0.0	0	0.398	0	0.0	0	3.9511	0	0.0	0	80	0	0.0	0	0.6	0	0.0	0	0.07591176148277744	0	0.0	0	4	0	0.0	0		1		1	0	0	0.0	0
TRIM28		0	1.0	0		1	0.17	0		1	1.5554	0		1	80	0		1	0.2	0		1	2.3138693285896768	0		1	83	0		1		1		1		1		1
TRIM32	PF01436	0	0.0070294	0	-0.016702299999999996	0	0.73	0	0.0030000000000000027	0	1.7542	0	0.5045999999999999	0	80	0	40.0	0	0.2	0	0.0	0	-0.06398920428479041	0	-0.7202922043126327	0	22	0	9.0	0		1		1	0	0	0.0	0
TRIM37	PF22486	0	1.4743e-15	0	-0.4999999999999993	0	0.789	0	0.35200000000000004	0	1.7581	0	-2.5563000000000002	0	80	0	4.5	0	0.6	0	0.19999999999999996	0	-1.0705810742857071	0	-1.2588773079340851	0	28	0	-1.5	0		1		1	0	0	0.0	0
TRIM8		0	1.0	0		1	0.291	0		1	2.5107	0		1	80	0		1	0.2	0		1	-1.3010299956639813	0		1	4	0		1		1		1		1		1
TRIO	PF13716	0	1.0	0	0.00026999999999999247	0	0.217	0	-0.11600000000000002	0	4.6931	0	-1.8655999999999997	0	22	0	6.0	0	0.2	0	0.0	0	-0.14752000636314366	0	-0.11711783515401304	0	6	0	-11.5	0	3	0	0.0	0	0	0	0.0	0
TRIP11		0	1.8257e-27	0		1	0.731	0		1	2.0293	0		1	0	0		1	0.2	0		1	0.19340290306241747	0		1	14	0		1		1		1		1		1
TRIP12	PF00632	0	1.0	0	0.33333333331171866	0	0.145	0	-0.2383333333333333	0	6.366	0	1.7612999999999994	0	24	0	5.0	0	0.2	0	-2.7755575615628914e-17	0	0.6150026145245883	0	0.7568607357020238	0	30	0	0.0	0	3	0	0.0	0	0	0	0.0	0
TRIP13	PF00004	0	0.19213	0	0.021805998803630905	0	0.592	0	-0.12019999999999997	0	2.6712	0	1.032858	0	0	0	-8.0	0	0.6	0	0.19999999999999996	0	1.0719188103638062	0	0.38812628044218567	0	7	0	-8.5	0		1		1		1		1
TRIP4	PF04266	1	4.2173e-10	0	0.0	0	0.802	0	0.0	0	0.45807	0	0.0	0	0	0	0.0	0	0.2	0	0.0	0	0.37493155397818817	0	0.0	0	9	0	0.0	0		1		1	0	0	0.0	0
TRMT10A		0	2.4525e-11	0		1	1.181	0		1	0.59725	0		1	2	0		1	0.2	0		1	-0.2798406965940431	0		1		1		1		1		1	0	0		1
TRMT10C		0	0.019181	0		1	0.76	0		1	0.77715	0		1	2	0		1	0.2	0		1	0.9509000893663871	0		1		1		1		1		1		1		1
TRNT1	PF01743	1	3.6366e-13	0	0.0	0	1.232	0	0.0	0	-1.4211	0	0.0	0	0	0	0.0	0	0.2	0	0.0	0	1.3802293369380374	0	0.0	0	3	0	0.0	0		1		1		1		1
TRPA1	PF00023	0	2.7043e-24	0	-0.27279326765369205	0	1.063	0	0.3855454545454545	0	1.0926	0	-1.3277434545454545	0	0	0	-4.454545454545454	0	0.6	0	0.17272727272727278	0	-1.8860566476931633	0	-1.1862089499883421	0		1		1		1		1		1		1
TRPC3	PF12796	0	3.4207e-09	0	-0.46249882767751005	0	0.751	0	0.04349999999999998	0	3.1086	0	1.749241	0	5	0	-0.5454545454545459	0	0.6	0	0.10909090909090913	0	-1.9208187539523751	0	-1.1686300700835985	0	7	0	-5.090909090909092	0		1		1		1		1
TRPM1		0	7.0919e-27	0		1	0.839	0		1	1.3804	0		1	7	0		1	0.7	0		1	-2.3010299956639813	0		1		1		1		1		1		1		1
TRPM4	PF00520	0	1.4032e-39	0	-0.501400937528246	0	1.084	0	0.5314375	0	-0.097407	0	-4.1093346875	0	7	0	-19.0625	0	0.2	0	-0.3937499999999999	0	-0.721246399047171	0	0.7259889165580421	0	14	0	0.25	0		1		1		1		1
TRPS1		0	1.0	0		1	0.114	0		1	2.597	0		1	7	0		1	0.8	0		1	0.24821856119007474	0		1	24	0		1	3	0		1	0	0		1
TRPV3	PF00023	0	2.6489e-28	0	-0.27279326765369205	0	1.235	0	0.5575454545454547	0	-0.007152	0	-2.4274954545454546	0	5	0	0.5454545454545459	0	0.7	0	0.27272727272727276	0	-2.9208187539523753	0	-2.220971056247554	0	5	0	-30.125	0		1		1		1		1
TRPV4	PF00023	0	6.1123e-13	0	-0.2727932676530808	0	0.824	0	0.14654545454545453	0	3.5725	0	1.1521565454545453	0	5	0	0.5454545454545459	0	0.6	0	0.17272727272727278	0	-0.826813731587726	0	-0.12696603388290484	0		1		1		1		1		1		1
TRPV6	PF00023	0	8.4763e-05	0	-0.27270850465369206	0	0.638	0	-0.03945454545454541	0	2.6896	0	0.26925654545454547	0	5	0	0.5454545454545459	0	0.6	0	0.17272727272727278	0	-1.4685210829577449	0	-0.7686733852529237	0		1		1		1		1		1		1
TSC1	PF04388	1	1.0	0	0.0	0	0.227	0	0.0	0	3.7116	0	0.0	0	0	0	0.0	0	0.2	0	0.0	0	-0.0008694587126288914	0	0.0	0	11	0	0.0	0	3	0	0.0	0	0	0	0.0	0
TSC2	PF11864	1	1.0	0	0.0	0	0.203	0	0.0	0	0.17171	0	0.0	0	2	0	0.0	0	0.2	0	0.0	0	0.22814360759774172	0	0.0	0	33	0	0.0	0	3	0	0.0	0	0	0	0.0	0
TSEN15	PF09631	1	0.02955	0	0.0	0	1.116	0	0.0	0	0.50103	0	0.0	0	0	0	0.0	0	0.2	0	0.0	0	0.2857822737793947	0	0.0	0	20	0	0.0	0		1		1		1		1
TSEN54	PF12928	1	2.7307e-19	0	0.0	0	1.258	0	0.0	0	-1.4479	0	0.0	0	0	0	0.0	0	0.2	0	0.0	0	-0.4584207560534191	0	0.0	0	5	0	0.0	0		1		1		1		1
TSFM	PF25025	1	1.8489e-09	0	0.0	0	1.197	0	0.0	0	0.08862	0	0.0	0	0	0	0.0	0	0.2	0	0.0	0	1.4281509987444454	0	0.0	0	9	0	0.0	0		1		1		1		1
TSHB		0	0.00097032	0		1	1.532	0		1	-0.094343	0		1	9	0		1	0.8	0		1	-1.958607314841775	0		1	13	0		1		1		1		1		1
TSHR	PF00001	0	7.345e-14	0	-0.2776611398570799	0	1.012	0	0.12299999999999989	0	1.3233	0	-0.2353642857142857	0	2	0	-12.125	0	0.8	0	0.07500000000000007	0	-1.6197887582883939	0	-0.11805362338578962	0	9	0	0.8333333333333339	0		1		1		1		1
TSPAN12	PF00335	0	0.14188	0	0.06789955	0	0.655	0	-0.05899999999999994	0	1.2581	0	0.337765	0	32	0	0.0	0	0.6	0	-0.09999999999999998	0	-2.154901959985743	0	-0.5796116668841929	0		1		1		1		1		1		1
TSPAN7		0		1		1		1		1		1		1	32	0		1	0.6	0		1	0.7102020146553848	0		1	1	0		1		1		1	0	0		1
TTC12	PF00515	1	2.9007e-13	0	0.0	0	0.934	0	0.0	0	0.59965	0	0.0	0	18	0	0.0	0	0.6	0	0.0	0	-1.1191864077192086	0	0.0	0	6	0	0.0	0		1		1		1		1
TTC19		0	1.5422e-09	0		1	1.049	0		1	-0.48028	0		1	0	0		1	0.2	0		1	0.14643813528577454	0		1	30	0		1		1		1	0	0		1
TTC5	PF16669	1	1.7933e-11	0	0.0	0	1.034	0	0.0	0	0.48848	0	0.0	0	0	0	0.0	0	0.2	0	0.0	0	-0.22329881601158919	0	0.0	0	24	0	0.0	0		1		1		1		1
TTC7A		0	8.8944e-37	0		1	1.198	0		1	-2.2052	0		1	14	0		1	0.6	0		1	-0.208309350979882	0		1	3	0		1		1		1	0	0		1
TTC8	PF13432	0	5.2419e-08	0	2.51117e-08	0	0.8	0	0.016000000000000014	0	0.60385	0	-0.6108750000000001	0	14	0	6.5	0	0.2	0	0.0	0	-0.8013429130455774	0	-0.48299656448993705	0	8	0	-8.5	0		1		1		1		1
TTLL5	PF03133	1	1.2848e-30	0	0.0	0	0.888	0	0.0	0	0.90487	0	0.0	0	12	0	0.0	0	0.6	0	0.0	0	-1.3665315444204134	0	0.0	0	14	0	0.0	0		1		1	0	0	0.0	0
TTN	PF00041	0	1.3925e-89	0	-0.2999953207918707	0	0.479	0	-0.15900000000000003	0	7.0514	0	5.341469	0	0	0	-26.5	0	0.6	0	1.1102230246251565e-16	0	1.489972534035017	0	2.031102635554772	0	4	0	-3.875	0		1		1	0	0	0.0	0
TTPA	PF00650	0	7.1096e-07	0	-1.7897000000000002e-07	0	1.276	0	0.16100000000000003	0	-0.1108	0	-0.06329499999999999	0	6	0	1.5	0	0.8	0	0.0	0	-0.9208187539523752	0	-0.5718976019228832	0		1		1		1		1		1		1
TTR	PF00576	1	0.01296	0	0.0	0	1.049	0	0.0	0	1.5504	0	0.0	0	1	0	0.0	0	0.8	0	0.0	0	4.280942428741391	0	0.0	0	15	0	0.0	0	0	0	0.0	0	0	0	0.0	0
TUBA4A	PF00091	0	7.9956e-06	0	-0.5347180029333334	0	0.945	0	0.31599999999999995	0	5.0015	0	-0.700733333333333	0	23	0	0.0	0	0.6	0	-0.13333333333333341	0	2.9712763127276887	0	-0.0026921564310780077	0	114	0	47.0	0		1		1		1		1
TUBB2B	PF00091	0	0.99983	0	0.46510400146666664	0	0.338	0	-0.291	0	6.9742	0	1.2719666666666667	0	23	0	0.0	0	0.8	0	0.06666666666666665	0	2.9854269231980557	0	0.011458454039289023	0	20	0	-47.0	0	0	0	0.0	0	0	0	0.0	0
TUBB4A	PF00091	0	0.60434	0	0.06961400146666663	0	0.604	0	-0.025000000000000022	0	5.131	0	-0.5712333333333328	0	23	0	0.0	0	0.8	0	0.06666666666666665	0	2.965202171550556	0	-0.008766297608210571	0		1		1	0	0	0.0	0	0	0	0.0	0
TUBGCP4	PF04130	1	5.696e-08	0	0.0	0	0.71	0	0.0	0	2.9664	0	0.0	0	4	0	0.0	0	0.2	0	0.0	0	0.14952701375434777	0	0.0	0	37	0	0.0	0		1		1		1		1
TUBGCP6	PF19340	1	1.4869e-51	0	0.0	0	1.071	0	0.0	0	-1.0132	0	0.0	0	4	0	0.0	0	0.2	0	0.0	0	-0.8961962790440431	0	0.0	0	17	0	0.0	0		1		1	0	0	0.0	0
TUFM	PF00009	1	0.0031196	0	0.0	0	0.703	0	0.0	0	2.129	0	0.0	0	18	0	0.0	0	0.2	0	0.0	0	2.276464102021567	0	0.0	0	11	0	0.0	0		1		1	0	0	0.0	0
TULP1	PF01167	1	2.9584e-14	0	0.0	0	1.019	0	0.0	0	-0.39346	0	0.0	0	5	0	0.0	0	0.8	0	0.0	0	-0.8961962790440431	0	0.0	0		1		1		1		1		1		1
TUSC3	PF04756	1	5.0694e-15	0	0.0	0	1.31	0	0.0	0	-1.1313	0	0.0	0	1	0	0.0	0	0.2	0	0.0	0	0.13703745478951265	0	0.0	0	32	0	0.0	0		1		1		1		1
TWIST1	PF00010	0	0.0067806	0	-0.48575181874999995	0	1.451	0	0.55625	0	-0.22258	0	-0.574325	0	13	0	5.125	0	0.6	0	0.11249999999999999	0	-0.1804560644581313	0	0.3957952835615789	0	4	0	-16.2	0	3	0	0.0	0	0	0	0.0	0
TWIST2	PF00010	0	0.79374	0	0.30120758125	0	0.714	0	-0.18075000000000008	0	0.22963	0	-0.12211499999999992	0	13	0	5.125	0	0.6	0	0.11249999999999999	0	-1.853871964321762	0	-1.2776206163020518	0	3	0	-17.2	0		1		1	0	0	0.0	0
TXNL4A		0	2.3119e-07	0		1	1.848	0		1	2.8181	0		1	1	0		1	0.2	0		1	0.8876735524544475	0		1	11	0		1		1		1		1		1
TYMP	PF02885	1	7.118e-20	0	0.0	0	1.518	0	0.0	0	-3.4365	0	0.0	0	0	0	0.0	0	0.2	0	0.0	0	2.1072133625602545	0	0.0	0	34	0	0.0	0		1		1		1		1
TYR	PF00264	0	1.1138e-21	0	-1.4419e-21	0	1.346	0	-0.0259999999999998	0	-0.8461	0	0.6195499999999999	0	2	0	0.0	0	0.8	0	0.050000000000000044	0	-1.3010299956639813	0	-0.4357864677729394	0		1		1		1		1		1		1
TYROBP		0	7.5496e-05	0		1	1.274	0		1	-0.10981	0		1	0	0		1	0.6	0		1	0.3119656603683662	0		1	12	0		1		1		1	0	0		1
TYRP1	PF00264	0	3.9976e-21	0	1.4419000000000002e-21	0	1.398	0	0.026000000000000023	0	-2.0852	0	-0.61955	0	2	0	0.0	0	0.7	0	-0.050000000000000044	0	-0.4294570601181025	0	0.4357864677729394	0	1	0	0.0	0		1		1		1		1
UBA2		0	1.0	0		1	0.258	0		1	3.5233	0		1	9	0		1	0.2	0		1	2.1072133625602545	0		1	4	0		1		1		1		1		1
UBA5	PF00899	1	0.00035622	0	0.0	0	0.838	0	0.0	0	1.2919	0	0.0	0	9	0	0.0	0	0.2	0	0.0	0	1.328399992372424	0	0.0	0	18	0	0.0	0		1		1		1		1
UBE2A	PF00179	0		1		1		1		1		1		1	24	0	0.0	0	0.2	0	-0.2	0	1.0000434272768626	0	0.26874784923709927	0	3	0	-9.0	0		1		1	0	0	0.0	0
UBE2T	PF00179	0	0.082991	0	0.0	0	0.838	0	0.0	0	1.2063	0	0.0	0	24	0	0.0	0	0.6	0	0.19999999999999996	0	0.4625477288026641	0	-0.2687478492370992	0	21	0	9.0	0		1		1	0	0	0.0	0
UBE3A	PF16558	1	1.0	0	0.0	0	0.139	0	0.0	0	6.9548	0	0.0	0	24	0	0.0	0	0.2	0	0.0	0	0.7059491949102957	0	0.0	0	34	0	0.0	0	3	0	0.0	0	0	0	0.0	0
UBE3B	PF00632	0	6.4844e-11	0	-0.6666666666234373	0	0.675	0	0.29166666666666674	0	2.1522	0	-2.4525	0	24	0	5.0	0	0.2	0	-2.7755575615628914e-17	0	-0.5783960731301689	0	-0.43653795195273337	0	10	0	-20.0	0		1		1	0	0	0.0	0
UBE4A		0	0.90115	0		1	0.495	0		1	2.7851	0		1	1	0		1	0.2	0		1	0.7284349509742548	0		1	30	0		1		1		1		1		1
UBR1	PF02617	1	0.96721	0	0.0	0	0.47	0	0.0	0	3.3086	0	0.0	0	2	0	0.0	0	0.2	0	0.0	0	0.8254910298794309	0	0.0	0	62	0	0.0	0		1		1		1		1
UBR7		0	0.2913	0		1	0.609	0		1	1.3553	0		1	0	0		1	0.2	0		1	0.7980287934040732	0		1	13	0		1		1		1		1		1
UBTF		0	1.0	0		1	0.133	0		1	6.267	0		1	20	0		1	0.2	0		1	1.3962167882909717	0		1	31	0		1		1		1		1		1
UCHL1	PF01088	0	0.99978	0	-0.00010999999999994348	0	0.344	0	0.010000000000000009	0	0.80496	0	-1.2360200000000003	0	3	0	-6.5	0	0.7	0	0.25	0	2.561102576764126	0	1.5097616664087725	0		1		1		1		1		1		1
UFC1	PF08694	1	2.8549e-06	0	0.0	0	1.046	0	0.0	0	0.768	0	0.0	0	0	0	0.0	0	0.2	0	0.0	0	1.502440776828883	0	0.0	0	3	0	0.0	0		1		1		1		1
UFM1	PF03671	1	0.62139	0	0.0	0	0.85	0	0.0	0	0.40604	0	0.0	0	0	0	0.0	0	0.2	0	0.0	0	1.528929549036754	0	0.0	0	3	0	0.0	0		1		1		1		1
UGDH	PF00984	1	1.6807e-07	0	0.0	0	0.902	0	0.0	0	2.2005	0	0.0	0	0	0	0.0	0	0.6	0	0.0	0	1.5490155300582147	0	0.0	0	10	0	0.0	0		1		1		1		1
UGP2		0	2.8756e-09	0		1	0.991	0		1	2.3248	0		1	2	0		1	0.6	0		1	2.3138693285896768	0		1	4	0		1		1		1		1		1
UGT1A1	PF00201	1	1.8823e-09	0	0.0	0	1.04	0	0.0	0	0.1863	0	0.0	0	21	0	0.0	0	0.7	0	0.0	0	-0.3615107430453627	0	0.0	0	3	0	0.0	0		1		1		1		1
UMOD	PF23283	1	9.1231e-23	0	0.0	0	1.241	0	0.0	0	0.49359	0	0.0	0	5	0	0.0	0	0.8	0	0.0	0	2.060701616810948	0	0.0	0		1		1		1		1		1		1
UMPS	PF00215	1	0.0026796	0	0.0	0	0.735	0	0.0	0	1.3517	0	0.0	0	0	0	0.0	0	0.2	0	0.0	0	1.4913757031077342	0	0.0	0	5	0	0.0	0		1		1		1		1
UNC80		0	0.0041479	0		1	0.48	0		1	5.0069	0		1	0	0		1	0.7	0		1	-2.154901959985743	0		1		1		1		1		1	0	0		1
UNG	PF03167	1	2.5181e-11	0	0.0	0	1.22	0	0.0	0	0.31457	0	0.0	0	0	0	0.0	0	0.2	0	0.0	0	0.5833121519830777	0	0.0	0	3	0	0.0	0		1		1		1		1
UPF3B	PF03467	1		1		1		1		1		1		1	1	0	0.0	0	0.2	0	0.0	0	0.6571515019009667	0	0.0	0	1	0	0.0	0	3	0	0.0	0	0	0	0.0	0
UQCRB	PF02271	1	0.0051472	0	0.0	0	0.952	0	0.0	0	-0.11622	0	0.0	0	0	0	0.0	0	0.6	0	0.0	0	1.783195845785382	0	0.0	0	21	0	0.0	0		1		1		1		1
UQCRC2	PF00675	1	6.0679e-15	0	0.0	0	1.118	0	0.0	0	1.0826	0	0.0	0	6	0	0.0	0	0.6	0	0.0	0	2.220110704263994	0	0.0	0	14	0	0.0	0		1		1		1		1
UQCRFS1	PF00355	1	0.34234	0	0.0	0	0.796	0	0.0	0	2.1575	0	0.0	0	0	0	0.0	0	0.6	0	0.0	0	1.8898673178005034	0	0.0	0	88	0	0.0	0		1		1		1		1
UQCRQ	PF02939	1	0.00040915	0	0.0	0	1.728	0	0.0	0	0.24133	0	0.0	0	0	0	0.0	0	0.6	0	0.0	0	1.5010729621430505	0	0.0	0	26	0	0.0	0		1		1		1		1
UROS	PF02602	1	0.0035232	0	0.0	0	0.758	0	0.0	0	0.73448	0	0.0	0	0	0	0.0	0	0.2	0	0.0	0	0.05728564441821456	0	0.0	0	6	0	0.0	0		1		1		1		1
USB1	PF09749	1	3.1388e-05	0	0.0	0	1.016	0	0.0	0	0.5823	0	0.0	0	0	0	0.0	0	0.2	0	0.0	0	-1.585026652029182	0	0.0	0		1		1		1		1	0	0	0.0	0
USH1C	PF00595	0	1.9135e-22	0	-1.212975e-21	0	0.876	0	-0.09049999999999991	0	0.057774	0	0.518737	0	2	0	0.0	0	0.6	0	-0.04999999999999993	0	-1.0362121726544447	0	0.03584661232753761	0	2	0	0.0	0		1		1	0	0	0.0	0
USH1G	PF12796	0	7.5614e-09	0	-0.46249882353681004	0	1.205	0	0.49750000000000005	0	-0.45511	0	-1.8144689999999999	0	1	0	-4.545454545454546	0	0.6	0	0.10909090909090913	0	-1.3467874862246563	0	-0.5945988023558797	0	3	0	-9.090909090909092	0		1		1	0	0	0.0	0
USH2A	PF00053	0	2.7327e-115	0	-0.12254750000006223	0	0.855	0	0.13375000000000004	0	0.11215	0	-1.4431175	0	27	0	-6.75	0	0.7	0	0.1875	0	-1.958607314841775	0	-2.041415490765402	0		1		1		1		1		1		1
USP18		0	0.99638	0		1	0.459	0		1	1.9593	0		1	71	0		1	0.2	0		1	-0.9469215565165803	0		1	1	0		1		1		1		1		1
USP27X	PF00443	0		1		1		1		1		1		1	71	0	0.0	0	0.6	0	0.19999999999999996	0	-1.0177287669604316	0	-0.08500855567174403	0	5	0	0.0	0		1		1		1		1
USP45	PF00443	0	3.5556e-16	0	0.0	0	1.09	0	0.0	0	0.70067	0	0.0	0	71	0	0.0	0	0.2	0	-0.2	0	-0.8477116556169435	0	0.08500855567174403	0		1		1		1		1		1		1
USP7	PF22486	0	1.0	0	0.4999999999999992	0	0.085	0	-0.352	0	6.8707	0	2.5563000000000002	0	71	0	-4.5	0	0.2	0	-0.2	0	1.4471735415824631	0	1.2588773079340851	0	31	0	1.5	0	3	0	0.0	0	0	0	0.0	0
USP9X	PF25010	1		1		1		1		1		1		1	71	0	0.0	0	0.2	0	0.0	0	0.8910354153153108	0	0.0	0	12	0	0.0	0	3	0	0.0	0	0	0	0.0	0
UVSSA	PF09740	1	2.9612e-25	0	0.0	0	1.214	0	0.0	0	-1.8844	0	0.0	0	0	0	0.0	0	0.2	0	0.0	0	-0.9393021596463883	0	0.0	0		1		1		1		1		1		1
VAMP2	PF00957	1	0.99957	0	0.0	0	0.176	0	0.0	0	1.7472	0	0.0	0	10	0	0.0	0	0.6	0	0.0	0	1.484314078276703	0	0.0	0	10	0	0.0	0		1		1		1		1
VAPB	PF00635	1	0.52375	0	0.0	0	0.699	0	0.0	0	0.69832	0	0.0	0	1	0	0.0	0	0.2	0	0.0	0	1.7242840637589936	0	0.0	0	87	0	0.0	0		1		1		1		1
VCAN		0	1.0	0		1	0.223	0		1	2.6822	0		1	7	0		1	0.6	0		1	0.6375897858387	0		1	10	0		1		1		1		1		1
VDR	PF00104	0	0.01086	0	-0.740453333333334	0	0.714	0	0.2588333333333333	0	2.1968	0	-0.5105208333333335	0	18	0	7.538461538461538	0	0.8	0	0.2153846153846155	0		1		1	13	0	-0.25	0		1		1		1		1
VHL	PF01847	1	0.0019543	0	0.0	0	0.987	0	0.0	0	-1.1373	0	0.0	0	1	0	0.0	0	0.2	0	0.0	0	-0.3957739469155299	0	0.0	0	29	0	0.0	0	3	0	0.0	0	0	0	0.0	0
VIPAS39	PF04840	1	3.0665e-15	0	0.0	0	0.87	0	0.0	0	1.9934	0	0.0	0	0	0	0.0	0	0.2	0	0.0	0	0.7945577512547616	0	0.0	0		1		1		1		1		1		1
VLDLR	PF07645	0	6.079e-18	0	3.039499999999376e-18	0	0.828	0	-0.13150000000000006	0	-0.99818	0	-0.8017	0	14	0	0.0	0	0.6	0	0.0	0	-0.17392519729917355	0	-0.26507116575945433	0	10	0	-12.0	0		1		1		1		1
VMA12	PF11712	1		1		1		1		1		1		1	0	0	0.0	0		1		1		1		1		1		1		1		1		1		1
VMA22	PF21730	1		1		1		1		1		1		1	0	0	0.0	0		1		1		1		1		1		1		1		1		1		1
VPS13B		0	2.3165e-55	0		1	0.708	0		1	2.4646	0		1	0	0		1	0.2	0		1	-0.906578314837765	0		1	13	0		1		1		1	0	0		1
VPS33A	PF00995	0	0.082375	0	-0.27841666666666665	0	0.583	0	0.03199999999999992	0	2.0526	0	-0.9468999999999999	0	7	0	0.0	0	0.2	0	-0.1333333333333333	0	0.7340794072805943	0	-0.248661372671372	0	7	0	-9.666666666666668	0		1		1		1		1
VPS33B	PF00995	0	3.587e-22	0	-0.3607916666666667	0	0.971	0	0.41999999999999993	0	1.0991	0	-1.9003999999999999	0	7	0	0.0	0	0.2	0	-0.1333333333333333	0	0.7185847200274361	0	-0.2641560599245302	0	13	0	-3.666666666666668	0		1		1		1		1
VPS4A	PF00004	0	0.3968	0	0.2264759988036309	0	0.585	0	-0.12719999999999998	0	2.2323	0	0.5939580000000002	0	9	0	1.0	0	0.2	0	-0.2	0	0.9395691686559016	0	0.255776638734281	0	2	0	-13.5	0		1		1		1		1
VPS53	PF16854	1	1.0426e-13	0	0.0	0	0.773	0	0.0	0	1.8529	0	0.0	0	0	0	0.0	0	0.2	0	0.0	0	0.5764565324056202	0	0.0	0	26	0	0.0	0		1		1		1		1
VRK1	PF00069	0	2.0755e-05	0	-0.394503536855008	0	0.747	0	0.09242857142857142	0	1.4104	0	-0.8434704761904763	0	12	0	-4.375	0	0.6	0	0.26666666666666666	0	1.3075174312031315	0	1.2453794704056693	0	14	0	-7.217391304347824	0		1		1		1		1
VSX2	PF00046	0	4.2463e-10	0	-0.4622619303667647	0	1.35	0	0.5237812500000001	0	-1.2474	0	-1.3826996875000002	0	50	0	17.352941176470587	0	0.8	0	0.14411764705882357	0	-1.0915149811213503	0	0.07661668470525917	0	9	0	3.0	0		1		1		1		1
WAC		0	1.0	0		1	0.248	0		1	0.89239	0		1	0	0		1	0.2	0		1	0.5160062303860476	0		1	5	0		1	3	0		1	0	0		1
WARS2	PF00579	0	1.9685e-08	0	9.808242e-09	0	1.098	0	0.031500000000000083	0	0.66232	0	0.04506999999999994	0	1	0	0.5	0	0.2	0	0.0	0	0.6054127981530513	0	-0.1491369667917255	0	1	0	-21.5	0		1		1		1		1
WASHC5	PF10266	1	5.0212e-14	0	0.0	0	0.792	0	0.0	0	2.5246	0	0.0	0	0	0	0.0	0	0.2	0	0.0	0	0.7093547758343961	0	0.0	0		1		1		1		1		1		1
WDFY3	PF23295	1	1.0	0	0.0	0	0.2	0	0.0	0	7.7015	0	0.0	0	7	0	0.0	0	0.2	0	0.0	0	-1.0409586076789064	0	0.0	0	34	0	0.0	0	3	0	0.0	0	0	0	0.0	0
WDPCP		0	2.1762e-16	0		1	0.939	0		1	0.81657	0		1	0	0		1	0.2	0		1	-1.0506099933550872	0		1		1		1		1		1	0	0		1
WDR11	PF23751	1	5.057e-08	0	0.0	0	0.617	0	0.0	0	2.3248	0	0.0	0	2	0	0.0	0	0.2	0	0.0	0	0.6731131042382337	0	0.0	0	14	0	0.0	0		1		1		1		1
WDR19	PF23389	1	2.365e-23	0	0.0	0	0.833	0	0.0	0	1.2659	0	0.0	0	0	0	0.0	0	0.2	0	0.0	0	-0.8013429130455774	0	0.0	0	10	0	0.0	0		1		1		1		1
WDR26		0	1.0	0		1	0.144	0		1	3.3494	0		1	1	0		1	0.2	0		1	0.48869169831694065	0		1	47	0		1	3	0		1	0	0		1
WDR35	PF23390	1	1.4176e-21	0	0.0	0	0.776	0	0.0	0	2.0052	0	0.0	0	5	0	0.0	0	0.2	0	0.0	0	-0.5451551399914898	0	0.0	0	12	0	0.0	0		1		1	0	0	0.0	0
WDR45	PF21032	1		1		1		1		1		1		1	3	0	0.0	0	0.2	0	0.0	0	-0.23136189875238555	0	0.0	0	12	0	0.0	0	3	0	0.0	0	0	0	0.0	0
WDR62	PF24780	1	1.0718e-25	0	0.0	0	0.806	0	0.0	0	1.767	0	0.0	0	26	0	0.0	0	0.6	0	0.0	0	-0.15428198203334137	0	0.0	0	24	0	0.0	0		1		1		1		1
WDR73		0	0.00019878	0		1	0.974	0		1	-0.46347	0		1	9	0		1	0.2	0		1	-0.3098039199714863	0		1	6	0		1		1		1		1		1
WEE2	PF00069	0	7.9709e-14	0	-0.39452429185492827	0	1.031	0	0.37642857142857133	0	1.2451	0	-1.0087704761904763	0	8	0	-8.375	0	0.0	0	-0.3333333333333333	0	-2.3010299956639813	0	-2.363167956461443	0		1		1		1		1		1		1
WFS1	PF20053	1	1.7214e-39	0	0.0	0	1.64	0	0.0	0	-5.7089	0	0.0	0	0	0	0.0	0	0.2	0	0.0	0	0.48586332959733464	0	0.0	0	10	0	0.0	0	0	0	0.0	0	0	0	0.0	0
WHRN		0	1.3057e-08	0		1	0.808	0		1	-0.01313	0		1	2	0		1	0.6	0		1	-0.6090648928966209	0		1		1		1		1		1	0	0		1
WNK1		0	1.0	0		1	0.227	0		1	4.67	0		1	6	0		1	0.2	0		1	0.6990568545476677	0		1	20	0		1		1		1		1		1
WNK4	PF24889	1	4.1738e-25	0	0.0	0	0.929	0	0.0	0	1.3811	0	0.0	0	6	0	0.0	0	0.6	0	0.0	0	-0.5030703519267851	0	0.0	0		1		1		1		1		1		1
WNT1	PF00110	0	0.0027318	0	-0.248669495576	0	0.957	0	0.15000000000000002	0	0.33644	0	-1.40777	0	18	0	0.0	0	0.6	0	-0.07499999999999996	0	-2.0	0	-0.39886303219424124	0	1	0	-8.5	0		1		1		1		1
WNT10B	PF00110	0	8.2304e-08	0	-0.251401213272	0	1.097	0	0.29000000000000004	0	1.0486	0	-0.6956100000000001	0	18	0	0.0	0	0.8	0	0.1250000000000001	0	-0.8728952016351923	0	0.7282417661705665	0	5	0	-4.5	0		1		1		1		1
WNT3	PF00110	0	0.99982	0	0.748418704424	0	0.367	0	-0.43999999999999995	0	3.9295	0	2.18529	0	18	0	0.0	0	0.7	0	0.025000000000000022	0	-1.3098039199714864	0	0.2913330478342724	0	3	0	-6.5	0		1		1		1		1
WNT7A	PF00110	0	0.0030533	0	-0.24834799557599999	0	0.807	0	1.1102230246251565e-16	0	1.6623	0	-0.08190999999999993	0	18	0	0.0	0	0.6	0	-0.07499999999999996	0	-2.221848749616356	0	-0.6207117818105974	0	29	0	19.5	0		1		1	0	0	0.0	0
WRAP53	PF00400	0	0.0034137	0	0.0027386033452885	0	0.645	0	-0.30699999999999994	0	1.1249	0	0.58289875	0	0	0	-8.875	0	0.2	0	-0.10000000000000003	0	0.46104809167065786	0	0.3971596770853757	0	16	0	-3.25	0		1		1	0	0	0.0	0
WRN	PF00270	0	8.3015e-34	0	-0.33333333347026994	0	0.9	0	0.18333333333333324	0	0.99458	0	-0.662461666666667	0	4	0	-12.25	0	0.2	0	-0.10000000000000003	0	-0.41341269532824504	0	-0.6742468564038405	0	5	0	-9.333333333333334	0		1		1	0	0	0.0	0
WT1		0	1.0	0		1	0.253	0		1	1.4207	0		1	4	0		1	0.6	0		1	-0.7670038896078462	0		1		1		1	3	0		1	0	0		1
WWOX	PF00106	0	3.1152e-33	0	-0.0013627397214195	0	1.82	0	0.6196250000000001	0	-5.6664	0	-5.169403750000001	0	25	0	6.75	0	0.2	0	-0.3499999999999999	0	-0.2062096153091813	0	-0.8309828481415469	0	22	0	14.75	0		1		1	0	0	0.0	0
XDH	PF01315	1	5.9291e-40	0	0.0	0	0.99	0	0.0	0	-0.79461	0	0.0	0	1	0	0.0	0	0.7	0	0.0	0	0.017450729510536125	0	0.0	0	1	0	0.0	0		1		1	0	0	0.0	0
XPA	PF05181	1	2.0576e-06	0	0.0	0	1.068	0	0.0	0	-0.55916	0	0.0	0	0	0	0.0	0	0.2	0	0.0	0	-0.20690839982341983	0	0.0	0	13	0	0.0	0		1		1	0	0	0.0	0
XPC	PF10403	1	1.2517e-20	0	0.0	0	1.023	0	0.0	0	0.46534	0	0.0	0	0	0	0.0	0	0.2	0	0.0	0	0.4655315569735497	0	0.0	0	63	0	0.0	0		1		1		1		1
XPNPEP3	PF05195	0	1.6033e-08	0	2.4195000000000006e-09	0	0.831	0	-0.15049999999999997	0	1.0848	0	0.43415000000000004	0	7	0	0.0	0	0.2	0	-0.2	0	0.4426365257822317	0	-0.646883972563697	0	15	0	0.0	0		1		1	0	0	0.0	0
XPR1	PF03124	1	0.99989	0	0.0	0	0.43	0	0.0	0	4.1397	0	0.0	0	0	0	0.0	0	0.2	0	0.0	0	-0.11013827874181155	0	0.0	0	39	0	0.0	0		1		1		1		1
XRCC4	PF06632	1	1.2492e-07	0	0.0	0	1.032	0	0.0	0	0.76448	0	0.0	0	0	0	0.0	0	0.2	0	0.0	0	0.30124708863621136	0	0.0	0	27	0	0.0	0		1		1		1		1
XYLT1	PF02485	0	0.9928	0	0.6618599217402767	0	0.478	0	-0.3673333333333334	0	0.76248	0	0.24468666666666672	0	8	0	0.0	0	0.2	0	-0.3333333333333333	0	-1.2518119729937995	0	0.12265892843153159	0	9	0	-3.333333333333334	0		1		1	0	0	0.0	0
XYLT2	PF02485	0	2.0234e-05	0	-0.3309198442597233	0	0.689	0	-0.15633333333333344	0	2.0684	0	1.5506066666666667	0	8	0	0.0	0	0.8	0	0.2666666666666667	0	-1.193820026016113	0	0.1806508754092182	0	22	0	9.666666666666666	0		1		1		1		1
YAP1	PF15238	1	1.0	0	0.0	0	0.212	0	0.0	0	1.3479	0	0.0	0	1	0	0.0	0	0.2	0	0.0	0	1.1931524368520772	0	0.0	0	34	0	0.0	0		1		1	0	0	0.0	0
YARS2	PF00579	0	6.8516e-11	0	-9.808242e-09	0	1.035	0	-0.031500000000000083	0	0.57218	0	-0.045070000000000054	0	0	0	-0.5	0	0.2	0	0.0	0	0.9036867317365024	0	0.1491369667917256	0	44	0	21.5	0		1		1		1		1
YRDC	PF01300	1	1.8417e-06	0	0.0	0	1.259	0	0.0	0	-1.219	0	0.0	0	0	0	0.0	0	0.6	0	0.0	0	0.7716609593488875	0	0.0	0	6	0	0.0	0		1		1		1		1
YWHAG	PF00244	1	0.99994	0	0.0	0	0.204	0	0.0	0	3.8194	0	0.0	0	6	0	0.0	0	0.6	0	0.0	0	2.7101182116889286	0	0.0	0	387	0	0.0	0		1		1		1		1
ZAP70	PF07714	0	0.0095039	0	-0.5771602435783333	0	0.624	0	0.044499999999999984	0	1.8386	0	-0.6859549999999999	0	32	0	5.0	0	0.6	0	0.09999999999999987	0	0.9566965648946508	0	0.2851512060459743	0		1		1		1		1		1		1
ZBTB11	PF00651	0	1.1535e-12	0	-0.25000016005413483	0	0.746	0	-0.20550000000000002	0	2.1183	0	0.22922999999999982	0	38	0	8.0	0	0.2	0	-0.10000000000000003	0	-0.46092390120722343	0	0.23827073530252857	0	43	0	-1.0	0		1		1		1		1
ZBTB18		0	1.0	0		1	0.128	0		1	4.2554	0		1	36	0		1	0.6	0		1	-1.031517051446065	0		1		1		1	3	0		1	0	0		1
ZBTB20	PF00651	0	1.0	0	0.7499998399447116	0	0.3	0	-0.6515	0	3.9575	0	2.0684299999999998	0	36	0	6.0	0	0.2	0	-0.10000000000000003	0	-0.679853713888946	0	0.019340922620806	0		1		1		1		1		1		1
ZBTB24	PF00651	0	6.4022e-07	0	-0.24999951983528837	0	0.763	0	-0.1885	0	2.0188	0	0.1297299999999999	0	36	0	6.0	0	0.6	0	0.29999999999999993	0	-0.8601209135987634	0	-0.16092627708901142	0	61	0	17.0	0		1		1	0	0	0.0	0
ZC4H2	PF10146	1		1		1		1		1		1		1	0	0	0.0	0	0.2	0	0.0	0	-1.0087739243075051	0	0.0	0	12	0	0.0	0	3	0	0.0	0	0	0	0.0	0
ZDHHC9	PF01529	1		1		1		1		1		1		1	17	0	0.0	0	0.2	0	0.0	0	-1.6989700043360187	0	0.0	0	37	0	0.0	0	3	0	0.0	0	0	0	0.0	0
ZEB1	PF00096	0	1.0	0	0.19458064285714283	0	0.339	0	-0.1050714285714286	0	2.8421	0	0.8935135714285714	0	1	0	-13.4	0	0.2	0	-0.2866666666666666	0	-0.23210238398190938	0	0.44645147178395295	0	1	0	-11.416666666666666	0		1		1		1		1
ZEB2	PF00096	0	1.0	0	0.19458064285714283	0	0.114	0	-0.3300714285714286	0	5.6355	0	3.6869135714285717	0	1	0	-13.4	0	0.6	0	0.11333333333333334	0	-0.7619538968712046	0	-0.08340004110534227	0	1	0	-11.416666666666666	0	3	0	0.6666666666666665	0	0	0	0.0	0
ZFHX4		0	1.0	0		1	0.244	0		1	1.3762	0		1	20	0		1	0.2	0		1	-1.4814860601221125	0		1	10	0		1	3	0		1	0	0		1
ZFP57		0	0.00094789	0		1	1.134	0		1	2.1305	0		1	51	0		1	0.7	0		1	-1.585026652029182	0		1		1		1		1		1		1		1
ZFYVE19	PF22586	0	2.1171e-14	0	0.0	0	1.029	0	0.0	0	-0.60345	0	0.0	0	13	0	-33.5	0	0.2	0	0.0	0	0.2674064187529041	0	0.19244094039901183	0	3	0	-10.0	0		1		1		1		1
ZFYVE26	PF01363	0	1.8546e-34	0	-1.7309990727000002e-28	0	0.704	0	-0.07150000000000001	0	2.8433	0	0.6659000000000002	0	13	0	5.0	0	0.2	0	-0.1333333333333333	0	-0.9746941347352298	0	-0.5820330840425489	0	6	0	-7.333333333333334	0		1		1		1		1
ZIC1	PF00096	0	0.99991	0	0.1944906428571428	0	0.306	0	-0.13807142857142862	0	2.8961	0	0.9475135714285716	0	14	0	-0.40000000000000036	0	0.8	0	0.3133333333333334	0	-1.3767507096020994	0	-0.6981968538362371	0	36	0	23.583333333333336	0	0	0	-2.3333333333333335	0	0	0	0.0	0
ZIC2	PF00096	0	0.96497	0	0.15955064285714282	0	0.52	0	0.0759285714285714	0	0.46995	0	-1.4786364285714284	0	14	0	-0.40000000000000036	0	0.8	0	0.3133333333333334	0	-0.3595185630295782	0	0.31903529273628417	0	18	0	5.583333333333334	0	3	0	0.6666666666666665	0	0	0	0.0	0
ZIC3	PF00096	0		1		1		1		1		1		1	14	0	-0.40000000000000036	0	0.8	0	0.3133333333333334	0	-0.8794260687941501	0	-0.20087221302828773	0		1		1	3	0	0.6666666666666665	0	0	0	0.0	0
ZMIZ1	PF25527	1	1.0	0	0.0	0	0.22	0	0.0	0	4.147	0	0.0	0	5	0	0.0	0	0.2	0	0.0	0	-0.4934949675951279	0	0.0	0		1		1		1		1		1		1
ZMPSTE24	PF01435	1	3.3473e-13	0	0.0	0	1.079	0	0.0	0	1.0864	0	0.0	0	0	0	0.0	0	0.2	0	0.0	0	1.3032176635736687	0	0.0	0	30	0	0.0	0		1		1		1		1
ZMYM2		0	0.96384	0		1	0.482	0		1	2.8745	0		1	18	0		1	0.2	0		1	0.1274287778515989	0		1	38	0		1		1		1		1		1
ZMYND10	PF01753	1	1.0961e-14	0	0.0	0	1.008	0	0.0	0	1.9365	0	0.0	0	2	0	0.0	0	0.7	0	0.0	0	-1.00436480540245	0	0.0	0		1		1		1		1		1		1
ZMYND11	PF00439	0	1.0	0	0.0	0	0.166	0	-0.010399999999999993	0	4.7337	0	0.40810000000000013	0	5	0	1.8333333333333335	0	0.2	0	-0.06666666666666665	0	0.13385812520333468	0	0.4128394763219485	0		1		1	3	0	0.0	0	0	0	0.0	0
ZNF142		0	8.1466e-22	0		1	0.832	0		1	2.1437	0		1	36	0		1	0.2	0		1	-1.537602002101044	0		1	6	0		1		1		1		1		1
ZNF148	PF00096	0	1.0	0	0.19458064285714283	0	0.208	0	-0.23607142857142863	0	4.5888	0	2.6402135714285713	0	36	0	21.6	0	0.2	0	-0.2866666666666666	0	0.1821292140529984	0	0.8606830698188608	0	4	0	-8.416666666666666	0		1		1		1		1
ZNF292		0	1.0	0		1	0.161	0		1	2.0272	0		1	2	0		1	0.2	0		1	-0.42712839779951983	0		1	3	0		1		1		1	0	0		1
ZNF335	PF00096	0	2.0988e-15	0	-0.8054193571428551	0	0.718	0	0.27392857142857135	0	-0.54217	0	-2.4907564285714283	0	1	0	-13.4	0	0.2	0	-0.2866666666666666	0	-0.4921441283041691	0	0.18640972746169326	0	7	0	-5.416666666666666	0		1		1		1		1
ZNF408	PF21549	0	1.6457e-07	0	-1.1758715e-05	0	1.146	0	-0.0035000000000000586	0	0.87539	0	0.31396999999999997	0	51	0	11.5	0	0.2	0	-0.3	0	-0.6345120151091003	0	0.5946983629176094	0	47	0	22.5	0		1		1		1		1
ZNF462		0	1.0	0		1	0.082	0		1	5.1124	0		1	7	0		1	0.2	0		1	-0.7986028756795485	0		1	9	0		1	3	0		1	0	0		1
ZNF469	PF00096	0	0.26375	0	-0.5416693571428572	0	1.711	0	1.2669285714285714	0	-4.0028	0	-5.951386428571428	0	0	0	-14.4	0	0.6	0	0.11333333333333334	0	-2.0457574905606752	0	-1.3672036347948129	0		1		1		1		1		1		1
ZNF711		0		1		1		1		1		1		1	38	0		1	0.6	0		1	-0.4975728800155673	0		1	5	0		1		1		1	0	0		1
ZNHIT3	PF04438	1	4.6604e-11	0	0.0	0	1.869	0	0.0	0	-0.69304	0	0.0	0	0	0	0.0	0	0.2	0	0.0	0	-0.5670307091255943	0	0.0	0	13	0	0.0	0		1		1		1		1
ZSWIM6		0	1.0	0		1	0.146	0		1	3.2892	0		1	3	0		1	0.2	0		1	-1.5528419686577808	0		1	1	0		1		1		1		1		1
