gene	mechanism	mechanism_3class	P_GOF_lr_full	P_DN_lr_full	P_LOF_lr_full	pred_class_lr_full
AAAS	LOF	LOF	0.19203171667014324	0.2247981882224276	0.5831700951074293	LOF
AARS1	LOF	LOF	0.26791461517863013	0.317992443166432	0.4140929416549379	LOF
AARS2	AR					
AASS	LOF	LOF	0.06804986030263409	0.1220112561162295	0.8099388835811363	LOF
ABAT	AR					
ABCA1	AR					
ABCA12	LOF	LOF	0.34267156135475463	0.27824689618768594	0.37908154245755954	LOF
ABCA4	LOF	LOF	0.3409470951903563	0.2564981296450837	0.4025547751645599	LOF
ABCB11	AR					
ABCC6	LOF	LOF	0.309670352946835	0.3033464762858954	0.3869831707672697	LOF
ABCC9	GOF	GOF	0.41892188343440095	0.1809532050224481	0.40012491154315094	GOF
ABCD1	LOF	LOF	0.15735030583699972	0.020405534471553365	0.8222441596914469	LOF
ABCD4	AR					
ABCG5	AR					
ABCG8	AR					
ABHD12	LOF	LOF	0.22842469232268311	0.3033811182589899	0.468194189418327	LOF
ABHD16A	LOF	LOF	0.19751559003766117	0.2576283125503544	0.5448560974119844	LOF
ABHD5	LOF	LOF	0.23965810113048303	0.3298677720744094	0.43047412679510755	LOF
ABL1	GOF	GOF	0.47700422028453743	0.38980545508284803	0.13319032463261454	GOF
ACAD8	AR					
ACAD9	LOF	LOF	0.16344575184403942	0.37332472011178536	0.4632295280441752	LOF
ACADM	AR					
ACADS	AR					
ACADSB	AR					
ACADVL	AR					
ACAN	LOF	LOF	0.17789274524497345	0.5292056512659628	0.29290160348906374	DN
ACAT1	AR					
ACBD5	LOF	LOF	0.07294734962199395	0.0698326180528633	0.8572200323251429	LOF
ACBD6	LOF	LOF	0.057528042167950696	0.0711098283068737	0.8713621295251757	LOF
ACE	AR					
ACER3	AR					
ACO2	AR					
ACOX1	LOF	LOF	0.22152091760374618	0.3854791884177993	0.39299989397845453	LOF
ACP5	AR					
ACSL4	LOF	LOF	0.019785711424886606	0.0006269086647294735	0.979587379910384	LOF
ACTB	GOF	GOF	0.5073740345573148	0.4851716351850304	0.007454330257654795	GOF
ACTG1	GOF	GOF	0.4373683422561006	0.5126168826637633	0.05001477508013616	DN
ACTL6B	LOF	LOF	0.5672310960296357	0.2536533772429485	0.17911552672741576	GOF
ACVR1	GOF	GOF	0.3821369959733052	0.11865642033327858	0.4992065836934162	LOF
ACVRL1	HI	LOF	0.3728273352801512	0.23745258551651688	0.3897200792033319	LOF
ACY1	AR					
ADA	LOF	LOF	0.2916234638116884	0.365453961199537	0.3429225749887746	DN
ADA2	AR					
ADAM22	AR					
ADAM9	LOF	LOF	0.028097271515072172	0.016289753709967245	0.9556129747749605	LOF
ADAMTS10	LOF	LOF	0.33081827660990615	0.5248915791589619	0.14429014423113193	DN
ADAMTS13	AR					
ADAMTS17	LOF	LOF	0.053106256140041865	0.22165752987538254	0.7252362139845756	LOF
ADAMTS18	LOF	LOF	0.12825665135292202	0.14936048707108357	0.7223828615759945	LOF
ADAMTS19	LOF	LOF	0.08666832645030972	0.07556387742618333	0.8377677961235069	LOF
ADAMTS2	LOF	LOF	0.019933680674093922	0.011247567251928893	0.9688187520739773	LOF
ADAMTSL2	LOF	LOF	0.08356215355856407	0.4173177637216348	0.49912008271980124	LOF
ADAMTSL4	LOF	LOF	0.20207639307453834	0.329389643930833	0.4685339629946286	LOF
ADAR	LOF	LOF	0.42780532044979475	0.42900971614802696	0.14318496340217823	DN
ADCY5	GOF	GOF	0.46134536819124994	0.4784123413288976	0.06024229047985244	DN
ADGRG1	AR					
ADGRG6	LOF	LOF	0.01982792763586624	0.07461259807385076	0.9055594742902829	LOF
ADGRV1	LOF	LOF	0.2813389004318214	0.21215617502268241	0.5065049245454961	LOF
ADK	AR					
ADNP	LOF	LOF	0.1474755842635561	0.3153867825287955	0.5371376332076485	LOF
ADPRS	LOF	LOF	0.001998938658174073	0.005151746126037951	0.992849315215788	LOF
ADSL	AR					
AFF4	GOF	GOF	0.37473607605480613	0.38928831933338515	0.23597560461180875	DN
AFG2A	LOF	LOF	0.0021598382516965177	0.0008007017549047584	0.9970394599933987	LOF
AFG3L2	LOF	LOF	0.29002339660481524	0.293614849801423	0.4163617535937618	LOF
AGA	AR					
AGBL5	LOF	LOF	0.4388514248958644	0.21322919996335996	0.34791937514077564	GOF
AGK	LOF	LOF	0.05289571321026349	0.16512836178473866	0.7819759250049979	LOF
AGL	LOF	LOF	0.1885809136964433	0.40841228188079537	0.40300680442276143	DN
AGPAT2	LOF	LOF	0.0948028975562947	0.19494610141287635	0.7102510010308289	LOF
AGPS	AR					
AGRN	AR					
AGT	AR					
AGTPBP1	LOF	LOF	0.42286945144120835	0.25570137917394103	0.32142916938485067	GOF
AGTR1	AR					
AGXT	AR					
AHCY	AR					
AHDC1	LOF	LOF	0.07811344305357387	0.013642205112100764	0.9082443518343254	LOF
AHI1	LOF	LOF	0.15728687286446652	0.22230034654813277	0.6204127805874008	LOF
AICDA	AR					
AIMP1	LOF	LOF	0.04575525035287832	0.20007521684231658	0.754169532804805	LOF
AIP	LOF	LOF	0.06858289214374265	0.14067981735032115	0.7907372905059362	LOF
AIPL1	LOF	LOF	0.3309993759049439	0.321720156648321	0.3472804674467352	LOF
AIRE	LOF	LOF	0.21489162148278498	0.1638067197432121	0.6213016587740029	LOF
AK1	AR					
AK2	AR					
AKR1C2	AR					
AKR1D1	AR					
AKT1	GOF	GOF	0.6045579512431281	0.3394252277553475	0.05601682100152447	GOF
AKT3	GOF	GOF	0.31547981387756585	0.28974072677209683	0.3947794593503372	LOF
ALAD	AR					
ALDH18A1	DN	DN	0.41935252090295033	0.31555985872629605	0.26508762037075373	GOF
ALDH1A3	AR					
ALDH3A2	AR					
ALDH4A1	AR					
ALDH5A1	AR					
ALDH7A1	AR					
ALDOB	AR					
ALG1	LOF	LOF	0.04840555131457333	0.2945369484120782	0.6570575002733484	LOF
ALG11	LOF	LOF	0.160306119351603	0.15061048490484205	0.6890833957435549	LOF
ALG12	LOF	LOF	0.17053200358105877	0.07560294102879773	0.7538650553901434	LOF
ALG2	LOF	LOF	0.12168965525220106	0.16956018676617562	0.7087501579816233	LOF
ALG3	LOF	LOF	0.21891789338656403	0.16856964304001507	0.6125124635734208	LOF
ALG6	LOF	LOF	0.264969651289359	0.1377259851471654	0.5973043635634757	LOF
ALG8	LOF	LOF	0.26234910399841915	0.1270309023809483	0.6106199936206326	LOF
ALG9	LOF	LOF	0.34351624330314096	0.06981058783271933	0.5866731688641398	LOF
ALK	GOF	GOF	0.5806646818687216	0.26579665366859817	0.15353866446268027	GOF
ALMS1	LOF	LOF	0.02857032857067552	0.2052496264512053	0.7661800449781191	LOF
ALOX12B	LOF	LOF	0.42195390368397784	0.3796989636461492	0.19834713266987294	GOF
ALOXE3	AR					
ALPK3	LOF	LOF	0.010783440153228222	0.018268684465962814	0.9709478753808091	LOF
ALPL	LOF	LOF	0.3169093962067026	0.4013409034771756	0.28174970031612173	DN
ALS2	LOF	LOF	0.27749646362613856	0.1860978301506027	0.5364057062232588	LOF
ALX1	LOF	LOF	0.13357923341315245	0.18586449128552182	0.6805562753013258	LOF
ALX3	AR					
ALX4	LOF	LOF	0.1090659327402701	0.317653002429075	0.5732810648306549	LOF
AMACR	LOF	LOF	0.25138003524469194	0.3093234444273165	0.4392965203279916	LOF
AMER1	LOF	LOF	0.3038360367342746	0.01910631287355725	0.6770576503921681	LOF
AMN	AR					
AMPD2	LOF	LOF	0.4272173468548893	0.3553044720778716	0.21747818106723896	GOF
AMT	AR					
ANAPC1	LOF	LOF	0.4592768198387725	0.21130135709636555	0.329421823064862	GOF
ANGPTL3	AR					
ANK2	HI	LOF	0.31780495227385364	0.37543696631357143	0.3067580814125749	DN
ANKH	LOF	LOF	0.7025568732571355	0.22509086035706222	0.07235226638580232	GOF
ANKRD17	LOF	LOF	0.3934029192185519	0.040836967172727105	0.565760113608721	LOF
ANO10	AR					
ANTXR1	LOF	LOF	0.3542042846240385	0.39487748648140525	0.25091822889455623	DN
ANTXR2	AR					
AP1B1	AR					
AP1G1	LOF	LOF	0.3922832742301105	0.4709863900663603	0.13673033570352933	DN
AP1S2	LOF	LOF	0.1057320632384769	0.0020031987009259743	0.8922647380605971	LOF
AP3B1	LOF	LOF	0.3142331548382421	0.31231349103302974	0.37345335412872815	LOF
AP3B2	LOF	LOF	0.18823338125311903	0.25848354226801334	0.5532830764788675	LOF
AP4B1	LOF	LOF	0.013215361574336197	0.007268525178267095	0.9795161132473967	LOF
AP4E1	LOF	LOF	0.03221581354172461	0.02991538194627679	0.9378688045119986	LOF
AP4M1	AR					
AP4S1	LOF	LOF	0.05111054602238034	0.023039514496444737	0.925849939481175	LOF
APC	HI	LOF	0.19021046074903056	0.3639242603058124	0.44586527894515715	LOF
APC2	LOF	LOF	0.014698567303713364	0.4964828427651826	0.48881858993110405	DN
APOA1	LOF	LOF	0.28676297733977696	0.6143713570727755	0.09886566558744761	DN
APOB	DN	DN	0.05513763201453945	0.3745048088070978	0.5703575591783628	LOF
APOC2	LOF	LOF	0.22795110893153056	0.6198151538227956	0.15223373724567382	DN
APRT	AR					
APTX	LOF	LOF	0.054149556786614234	0.07872754954335721	0.8671228936700286	LOF
AR	DN	DN	0.11679390464918037	0.0012601337576657499	0.8819459615931539	LOF
ARCN1	LOF	LOF	0.07887713477403313	0.04404144960723138	0.8770814156187355	LOF
ARFGEF1	LOF	LOF	0.5270943606140424	0.39345681926551446	0.07944882012044302	GOF
ARFGEF2	LOF	LOF	0.19238903302720534	0.1755485733500923	0.6320623936227023	LOF
ARG1	AR					
ARHGAP31	LOF	LOF	0.44341995837724657	0.24682419635323088	0.30975584526952255	GOF
ARHGAP35	LOF	LOF	0.09943381340557003	0.052893163925339354	0.8476730226690906	LOF
ARHGDIA	AR					
ARHGEF9	LOF	LOF	0.009088217033518028	0.00011322479107268521	0.9907985581754092	LOF
ARID1A	HI	LOF	0.10544685769562254	0.2798665454342071	0.6146865968701704	LOF
ARID1B	HI	LOF	0.11761122186375121	0.26210238347389003	0.6202863946623586	LOF
ARID2	LOF	LOF	0.19430432643020942	0.02453146555174983	0.7811642080180409	LOF
ARL2BP	LOF	LOF	0.13476085740697483	0.08793871519675096	0.7773004273962743	LOF
ARL6	AR					
ARMC9	LOF	LOF	0.15252282754274268	0.227920427156549	0.6195567453007084	LOF
ARPC1B	AR					
ARSA	AR					
ARSB	AR					
ARSL	LOF	LOF	0.20422904644725187	0.24703208621577236	0.5487388673369757	LOF
ARX	LOF	LOF	0.18203679509389764	0.0028502103342228995	0.8151129945718796	LOF
ASAH1	AR					
ASL	AR					
ASNS	AR					
ASPA	AR					
ASPH	AR					
ASPM	LOF	LOF	0.04538110510826078	0.04551764362302087	0.9091012512687184	LOF
ASRGL1	LOF	LOF	0.11732697091827596	0.2681534275945986	0.6145196014871254	LOF
ASS1	AR					
ASXL1	LOF	LOF	0.09561955150850938	0.054127733939324796	0.8502527145521658	LOF
ASXL2	LOF	LOF	0.6852955783446879	0.02993981065286232	0.2847646110024497	GOF
ASXL3	LOF	LOF	0.0488364051416191	0.006650687802452108	0.9445129070559287	LOF
ATAD3A	DN	DN	0.25825778199851623	0.18832974531052465	0.5534124726909592	LOF
ATF6	LOF	LOF	0.0789903092653588	0.13595603950510296	0.7850536512295382	LOF
ATG5	AR					
ATG7	LOF	LOF	0.19059656761026897	0.2255289497704235	0.5838744826193075	LOF
ATIC	AR					
ATL1	DN	DN	0.43221605379115363	0.38473940177765276	0.18304454443119367	GOF
ATL3	DN	DN	0.3750181070236858	0.3439546965704775	0.2810271964058367	GOF
ATM	AR					
ATOH7	LOF	LOF	0.34761695243676266	0.07606158405980039	0.5763214635034369	LOF
ATP1A2	GOF	GOF	0.4934073283007732	0.4123505475760155	0.09424212412321117	GOF
ATP1A3	GOF	GOF	0.49810558938688504	0.479914658791867	0.021979751821247902	GOF
ATP2A1	AR					
ATP2A2	GOF	GOF	0.4932330468891356	0.48933205735526064	0.017434895755603738	GOF
ATP2C1	LOF	LOF	0.5079511422355308	0.4717948562321563	0.020254001532312813	GOF
ATP5F1A	AR					
ATP5F1D	AR					
ATP5F1E	AR					
ATP6V0A2	LOF	LOF	0.02157520628293035	0.013348323943888855	0.9650764697731807	LOF
ATP6V0C	LOF	LOF	0.4260336247737676	0.33455054987823357	0.23941582534799882	GOF
ATP6V1B1	AR					
ATP6V1B2	DN	DN	0.4140717621862437	0.49457825921616205	0.0913499785975942	DN
ATP6V1E1	AR					
ATP7A	LOF	LOF	0.29010804049760774	0.03637514923615517	0.673516810266237	LOF
ATP7B	AR					
ATP8A2	AR					
ATP8B1	LOF	LOF	0.4273519591379654	0.37640985754400363	0.19623818331803092	GOF
ATR	LOF	LOF	0.3980663290868598	0.24224911569471208	0.35968455521842807	GOF
ATRX	LOF	LOF	0.10098441894454037	0.07913748486991906	0.8198780961855405	LOF
ATXN7	DN	DN	0.038870199923500146	0.06413989886779851	0.8969899012087013	LOF
AUH	AR					
AURKC	AR					
AUTS2	LOF	LOF	0.0917549071444055	0.20303197218969496	0.7052131206658996	LOF
B3GALNT2	LOF	LOF	0.11249472567157681	0.04485550599732925	0.842649768331094	LOF
B3GALT6	LOF	LOF	0.03356411333397137	0.12377361371092746	0.8426622729551011	LOF
B3GAT3	AR					
B3GLCT	LOF	LOF	0.07817753485756779	0.27630817856568846	0.6455142865767438	LOF
B4GALT1	LOF	LOF	0.0776375004834996	0.22301592925640998	0.6993465702600904	LOF
B4GALT7	AR					
B9D1	LOF	LOF	0.017971248609742783	0.006941099874300335	0.9750876515159568	LOF
BAG3	HI	LOF	0.08341638339794287	0.3451561366086449	0.5714274799934121	LOF
BANF1	AR					
BAP1	LOF	LOF	0.14526094038210038	0.35275734283321714	0.5019817167846825	LOF
BARD1	LOF	LOF	0.021400109267297768	0.027159492929100304	0.9514403978036018	LOF
BBIP1	LOF	LOF	0.05416763026724087	0.02806259795534585	0.9177697717774133	LOF
BBS1	LOF	LOF	0.2147333923934336	0.11997891395089119	0.6652876936556753	LOF
BBS10	LOF	LOF	0.4394205937225323	0.07931084394167522	0.48126856233579246	LOF
BBS12	LOF	LOF	0.3294630982263305	0.13034413015685456	0.5401927716168149	LOF
BBS2	AR					
BBS4	AR					
BBS5	AR					
BBS7	AR					
BBS9	AR					
BCAP31	LOF	LOF	0.029058355231811543	0.0005849889020163846	0.970356655866172	LOF
BCAS3	LOF	LOF	0.19182942482447293	0.07788412127217437	0.7302864539033528	LOF
BCAT2	AR					
BCKDHA	AR					
BCKDHB	AR					
BCL10	AR					
BCL11A	HI	LOF	0.29827373127874923	0.34111556278035976	0.360610705940891	LOF
BCL11B	DN	DN	0.45399911967138984	0.44038890076532017	0.10561197956329003	GOF
BCOR	LOF	LOF	0.27594860592646475	0.020295557756489918	0.7037558363170453	LOF
BCS1L	AR					
BEST1	LOF	LOF	0.25662345701615075	0.3451592567937075	0.39821728619014174	LOF
BFSP1	LOF	LOF	0.6218165576237711	0.06422111195933254	0.31396233041689636	GOF
BGN	LOF	LOF	0.4173880021171813	0.2138205598913655	0.36879143799145314	GOF
BHLHA9	DN	DN	0.38255893961684273	0.037793886289866255	0.5796471740932909	LOF
BICRA	LOF	LOF	0.006021056701729906	0.059126223752399856	0.9348527195458701	LOF
BIN1	AR					
BLM	AR					
BLOC1S3	LOF	LOF	0.0970031887161225	0.1433420857097569	0.7596547255741205	LOF
BLOC1S6	LOF	LOF	0.015644198543084138	0.033131312878040865	0.951224488578875	LOF
BMP1	AR					
BMP2	LOF	LOF	0.41316397752320894	0.3915811959572187	0.19525482651957235	GOF
BMP4	LOF	LOF	0.2509802323060062	0.3401999231075926	0.40881984458640114	LOF
BMPER	LOF	LOF	0.33704978042696576	0.10826797184090334	0.554682247732131	LOF
BMPR1A	HI	LOF	0.35622021668708553	0.20212091317914932	0.4416588701337651	LOF
BMPR1B	LOF	LOF	0.447248073352271	0.3900105511883048	0.16274137545942408	GOF
BMPR2	DN	DN	0.306894873297194	0.16480779787892152	0.5282973288238846	LOF
BNC2	LOF	LOF	0.3829307420878447	0.45177594498988194	0.16529331292227337	DN
BOLA3	AR					
BPGM	AR					
BPNT2	LOF	LOF	0.002056838947285048	0.006904707186408523	0.9910384538663063	LOF
BPTF	LOF	LOF	0.22203625810432637	0.030889183191101458	0.7470745587045722	LOF
BRAF	GOF	GOF	0.5175584081325767	0.45693863480944064	0.025502957057982615	GOF
BRAT1	LOF	LOF	0.2870091668141054	0.25363142361732516	0.4593594095685696	LOF
BRCA1	AR					
BRCA2	LOF	LOF	0.08049775101318946	0.10372688316918845	0.815775365817622	LOF
BRD4	LOF	LOF	0.1680381049905908	0.18292108368271132	0.649040811326698	LOF
BRF1	LOF	LOF	0.03897725421243474	0.1314834935557836	0.8295392522317816	LOF
BRIP1	LOF	LOF	0.1372366361314522	0.023202974510553608	0.8395603893579943	LOF
BRPF1	LOF	LOF	0.3441942510995719	0.29110342206648476	0.3647023268339434	LOF
BRSK2	LOF	LOF	0.23736863387922405	0.08594329915091248	0.6766880669698634	LOF
BRWD3	LOF	LOF	0.05587932734486928	0.017171196366992925	0.9269494762881378	LOF
BSCL2	LOF	LOF	0.15082612247209384	0.18100956928317366	0.6681643082447325	LOF
BSND	LOF	LOF	0.27262381188602985	0.31165727755974726	0.4157189105542229	LOF
BTD	LOF	LOF	0.4004422060486438	0.23268136810951878	0.36687642584183755	GOF
BUB1B	LOF	LOF	0.04785549837135184	0.03845507972901457	0.9136894218996336	LOF
C12ORF65	AR					
C19ORF12	LOF	LOF	0.0012212509881096409	0.0008960614682391095	0.9978826875436512	LOF
C1QA	AR					
C1QB	AR					
C1QBP	AR					
C1QC	AR					
C1R	GOF	GOF	0.37209757222800693	0.49458655213794617	0.133315875634047	DN
C1S	GOF	GOF	0.2377132297162252	0.495177052949364	0.26710971733441086	DN
C2CD3	LOF	LOF	0.360156196275667	0.29422352448196554	0.34562027924236755	GOF
C3	AR					
CA12	AR					
CA2	AR					
CA5A	LOF	LOF	0.3694909765113685	0.32559717159787815	0.30491185189075337	GOF
CA8	AR					
CABP2	LOF	LOF	0.508838355964079	0.26091393959948705	0.23024770443643391	GOF
CABP4	LOF	LOF	0.2984750955812547	0.17600572979182405	0.5255191746269213	LOF
CACNA1A	GOF	GOF	0.5255471647157454	0.31590300386224024	0.15854983142201437	GOF
CACNA1B	LOF	LOF	0.11627016419725063	0.07753278330208915	0.8061970525006602	LOF
CACNA1C	GOF	GOF	0.41008459641222683	0.4698424214047299	0.12007298218304328	DN
CACNA1D	LOF	LOF	0.48433633875797955	0.4832797034049075	0.03238395783711296	GOF
CACNA1E	GOF	GOF	0.4223873265213204	0.4445610005105412	0.13305167296813844	DN
CACNA1F	LOF	LOF	0.43422052513736875	0.1884473061867681	0.37733216867586306	GOF
CACNA1G	GOF	GOF	0.4851684220637311	0.453913692095469	0.06091788584079991	GOF
CACNA2D4	LOF	LOF	0.0334516771365116	0.04268278770077826	0.9238655351627101	LOF
CAD	AR					
CALM3	DN	DN	0.5590042497937764	0.42064752922519966	0.020348220981023863	GOF
CAMK2A	LOF	LOF	0.47599092090984374	0.49163321884599315	0.03237586024416316	DN
CAMK2B	LOF	LOF	0.4768640545919858	0.480020969631158	0.04311497577685619	DN
CAMTA1	LOF	LOF	0.22387989654233426	0.21402938310295938	0.5620907203547064	LOF
CANT1	AR					
CAPN1	AR					
CAPN15	LOF	LOF	0.027044246009048006	0.18558966484030745	0.7873660891506445	LOF
CAPN5	GOF	GOF	0.4059333828525346	0.3099555879863524	0.28411102916111297	GOF
CARD14	GOF	GOF	0.43763119621319274	0.17739209110806298	0.38497671267874417	GOF
CARD9	AR					
CARS1	LOF	LOF	0.00500771368738309	0.01908591638131282	0.9759063699313041	LOF
CARS2	LOF	LOF	0.04246654787993835	0.09565120749688323	0.8618822446231785	LOF
CASK	LOF	LOF	0.41943404116131455	0.1459848233227075	0.43458113551597805	LOF
CASP10	DN	DN	0.0437227505383792	0.0728847250773372	0.8833925243842837	LOF
CASQ2	AR					
CBL	GOF	GOF	0.4462430393112457	0.15158303409429946	0.4021739265944547	GOF
CBLIF	AR					
CBS	AR					
CC2D1A	LOF	LOF	0.05004031732102696	0.0723604449489465	0.8775992377300265	LOF
CC2D2A	LOF	LOF	0.16351215202096178	0.1167116971485253	0.719776150830513	LOF
CCBE1	LOF	LOF	0.30435012116814697	0.13296090609578606	0.562688972736067	LOF
CCDC32	LOF	LOF	0.00642460458458393	0.013528459137848581	0.9800469362775676	LOF
CCDC39	LOF	LOF	0.021347412928622925	0.014515020614257093	0.9641375664571201	LOF
CCDC40	LOF	LOF	0.33919545297982606	0.20375102779513293	0.45705351922504095	LOF
CCDC47	LOF	LOF	0.00880865731331852	0.029580276856276712	0.9616110658304049	LOF
CCDC8	LOF	LOF	0.0477724651819869	0.03257613618646377	0.9196513986315494	LOF
CCDC88C	LOF	LOF	0.059324111456337196	0.15721907143746702	0.7834568171061959	LOF
CCM2	LOF	LOF	0.3038565997906296	0.32047517976307305	0.3756682204462972	LOF
CCND2	GOF	GOF	0.4075604943729715	0.48418710057885134	0.10825240504817728	DN
CCNO	LOF	LOF	0.4888449942568359	0.1398939807119844	0.37126102503117975	GOF
CCNQ	LOF	LOF	0.0020062042197409808	2.6868872110433092e-05	0.9979669269081485	LOF
CD151	LOF	LOF	0.18184077387634462	0.35638979174588126	0.4617694343777742	LOF
CD19	AR					
CD247	AR					
CD27	AR					
CD36	AR					
CD40	AR					
CD55	AR					
CD59	AR					
CD79B	AR					
CD8A	AR					
CDC14A	LOF	LOF	0.20969284204461	0.2381326604151882	0.5521744975402018	LOF
CDC42	GOF	GOF	0.41888110751575247	0.4970551960928156	0.084063696391432	DN
CDC45	LOF	LOF	0.26130503727057613	0.15211544768348537	0.5865795150459385	LOF
CDC6	LOF	LOF	0.16083076770481497	0.13937752805721834	0.6997917042379665	LOF
CDC73	LOF	LOF	0.17301447385103988	0.20744724909047943	0.6195382770584806	LOF
CDH1	HI	LOF	0.2591221290708652	0.5367901432243236	0.2040877277048113	DN
CDH23	LOF	LOF	0.463005286406924	0.16524332139513276	0.3717513921979434	GOF
CDH3	AR					
CDHR1	LOF	LOF	0.3741117218850325	0.3045347557106707	0.32135352240429677	GOF
CDK19	DN	DN	0.41204488152120655	0.3426821107681285	0.2452730077106649	GOF
CDK4	GOF	GOF	0.5227235255858435	0.21197965932326127	0.26529681509089525	GOF
CDK5RAP2	AR					
CDK6	AR					
CDKL5	LOF	LOF	0.10580025788409347	0.11384135091773252	0.780358391198174	LOF
CDKN1B	LOF	LOF	0.013559821153817845	0.00931501079171037	0.9771251680544718	LOF
CDKN1C	LOF	LOF	0.10606695992874368	0.0473640861918223	0.8465689538794341	LOF
CDKN2A	LOF	LOF	0.04548822212362673	0.06863318631730801	0.8858785915590652	LOF
CDT1	AR					
CEBPA	LOF	LOF	0.5897419577035743	0.2380049705643098	0.172253071732116	GOF
CELF2	LOF	LOF	0.1053398974740911	0.22693331254714907	0.6677267899787598	LOF
CENPE	AR					
CENPF	LOF	LOF	0.1396249786792467	0.21846015647725825	0.6419148648434949	LOF
CEP104	LOF	LOF	0.09038661018324731	0.06332461470522067	0.8462887751115319	LOF
CEP120	AR					
CEP135	LOF	LOF	0.057239735831430195	0.05632563802055329	0.8864346261480165	LOF
CEP152	LOF	LOF	0.23218986438535325	0.10805542847353015	0.6597547071411166	LOF
CEP164	LOF	LOF	0.020314694027696034	0.005765532106542401	0.9739197738657617	LOF
CEP290	LOF	LOF	0.10638616911909089	0.06619001388954553	0.8274238169913635	LOF
CEP41	LOF	LOF	0.021223579219805347	0.06497412756895854	0.9138022932112361	LOF
CEP57	LOF	LOF	0.03496230003547191	0.04611463152619236	0.9189230684383357	LOF
CEP63	LOF	LOF	0.061157415221954635	0.03842045079861489	0.9004221339794305	LOF
CEP78	LOF	LOF	0.022393348326374584	0.013064972236371231	0.9645416794372542	LOF
CEP83	LOF	LOF	0.007087309717297631	0.008130492520090965	0.9847821977626114	LOF
CEP85L	LOF	LOF	0.0844689911679415	0.20932565064922803	0.7062053581828305	LOF
CERKL	LOF	LOF	0.3614012541138222	0.21846145376252518	0.4201372921236526	LOF
CERT1	GOF	GOF	0.4803455326007484	0.36062941141747773	0.1590250559817739	GOF
CFAP298	LOF	LOF	0.11933143380423782	0.3144393030064574	0.5662292631893048	LOF
CFAP300	LOF	LOF	0.14689813133682184	0.15001641098783725	0.7030854576753409	LOF
CFAP410	LOF	LOF	0.005142202346341067	0.010055497491694015	0.9848023001619649	LOF
CFAP418	LOF	LOF	0.008887467370053345	0.0025097226238078624	0.9886028100061388	LOF
CFB	AR					
CFC1	LOF	LOF	0.5470306453227467	0.34298784282576694	0.10998151185148633	GOF
CFI	AR					
CFL2	AR					
CFTR	AR					
CHAMP1	LOF	LOF	0.005699148453550381	0.09386734862399168	0.9004335029224579	LOF
CHAT	AR					
CHD1	LOF	LOF	0.48764452737284664	0.4096373520218191	0.10271812060533429	GOF
CHD2	LOF	LOF	0.25771503154574726	0.39387406850288975	0.34841089995136293	DN
CHD4	LOF	LOF	0.5707007040349755	0.3815617523260983	0.047737543638926204	GOF
CHD7	HI	LOF	0.4618073233972591	0.33332381086009727	0.20486886574264374	GOF
CHD8	LOF	LOF	0.510273393446223	0.2751242062943358	0.21460240025944113	GOF
CHEK2	LOF	LOF	0.08573093677436681	0.07764668468355566	0.8366223785420775	LOF
CHKB	AR					
CHM	LOF	LOF	0.07458856761520379	0.00015293750644700097	0.9252584948783492	LOF
CHMP1A	LOF	LOF	0.014226269078104379	0.02205578416527127	0.9637179467566243	LOF
CHN1	GOF	GOF	0.5222712674660784	0.20094233914195492	0.27678639339196665	GOF
CHRDL1	LOF	LOF	0.22509377403455832	0.03135163318764154	0.7435545927778001	LOF
CHRNA1	LOF	LOF	0.42176270820501804	0.4312334622651553	0.1470038295298266	DN
CHRNA3	LOF	LOF	0.41372661495177215	0.2523926525959039	0.3338807324523239	GOF
CHRNA4	GOF	GOF	0.6792064026202352	0.2549592182072085	0.06583437917255623	GOF
CHRNB1	LOF	LOF	0.5182841879376427	0.33491691163852266	0.14679890042383442	GOF
CHRNB2	GOF	GOF	0.548677868714772	0.2775651563751713	0.17375697491005665	GOF
CHRNG	LOF	LOF	0.4659750681357805	0.3850270450990755	0.14899788676514408	GOF
CHST14	LOF	LOF	0.20353467053244848	0.16891593499882518	0.6275493944687264	LOF
CHST3	LOF	LOF	0.2623820284253955	0.17037870920355422	0.5672392623710504	LOF
CHSY1	LOF	LOF	0.08777363055864933	0.24051141887545932	0.6717149505658914	LOF
CHUK	LOF	LOF	0.21550150111602293	0.13202942447766508	0.6524690744063121	LOF
CIB2	LOF	LOF	0.6378781191462445	0.18670498058144946	0.17541690027230614	GOF
CIC	LOF	LOF	0.1293488632929354	0.379257455749899	0.49139368095716557	LOF
CISD2	LOF	LOF	0.2580425284876609	0.5139135037592669	0.2280439677530722	DN
CKAP2L	LOF	LOF	0.13095198490232599	0.223079460106459	0.6459685549912151	LOF
CLCN2	LOF	LOF	0.36555793523154456	0.27418994528115215	0.36025211948730335	GOF
CLCN7	LOF	LOF	0.41891585012587995	0.21086752166390146	0.37021662821021856	GOF
CLCNKB	LOF	LOF	0.2691791525262535	0.24288309362626248	0.48793775384748395	LOF
CLDN1	LOF	LOF	0.018578781103475574	0.04554665516990344	0.9358745637266209	LOF
CLDN14	LOF	LOF	0.2968763967333281	0.2787707942170704	0.4243528090496015	LOF
CLDN19	AR					
CLMP	LOF	LOF	0.25026231975556745	0.19432266517996122	0.5554150150644712	LOF
CLN3	LOF	LOF	0.17787851308878982	0.1363437367793798	0.6857777501318305	LOF
CLN5	LOF	LOF	0.21556044463103013	0.17759977381165082	0.606839781557319	LOF
CLN6	LOF	LOF	0.12497504925627463	0.27933014220083097	0.5956948085428945	LOF
CLN8	LOF	LOF	0.08820730012316844	0.27468620699965335	0.6371064928771784	LOF
CLPB	LOF	LOF	0.1485931299171841	0.3115180791383358	0.5398887909444801	LOF
CLPP	AR					
CLRN1	LOF	LOF	0.04830293050832434	0.2337611724180151	0.7179358970736606	LOF
CLTC	LOF	LOF	0.5405958959841516	0.36038351516162936	0.09902058885421906	GOF
CNBP	DN	DN	0.32359605090719545	0.3946604176025778	0.2817435314902268	DN
CNGA1	LOF	LOF	0.33066802410320245	0.34689230388363634	0.32243967201316115	DN
CNGA3	GOF	GOF	0.4279960227039122	0.20027119497182694	0.37173278232426094	GOF
CNGB1	LOF	LOF	0.2900828401013432	0.3589293699166184	0.3509877899820384	DN
CNGB3	LOF	LOF	0.2909092067282097	0.24640918464430117	0.46268160862748914	LOF
CNKSR2	LOF	LOF	0.1356503842324943	0.017362588827584152	0.8469870269399216	LOF
CNNM2	LOF	LOF	0.47712673266648803	0.40559594641846625	0.11727732091504575	GOF
CNNM4	AR					
CNOT2	LOF	LOF	0.03842127253611913	0.05903482283546161	0.9025439046284193	LOF
CNOT3	LOF	LOF	0.6402305697471145	0.2813627240064276	0.07840670624645796	GOF
CNPY3	LOF	LOF	0.18733125891499652	0.2680013661177558	0.5446673749672478	LOF
CNTNAP1	LOF	LOF	0.4437671336653314	0.4578201464167486	0.09841271991791993	DN
CNTNAP2	LOF	LOF	0.004352938966458472	0.009275782878998115	0.9863712781545435	LOF
COA8	LOF	LOF	0.07935022703704679	0.15556892036699352	0.7650808525959597	LOF
COASY	AR					
COG1	LOF	LOF	0.0647202073578951	0.08719313159769077	0.8480866610444141	LOF
COG4	LOF	LOF	0.03821832051353247	0.07327599238747667	0.8885056870989909	LOF
COG5	LOF	LOF	0.040890636366008946	0.10628606198809815	0.8528233016458929	LOF
COG7	LOF	LOF	0.05127681504995679	0.05378125916828961	0.8949419257817537	LOF
COG8	LOF	LOF	0.013917117287686739	0.009164361298556075	0.9769185214137571	LOF
COL10A1	DN	DN	0.19387122779707452	0.44197910855606803	0.36414966364685747	DN
COL11A1	LOF	LOF	0.32477708831605945	0.41344070014629264	0.26178221153764786	DN
COL11A2	DN	DN	0.36850720606297466	0.431553068953709	0.19993972498331639	DN
COL13A1	LOF	LOF	0.10417332090702618	0.2145148746123404	0.6813118044806334	LOF
COL17A1	LOF	LOF	0.1678849659577753	0.560133483996891	0.27198155004533386	DN
COL18A1	LOF	LOF	0.03459749559424299	0.2768767405889981	0.688525763816759	LOF
COL1A1	HI	LOF	0.39161652876000236	0.4117847404488221	0.19659873079117557	DN
COL1A2	LOF	LOF	0.5222812087780875	0.4734928850924108	0.004225906129501792	GOF
COL25A1	LOF	LOF	0.26372698780075193	0.3887283601965679	0.34754465200268014	DN
COL27A1	LOF	LOF	0.355178676656417	0.4202964916227639	0.22452483172081908	DN
COL2A1	DN	DN	0.3672625873915865	0.37926301102062987	0.25347440158778356	DN
COL3A1	DN	DN	0.36897852440374224	0.40287329465954497	0.2281481809367127	DN
COL4A1	DN	DN	0.5000913322733264	0.42792335783973623	0.0719853098869374	GOF
COL4A3	LOF	LOF	0.1484953292520777	0.30216898866135833	0.549335682086564	LOF
COL4A4	LOF	LOF	0.4213482330411437	0.3842322948289657	0.19441947212989055	GOF
COL4A5	LOF	LOF	0.22698242163502771	0.08873848810144001	0.6842790902635322	LOF
COL5A1	LOF	LOF	0.36115103130143644	0.4006569348559207	0.23819203384264284	DN
COL5A2	DN	DN	0.535999301563639	0.457225731987365	0.0067749664489959935	GOF
COL6A2	LOF	LOF	0.4192004966967751	0.4924260197633818	0.088373483539843	DN
COL6A3	LOF	LOF	0.30628506024263386	0.5442498178107886	0.14946512194657746	DN
COL7A1	LOF	LOF	0.1603250163583444	0.539380065928	0.30029491771365563	DN
COL9A1	LOF	LOF	0.7149758422535736	0.09059852135602527	0.19442563639040114	GOF
COL9A2	LOF	LOF	0.2752817355814599	0.022964455762486815	0.7017538086560533	LOF
COL9A3	DN	DN	0.008637902088592362	0.0431776516721094	0.9481844462392982	LOF
COLEC10	LOF	LOF	0.40414116428828495	0.27957799137316847	0.31628084433854664	GOF
COLEC11	AR					
COMP	DN	DN	0.34727540547383945	0.5180964982452971	0.1346280962808635	DN
COPB2	LOF	LOF	0.31125441572098905	0.38504429224636866	0.3037012920326423	DN
COQ2	LOF	LOF	0.050531312231762535	0.17576491976383468	0.7737037680044029	LOF
COQ4	LOF	LOF	0.3090679455250924	0.09236367115658203	0.5985683833183256	LOF
COQ8A	AR					
COQ9	LOF	LOF	0.231790493069267	0.3983917601567604	0.3698177467739725	DN
CORO1A	AR					
COX15	LOF	LOF	0.16206144279043738	0.1198019866362078	0.7181365705733549	LOF
COX16	LOF	LOF	0.15474538773570728	0.06120099227580685	0.7840536199884859	LOF
COX4I1	AR					
COX6B1	AR					
COX7B	LOF	LOF	0.01638584613079965	0.0010967780492254016	0.982517375819975	LOF
CP	AR					
CPAMD8	LOF	LOF	0.29575035392435534	0.41527495149785737	0.28897469457778724	DN
CPAP	LOF	LOF	0.0013452043561527716	0.0009354251283242983	0.997719370515523	LOF
CPLANE1	LOF	LOF	0.06445779309698366	0.02224093863180077	0.9133012682712156	LOF
CPS1	AR					
CRADD	AR					
CRAT	AR					
CRB1	LOF	LOF	0.21526332378623644	0.4550339457047121	0.3297027305090514	DN
CRB2	LOF	LOF	0.2800041054057277	0.3136961121089386	0.40629978248533377	LOF
CRBN	AR					
CREBBP	HI	LOF	0.3371822886101074	0.1940459214373893	0.46877178995250324	LOF
CRLF1	LOF	LOF	0.4286821430164346	0.2084392208804495	0.36287863610311594	GOF
CRPPA	AR					
CRX	LOF	LOF	0.26802890361214005	0.5523779003496472	0.1795931960382128	DN
CRYAA	LOF	LOF	0.3772517732057988	0.3177103949313608	0.3050378318628404	GOF
CRYAB	DN	DN	0.3720885662369663	0.47141092238801807	0.15650051137501567	DN
CRYBA1	LOF	LOF	0.5417314553885162	0.4107477191007228	0.047520825510761026	GOF
CRYBB1	LOF	LOF	0.12239229697843275	0.3602023616977775	0.5174053413237897	LOF
CRYBB2	LOF	LOF	0.5088515320495253	0.4602437856968594	0.03090468225361546	GOF
CRYGC	LOF	LOF	0.5349981238963222	0.4377280229729139	0.027273853130763803	GOF
CRYGD	LOF	LOF	0.3223293655112126	0.41789761667868963	0.2597730178100979	DN
CRYGS	LOF	LOF	0.32546517260851204	0.4933470770027467	0.18118775038874105	DN
CSF1R	LOF	LOF	0.4726407454547236	0.48097966931922154	0.0463795852260549	DN
CSF2RB	AR					
CSF3R	AR					
CSNK2A1	GOF	GOF	0.4514009246575022	0.28082845689953156	0.2677706184429662	GOF
CSNK2B	LOF	LOF	0.3800342088643048	0.48617725862673816	0.13378853250895714	DN
CSPP1	LOF	LOF	0.01692819952963005	0.007820580763275655	0.9752512197070944	LOF
CSRP3	LOF	LOF	0.32615260485808484	0.3700668239528535	0.3037805711890616	DN
CSTA	LOF	LOF	0.12293284124762895	0.3948223913846072	0.482244767367764	LOF
CSTB	AR					
CTBP1	LOF	LOF	0.19801462641063314	0.24667779388681524	0.5553075797025517	LOF
CTC1	AR					
CTCF	LOF	LOF	0.4305180325971172	0.3445181740817979	0.2249637933210849	GOF
CTDP1	LOF	LOF	0.0855654356956414	0.0774066549996531	0.8370279093047054	LOF
CTH	AR					
CTNNA2	LOF	LOF	0.40772384139610185	0.4228445126927706	0.16943164591112767	DN
CTNNB1	LOF	LOF	0.29253309352457896	0.3007885219255905	0.4066783845498305	LOF
CTNND1	LOF	LOF	0.4381938549265044	0.4324738701276761	0.12933227494581953	GOF
CTNND2	LOF	LOF	0.15655445327584713	0.13724809815008412	0.7061974485740687	LOF
CTNS	LOF	LOF	0.030080560744044367	0.09002236315360314	0.8798970761023525	LOF
CTSA	AR					
CTSC	AR					
CTSD	AR					
CTSF	AR					
CTSK	AR					
CTU2	LOF	LOF	0.006957510196471096	0.04186606352809558	0.9511764262754332	LOF
CUBN	AR					
CUL3	LOF	LOF	0.47828855502495815	0.48728494804680195	0.034426496928239854	DN
CUL4B	LOF	LOF	0.03285534019134263	0.00035916297577772647	0.9667854968328796	LOF
CUL7	LOF	LOF	0.10813151077895476	0.0533650795250998	0.8385034096959455	LOF
CWC27	LOF	LOF	0.1804203260319867	0.14370328441806587	0.6758763895499474	LOF
CXCR4	DN	DN	0.38862962236587256	0.4425548812189603	0.16881549641516713	DN
CYB5A	AR					
CYB5R3	AR					
CYBA	AR					
CYBB	LOF	LOF	0.18199075660068983	0.07175315236939908	0.746256091029911	LOF
CYC1	AR					
CYFIP2	GOF	GOF	0.49510534051808924	0.47551547687848217	0.029379182603428602	GOF
CYLD	LOF	LOF	0.43290319318614207	0.320491126998201	0.24660567981565706	GOF
CYP11B2	AR					
CYP17A1	AR					
CYP1B1	AR					
CYP21A2	AR					
CYP24A1	AR					
CYP27A1	LOF	LOF	0.21883134923115174	0.4222050685876447	0.3589635821812035	DN
CYP2R1	AR					
CYP2U1	LOF	LOF	0.23427989030025093	0.3614072846804724	0.40431282501927673	LOF
CYP4V2	LOF	LOF	0.2790710922247286	0.2677241770131202	0.45320473076215123	LOF
D2HGDH	AR					
DAG1	AR					
DARS2	AR					
DBH	AR					
DBT	AR					
DCAF17	LOF	LOF	0.1378554182462485	0.07879730422324074	0.7833472775305107	LOF
DCC	LOF	LOF	0.38946550415144976	0.5153695484623425	0.09516494738620777	DN
DCDC2	LOF	LOF	0.07974925727767289	0.36873010708691406	0.551520635635413	LOF
DCHS1	LOF	LOF	0.3059824479703192	0.2999937123068333	0.39402383972284744	LOF
DCLRE1C	AR					
DCN	DN	DN	0.06601855875643245	0.20723008360009507	0.7267513576434725	LOF
DCPS	AR					
DCX	LOF	LOF	0.11766157569929453	0.05805510570553905	0.8242833185951663	LOF
DDB2	LOF	LOF	0.11094153467815931	0.1884432549098383	0.7006152104120025	LOF
DDC	AR					
DDHD1	LOF	LOF	0.11307632300225437	0.17857456785398274	0.7083491091437629	LOF
DDHD2	LOF	LOF	0.29166966244172515	0.18491635546413537	0.5234139820941396	LOF
DDOST	AR					
DDX11	LOF	LOF	0.14849384832196935	0.05841438279986585	0.7930917688781647	LOF
DDX3X	LOF	LOF	0.028240160573055575	0.17245227069864205	0.7993075687283023	LOF
DDX41	LOF	LOF	0.06874531679960172	0.2504088129677152	0.6808458702326831	LOF
DEAF1	DN	DN	0.37926476849624574	0.3151814681988012	0.30555376330495304	GOF
DEGS1	LOF	LOF	0.33708500034856764	0.3900186133696989	0.2728963862817334	DN
DENND5A	LOF	LOF	0.17567549508472238	0.03875736602282175	0.7855671388924558	LOF
DEPDC5	LOF	LOF	0.1834672263355499	0.016733674727770834	0.7997990989366793	LOF
DGAT1	AR					
DGUOK	AR					
DHCR24	LOF	LOF	0.2936916630046396	0.40463338993689596	0.3016749470584644	DN
DHCR7	LOF	LOF	0.12935653794201038	0.2098723636032982	0.6607710984546914	LOF
DHFR	AR					
DHH	AR					
DHODH	AR					
DHTKD1	LOF	LOF	0.07959153338432719	0.20089234828572342	0.7195161183299493	LOF
DICER1	HI	LOF	0.2771943752556053	0.15986430395802978	0.5629413207863648	LOF
DIS3L2	AR					
DKC1	LOF	LOF	0.08951954990751178	0.0969306502790028	0.8135497998134855	LOF
DLAT	AR					
DLD	AR					
DLG3	LOF	LOF	0.07867305228131978	0.007066745640445222	0.914260202078235	LOF
DLG4	LOF	LOF	0.16677592038181915	0.40158740508472124	0.43163667453345955	LOF
DLL3	LOF	LOF	0.13211865996024386	0.16682850699900917	0.701052833040747	LOF
DLL4	LOF	LOF	0.4528986009115918	0.36320479490497654	0.1838966041834318	GOF
DMD	LOF	LOF	0.23717152268281705	0.0008890983610775795	0.7619393789561054	LOF
DMGDH	AR					
DMP1	LOF	LOF	0.11960025761019352	0.11075507605831994	0.7696446663314865	LOF
DMPK	DN	DN	0.0064271748979445095	0.025905588108202177	0.9676672369938534	LOF
DNAAF11	LOF	LOF	0.005990752765544079	0.019264137174544883	0.974745110059911	LOF
DNAAF19	LOF	LOF	0.0005927161415319494	2.8972742995614906e-05	0.9993783111154725	LOF
DNAAF3	LOF	LOF	0.12629899268855352	0.3757730304859306	0.4979279768255159	LOF
DNAAF4	LOF	LOF	0.009063806165740474	0.020343870813263165	0.9705923230209964	LOF
DNAAF6	LOF	LOF	0.0016563879229724468	4.9149996868585664e-05	0.998294462080159	LOF
DNAH5	LOF	LOF	0.15808867452940686	0.20066969259684403	0.6412416328737491	LOF
DNAH9	LOF	LOF	0.28087319472158323	0.2948057727358125	0.42432103254260434	LOF
DNAJB2	AR					
DNAJB6	DN	DN	0.5741419612841531	0.17366721508404923	0.25219082363179773	GOF
DNAJC12	AR					
DNAJC6	AR					
DNM1	DN	DN	0.4788048559703781	0.4712316029684416	0.04996354106118028	GOF
DNM1L	DN	DN	0.5188554507360531	0.4368748380539406	0.04426971121000628	GOF
DNMT3A	GOF	GOF	0.3293844583184198	0.1449573430543696	0.5256581986272105	LOF
DNMT3B	AR					
DOCK2	LOF	LOF	0.3641929091466357	0.49987884349824285	0.1359282473551215	DN
DOCK6	LOF	LOF	0.3555165514448534	0.25385882912330715	0.39062461943183946	LOF
DOCK7	LOF	LOF	0.2653683167956695	0.13923472672387113	0.5953969564804594	LOF
DOCK8	AR					
DOK7	AR					
DOLK	LOF	LOF	0.09164905925038715	0.047136220222508206	0.8612147205271047	LOF
DPAGT1	AR					
DPF2	DN	DN	0.3728185165852856	0.42359664260117313	0.20358484081354125	DN
DPM1	LOF	LOF	0.10984942878219604	0.08416294615929279	0.8059876250585112	LOF
DPM3	LOF	LOF	0.07981756842724706	0.23039738440238666	0.6897850471703663	LOF
DPYD	AR					
DPYS	AR					
DRAM2	LOF	LOF	0.33404183004377713	0.2607467067656526	0.40521146319057016	LOF
DRC1	LOF	LOF	0.018304005234412973	0.03111957686010105	0.9505764179054859	LOF
DRC2	LOF	LOF	0.0023164144264683608	0.00042205538267537474	0.9972615301908562	LOF
DRC4	LOF	LOF	0.0022761201580225624	0.00038540878576223507	0.9973384710562151	LOF
DSE	AR					
DSG1	LOF	LOF	0.20521509484799327	0.4672531973315432	0.3275317078204635	DN
DSG4	LOF	LOF	0.30777586293747977	0.12863847811824394	0.5635856589442763	LOF
DSP	LOF	LOF	0.2755810002394748	0.5698019884196128	0.15461701134091246	DN
DSPP	LOF	LOF	0.31380085302754884	0.002052589522364716	0.6841465574500865	LOF
DSTYK	LOF	LOF	0.2516582375666604	0.10977538533845253	0.6385663770948871	LOF
DTNBP1	LOF	LOF	0.10903610819148832	0.2318925580820254	0.6590713337264863	LOF
DUOX2	AR					
DVL1	GOF	GOF	0.02677590708835459	0.18403287134638685	0.7891912215652586	LOF
DVL3	DN	DN	0.1746181994254856	0.1114275297239919	0.7139542708505224	LOF
DYM	LOF	LOF	0.10049569966364386	0.09628964178970889	0.8032146585466472	LOF
DYNC1I2	LOF	LOF	0.33470423430096163	0.2937059118608193	0.3715898538382192	LOF
DYNC2H1	LOF	LOF	0.4444198760523523	0.2576886608159836	0.2978914631316641	GOF
DYNC2I1	LOF	LOF	0.0004815215299958128	0.00039282063383376536	0.9991256578361704	LOF
DYRK1A	LOF	LOF	0.32944491972754436	0.32333057196127074	0.3472245083111849	LOF
DYSF	AR					
EBF3	LOF	LOF	0.3497805923570399	0.3241150458966221	0.32610436174633806	GOF
EBP	LOF	LOF	0.19868189216615634	0.11472066768310177	0.686597440150742	LOF
ECEL1	LOF	LOF	0.3061506837704234	0.26790898512292644	0.4259403311066501	LOF
ECHS1	AR					
ECM1	LOF	LOF	0.13775227819750183	0.40425676540266847	0.45799095639982984	LOF
EDA	LOF	LOF	0.10213314482790489	0.04795731557762634	0.8499095395944689	LOF
EDAR	LOF	LOF	0.36266154534451717	0.26639696500635857	0.3709414896491243	LOF
EDC3	AR					
EDEM3	LOF	LOF	0.19210487108024188	0.18704518079380264	0.6208499481259555	LOF
EDN1	LOF	LOF	0.28226431151130704	0.23759549783138828	0.4801401906573048	LOF
EDN3	LOF	LOF	0.36565519043392686	0.289894345376993	0.3444504641890801	GOF
EDNRA	GOF	GOF	0.4717295202376661	0.4543785134102079	0.07389196635212596	GOF
EDNRB	LOF	LOF	0.39452103504943425	0.2611856347127312	0.3442933302378345	GOF
EEF1A2	GOF	GOF	0.5027078967703983	0.49012095042198867	0.007171152807613112	GOF
EFEMP2	AR					
EFL1	AR					
EFNB1	LOF	LOF	0.011366746395935493	0.00014275928109353965	0.9884904943229709	LOF
EFTUD2	HI	LOF	0.2716387561516121	0.3790771670390945	0.34928407680929335	DN
EGFR	GOF	GOF	0.6156735865901946	0.3536823771361637	0.030644036273641925	GOF
EGLN1	GOF	GOF	0.30096739238887626	0.34329569064569804	0.35573691696542564	LOF
EGR2	LOF	LOF	0.5972794148325066	0.35823627958092247	0.04448430558657102	GOF
EHMT1	HI	LOF	0.4113493049720374	0.49956866752904217	0.08908202749892037	DN
EIF2AK3	AR					
EIF2AK4	AR					
EIF2B1	AR					
EIF2B2	AR					
EIF2B3	AR					
EIF2B4	AR					
EIF2B5	AR					
EIF2S3	LOF	LOF	0.2729476938358929	0.1665483206097017	0.5605039855544053	LOF
EIF3F	AR					
EIF4A3	AR					
EIF5A	LOF	LOF	0.38076221447074743	0.49373605969081363	0.1255017258384389	DN
ELAC2	LOF	LOF	0.1049482534171679	0.2139170589850513	0.6811346875977808	LOF
ELANE	DN	DN	0.30534424007502065	0.38272687959183815	0.3119288803331412	DN
ELMO2	LOF	LOF	0.41588036808948237	0.295293861397562	0.2888257705129556	GOF
ELN	LOF	LOF	0.00975798480634603	0.01938738897416253	0.9708546262194914	LOF
ELOVL4	LOF	LOF	0.343555748089411	0.2800656863008768	0.3763785656097122	LOF
ELP1	LOF	LOF	0.04979008042825963	0.16096406699778665	0.7892458525739537	LOF
ELP4	LOF	LOF	0.09074264332356247	0.09892173448395968	0.8103356221924779	LOF
EMC1	AR					
EMC10	LOF	LOF	0.09572417907406168	0.24265486132798386	0.6616209595979545	LOF
EMG1	AR					
EML1	AR					
ENG	HI	LOF	0.07378215811218788	0.35925833099110926	0.5669595108967027	LOF
ENO3	AR					
ENPP1	LOF	LOF	0.12962559100344945	0.2651122061197748	0.6052622028767758	LOF
EOGT	LOF	LOF	0.1539638494579322	0.21888023321296418	0.6271559173291035	LOF
EP300	HI	LOF	0.3354893471771416	0.19261373336202264	0.4718969194608359	LOF
EPCAM	AR					
EPG5	LOF	LOF	0.1319454311595633	0.07780148791816768	0.790253080922269	LOF
EPHA2	LOF	LOF	0.4442359949775229	0.4037443702703095	0.1520196347521676	GOF
EPHB2	AR					
EPHB4	LOF	LOF	0.49415007412784545	0.3611908283409685	0.14465909753118597	GOF
EPRS1	LOF	LOF	0.09496682041530287	0.41687765660284465	0.48815552298185244	LOF
ERBB3	AR					
ERCC1	AR					
ERCC2	AR					
ERCC3	AR					
ERCC4	AR					
ERCC5	AR					
ERCC6	LOF	LOF	0.2534327522942811	0.13546561636689644	0.6111016313388226	LOF
ERCC6L2	LOF	LOF	0.01303075428275449	0.008780843584489224	0.9781884021327563	LOF
ERCC8	AR					
ERF	LOF	LOF	0.24337852010494743	0.33084698480497304	0.4257744950900796	LOF
ESCO2	AR					
ESPN	LOF	LOF	0.2423331951066147	0.0961051480786602	0.661561656814725	LOF
ESR1	AR					
ESR2	DN	DN	0.1605181649689334	0.28432986667982624	0.5551519683512404	LOF
ESRRB	AR					
ETFA	AR					
ETFB	AR					
ETFDH	AR					
ETHE1	AR					
ETV6	DN	DN	0.1822868578090385	0.3351937414598776	0.4825194007310839	LOF
EVC	LOF	LOF	0.003527651372156252	0.003301822420429251	0.9931705262074145	LOF
EVC2	LOF	LOF	0.016990309404855207	0.05519619326070586	0.927813497334439	LOF
EXOSC2	AR					
EXOSC3	AR					
EXOSC9	LOF	LOF	0.17342105265911922	0.22209468012961844	0.6044842672112622	LOF
EXPH5	LOF	LOF	0.06296064496635234	0.0411142151061173	0.8959251399275304	LOF
EXT1	LOF	LOF	0.1907597370627009	0.11230809962396049	0.6969321633133385	LOF
EXT2	LOF	LOF	0.11961842489612322	0.05632700246492229	0.8240545726389544	LOF
EYA1	HI	LOF	0.18218122361076605	0.3860667291785276	0.4317520472107063	LOF
EYA4	HI	LOF	0.18413271458213784	0.31351627573267193	0.5023510096851903	LOF
EYS	LOF	LOF	0.2571359608415553	0.41920253036979127	0.32366150878865346	DN
F10	AR					
F12	GOF	GOF	0.2620282417495944	0.40292315024280556	0.3350486080076	DN
F13A1	AR					
F7	AR					
FA2H	LOF	LOF	0.1496173597455089	0.46510906763970133	0.38527357261478967	DN
FADD	AR					
FAH	AR					
FAM111A	GOF	GOF	0.442747844678071	0.14318761335476524	0.41406454196716375	GOF
FAM126A	AR					
FAM149B1	LOF	LOF	0.0732098060380023	0.032765242857666445	0.8940249511043312	LOF
FAM161A	LOF	LOF	0.05170791619391231	0.046377630862586686	0.9019144529435009	LOF
FAM20A	LOF	LOF	0.011569811874665631	0.03215754102160159	0.9562726471037328	LOF
FAM20C	AR					
FAN1	AR					
FANCA	LOF	LOF	0.005633039497157063	0.15148991822858285	0.8428770422742601	LOF
FANCB	LOF	LOF	0.06536773766243534	0.00038979562167002955	0.9342424667158946	LOF
FANCC	LOF	LOF	0.15559096026627922	0.09109604996711002	0.7533129897666109	LOF
FANCD2	AR					
FANCE	AR					
FANCF	LOF	LOF	0.018840426505307754	0.0004190861654741984	0.980740487329218	LOF
FANCG	LOF	LOF	0.03891920954620297	0.008070224392987565	0.9530105660608096	LOF
FANCI	AR					
FANCL	LOF	LOF	0.07546435230810528	0.05322360165446385	0.8713120460374307	LOF
FANCM	LOF	LOF	0.18809453300145534	0.1437862720168726	0.668119194981672	LOF
FAR1	LOF	LOF	0.3750629167551907	0.30292723585858433	0.32200984738622485	GOF
FARS2	AR					
FARSB	AR					
FAS	DN	DN	0.21607733213459035	0.2619913733280115	0.5219312945373982	LOF
FAT4	LOF	LOF	0.49853179443237466	0.34664773790260667	0.15482046766501864	GOF
FBLN5	LOF	LOF	0.5336721084045158	0.38205442539966133	0.08427346619582272	GOF
FBN1	HI	LOF	0.428615154233723	0.4225903788881035	0.14879446687817346	GOF
FBN2	DN	DN	0.5801015052265578	0.3659049187072976	0.05399357606614465	GOF
FBP1	AR					
FBXL3	AR					
FBXL4	LOF	LOF	0.08697409798754809	0.039510745177784766	0.8735151568346672	LOF
FBXO11	LOF	LOF	0.543202193778277	0.31918719993610356	0.13761060628561952	GOF
FDX2	AR					
FDXR	AR					
FECH	AR					
FERMT1	AR					
FEZF1	LOF	LOF	0.41565704603767456	0.4520562895180344	0.13228666444429094	DN
FGB	AR					
FGD1	LOF	LOF	0.05650426051019193	0.027190511177703124	0.9163052283121048	LOF
FGF10	HI	LOF	0.25276883938194283	0.529656824530563	0.21757433608749416	DN
FGF12	GOF	GOF	0.14911729977484092	0.005889174735640454	0.8449935254895187	LOF
FGF13	GOF	GOF	0.5056379712010675	0.10422444116697367	0.39013758763195877	GOF
FGF14	LOF	LOF	0.4532007226182356	0.46260271529766134	0.08419656208410306	DN
FGF3	LOF	LOF	0.5731284611100087	0.03940394349348325	0.38746759539650794	GOF
FGF9	LOF	LOF	0.44883615779063774	0.4713495927474773	0.079814249461885	DN
FGFR1	GOF	GOF	0.3919908999791722	0.5498181195204497	0.05819098050037807	DN
FGFR2	GOF	GOF	0.4423671582959809	0.5240891061187021	0.033543735585317036	DN
FGFR3	GOF	GOF	0.4757724309563965	0.4924604603325733	0.03176710871103023	DN
FGG	AR					
FH	LOF	LOF	0.11276867899802918	0.3816052703100105	0.5056260506919604	LOF
FHL1	LOF	LOF	0.3051258541522753	0.5144095577984186	0.18046458804930626	DN
FIG4	LOF	LOF	0.3139994282457364	0.1504740885543832	0.5355264831998804	LOF
FKBP14	AR					
FKBP15	LOF	LOF	0.09473556609464216	0.12442966858645615	0.7808347653189016	LOF
FKRP	AR					
FKTN	LOF	LOF	0.16682295862233354	0.09498962389449342	0.7381874174831731	LOF
FLAD1	LOF	LOF	0.06840638057140054	0.09083731365433982	0.8407563057742597	LOF
FLCN	HI	LOF	0.11834063470200144	0.1074686424321072	0.7741907228658914	LOF
FLNA	LOF	LOF	0.31697764955141294	0.002789146251781109	0.6802332041968059	LOF
FLNB	LOF	LOF	0.5623922691199825	0.4240880491033057	0.013519681776711683	GOF
FLNC	LOF	LOF	0.3659142076771354	0.43848725897220825	0.1955985333506565	DN
FLT4	LOF	LOF	0.45459515460243255	0.522501807505435	0.022903037892132622	DN
FLVCR1	LOF	LOF	0.3611969745886661	0.2611342784035547	0.3776687470077791	LOF
FLVCR2	LOF	LOF	0.21055521005783026	0.14092359509562097	0.6485211948465488	LOF
FMN2	LOF	LOF	0.16618413084480116	0.2910155964822146	0.5428002726729843	LOF
FMO3	AR					
FMR1	GOF	GOF	0.032416233320910356	0.028246925503709018	0.9393368411753806	LOF
FOLR1	AR					
FOXC1	HI	LOF	0.1503591847746658	0.29329737971061015	0.5563434355147242	LOF
FOXC2	GOF	GOF	0.08889278016930138	0.2711671641810217	0.6399400556496769	LOF
FOXE1	LOF	LOF	0.32854383620403876	0.3488302872687463	0.3226258765272149	DN
FOXE3	LOF	LOF	0.6121600475910045	0.34269706866832433	0.04514288374067114	GOF
FOXF1	LOF	LOF	0.18425904102647672	0.3341877799365806	0.48155317903694267	LOF
FOXG1	HI	LOF	0.3814343034000393	0.1257025347834994	0.4928631618164614	LOF
FOXJ1	LOF	LOF	0.12981198376015118	0.194329894196286	0.6758581220435629	LOF
FOXL2	LOF	LOF	0.09856996716733536	0.22867463175519293	0.6727554010774717	LOF
FOXN1	LOF	LOF	0.3178870938330909	0.5168694015036536	0.16524350466325555	DN
FOXP1	DN	DN	0.25497180242312845	0.41495820401134187	0.3300699935655297	DN
FOXP2	LOF	LOF	0.3818435043054763	0.11415751803507072	0.5039989776594529	LOF
FOXP3	LOF	LOF	0.5691226580474311	0.0031004725598952386	0.42777686939267345	GOF
FOXRED1	LOF	LOF	0.17349955074142345	0.14519742655477813	0.6813030227037984	LOF
FRAS1	LOF	LOF	0.2434763507433838	0.15221768837140737	0.6043059608852088	LOF
FREM1	LOF	LOF	0.037226526357006066	0.2792825277075422	0.6834909459354518	LOF
FREM2	LOF	LOF	0.09211509426785962	0.10072181000899205	0.8071630957231484	LOF
FRMD7	LOF	LOF	0.06184200113493278	0.057677697574417236	0.8804803012906499	LOF
FRMPD4	LOF	LOF	0.02114062079866299	0.00035982832747706735	0.9784995508738599	LOF
FRRS1L	LOF	LOF	0.018455877466214785	0.037321967578883036	0.9442221549549022	LOF
FSHB	AR					
FTCD	AR					
FTL	LOF	LOF	0.524125859305712	0.4438318234693032	0.032042317224984865	GOF
FTO	AR					
FTSJ1	LOF	LOF	0.10389698999231628	0.000140846628052444	0.8959621633796313	LOF
FUCA1	LOF	LOF	0.1784686198216912	0.25487836857905327	0.5666530115992556	LOF
FUS	GOF	GOF	0.3405175349031072	0.5299848074259841	0.12949765767090884	DN
FUT8	LOF	LOF	0.1799879504756617	0.16542783979806736	0.6545842097262708	LOF
FXN	AR					
FXYD2	DN	DN	0.2395729314168013	0.4704151496598402	0.2900119189233586	DN
FYCO1	AR					
FZD4	HI	LOF	0.23582633146739534	0.15877657716936952	0.6053970913632353	LOF
FZD5	DN	DN	0.5158022407448648	0.30070895181672924	0.18348880743840595	GOF
FZD6	LOF	LOF	0.5032104539755881	0.10184713996027799	0.3949424060641339	GOF
G6PC1	LOF	LOF	0.013584899479436828	0.014761562323246248	0.9716535381973168	LOF
GAA	AR					
GABBR2	DN	DN	0.4882401708522456	0.41739240131439503	0.0943674278333594	GOF
GABRA1	DN	DN	0.4460699530305556	0.46236367882777524	0.09156636814166927	DN
GABRA5	DN	DN	0.48193428256744303	0.4624893786580885	0.05557633877446848	GOF
GABRG2	LOF	LOF	0.4581374307107353	0.4476149813519104	0.0942475879373542	GOF
GAD1	AR					
GALC	AR					
GALE	AR					
GALK1	AR					
GALM	AR					
GALNS	AR					
GALNT2	AR					
GALNT3	AR					
GALT	AR					
GAMT	AR					
GAN	AR					
GAS2L2	LOF	LOF	0.40128288498473175	0.37070045730872336	0.2280166577065448	GOF
GATA2	LOF	LOF	0.1431967274004934	0.29867838585259193	0.5581248867469147	LOF
GATA3	HI	LOF	0.05796451632668994	0.42698920373449784	0.5150462799388121	LOF
GATA4	HI	LOF	0.04992611315574069	0.3957108122175635	0.5543630746266958	LOF
GATA6	GOF	GOF	0.1050791070706226	0.31386220902337625	0.5810586839060011	LOF
GATAD2B	LOF	LOF	0.19232163948314565	0.30692229990187236	0.500756060614982	LOF
GATM	LOF	LOF	0.2678173134770599	0.37907101036957774	0.3531116761533624	DN
GBA	AR					
GBA1	LOF	LOF	0.003710477562610478	0.0012078580864912038	0.9950816643508984	LOF
GBA2	LOF	LOF	0.17730726280352524	0.1081806542469887	0.714512082949486	LOF
GBE1	AR					
GCDH	AR					
GCNT2	LOF	LOF	0.30669098285912866	0.1939199201522344	0.49938909698863704	LOF
GCSH	LOF	LOF	0.28548633276811997	0.5131558073341456	0.20135785989773441	DN
GDF1	LOF	LOF	0.02953913722178404	0.08135950553280666	0.8891013572454093	LOF
GDF5	LOF	LOF	0.15889337473296983	0.18547974090566133	0.6556268843613688	LOF
GEMIN5	LOF	LOF	0.10959163603147	0.27182880314142455	0.6185795608271055	LOF
GFAP	GOF	GOF	0.41084131707748556	0.47910695940698067	0.11005172351553379	DN
GFER	AR					
GFI1	DN	DN	0.5731415482547357	0.08125456686507561	0.34560388488018867	GOF
GFM1	LOF	LOF	0.17657214761727008	0.16719329932539068	0.6562345530573392	LOF
GFPT1	AR					
GGCX	LOF	LOF	0.3286267856216671	0.4103800711283077	0.2609931432500252	DN
GHR	LOF	LOF	0.24510250386289062	0.5076710037351044	0.2472264924020049	DN
GHRHR	AR					
GINS1	AR					
GJA1	LOF	LOF	0.5606783595230482	0.4201571412430647	0.019164499233887175	GOF
GJB2	LOF	LOF	0.4572179686430985	0.15649455227313883	0.3862874790837627	GOF
GK	LOF	LOF	0.15305498743939264	0.09716989665407269	0.7497751159065347	LOF
GLA	LOF	LOF	0.1168650118140433	0.03582420986604692	0.8473107783199098	LOF
GLB1	AR					
GLDC	AR					
GLDN	AR					
GLE1	AR					
GLI2	LOF	LOF	0.10307241269708778	0.05376657685396498	0.8431610104489473	LOF
GLI3	HI	LOF	0.2815695878285589	0.43512059176215234	0.28330982040928887	DN
GLIS2	LOF	LOF	0.05384975097373262	0.03595720066883696	0.9101930483574304	LOF
GLIS3	LOF	LOF	0.0003238606044995971	0.001715098173171679	0.9979610412223288	LOF
GLMN	LOF	LOF	0.12299142147241923	0.13513347703204898	0.7418751014955317	LOF
GLRA1	LOF	LOF	0.42029750175256886	0.4083692772552086	0.17133322099222262	GOF
GLRB	LOF	LOF	0.45515531954265587	0.3512930537357087	0.1935516267216355	GOF
GLRX5	AR					
GLUD1	GOF	GOF	0.34030463338477746	0.5014112775939432	0.15828408902127938	DN
GLUL	AR					
GM2A	AR					
GMNN	GOF	GOF	0.15179687252306498	0.01259156962144333	0.8356115578554917	LOF
GMPPA	LOF	LOF	0.09752166393507614	0.1405736202620417	0.7619047158028821	LOF
GNA11	GOF	GOF	0.45534482739392124	0.4881334103891284	0.05652176221695047	DN
GNA14	GOF	GOF	0.4925192299263567	0.2694084958109098	0.23807227426273356	GOF
GNAO1	GOF	GOF	0.29910454839686196	0.5313958045200976	0.16949964708304052	DN
GNAQ	GOF	GOF	0.4733678211029891	0.4505280182719847	0.07610416062502617	GOF
GNAS	LOF	LOF	0.2790131503001919	0.07474111846708188	0.6462457312327261	LOF
GNAT1	LOF	LOF	0.33774146200705446	0.36649977776970777	0.29575876022323777	DN
GNAT2	LOF	LOF	0.3400442926784899	0.34851823820911026	0.3114374691123999	DN
GNB1	GOF	GOF	0.33975814501669427	0.5129038768311265	0.14733797815217922	DN
GNB3	AR					
GNB5	AR					
GNMT	AR					
GNPAT	LOF	LOF	0.2971673794864377	0.4099445289155191	0.2928880915980433	DN
GNPTAB	AR					
GNPTG	LOF	LOF	0.021340394704278485	0.11720201822324058	0.861457587072481	LOF
GNRHR	AR					
GNS	LOF	LOF	0.20789688396121045	0.11076528456992396	0.6813378314688656	LOF
GORAB	LOF	LOF	0.05516939546038226	0.07201022015306788	0.8728203843865499	LOF
GOT2	AR					
GP1BB	AR					
GPAA1	LOF	LOF	0.21120440621539027	0.19039395993484787	0.5984016338497619	LOF
GPC3	LOF	LOF	0.2288016560081107	0.030968392566964407	0.740229951424925	LOF
GPC4	LOF	LOF	0.06803824831570714	0.0018934478725880339	0.9300683038117048	LOF
GPC6	LOF	LOF	0.2018344665897452	0.4257938349331121	0.3723716984771427	DN
GPD1	AR					
GPHN	AR					
GPI	AR					
GPIHBP1	AR					
GPR143	LOF	LOF	0.2855827075116025	0.0014480719207774736	0.7129692205676201	LOF
GPR179	LOF	LOF	0.28380093977254756	0.252813971387052	0.4633850888404006	LOF
GPSM2	AR					
GPT2	AR					
GPX4	LOF	LOF	0.0030993003244991876	0.02903806588129891	0.967862633794202	LOF
GREB1L	LOF	LOF	0.523635253732133	0.35659447184108717	0.1197702744267798	GOF
GRHL3	LOF	LOF	0.4067362500995196	0.3324452117156976	0.2608185381847828	GOF
GRHPR	AR					
GRIA2	LOF	LOF	0.49619920841374615	0.45584078572882863	0.0479600058574253	GOF
GRIA3	LOF	LOF	0.2936772514639797	0.11495068661402993	0.5913720619219904	LOF
GRID2	AR					
GRIK2	AR					
GRIN1	LOF	LOF	0.5248835319911188	0.3341115954718555	0.1410048725370257	GOF
GRIN2A	DN	DN	0.42111526397661936	0.31819748575000634	0.2606872502733744	GOF
GRIN2B	GOF	GOF	0.4324419084075143	0.3743156729489266	0.1932424186435593	GOF
GRIN2D	GOF	GOF	0.3495361972904596	0.4355709645477582	0.21489283816178223	DN
GRIP1	LOF	LOF	0.10523916014930576	0.15023831329639778	0.7445225265542964	LOF
GRK1	LOF	LOF	0.16988264537098	0.27254805992807285	0.5575692947009471	LOF
GRM1	LOF	LOF	0.4464200613307047	0.45926626499747536	0.09431367367181989	DN
GRM6	LOF	LOF	0.29497769040325555	0.24480966374975857	0.4602126458469858	LOF
GRM7	AR					
GRN	LOF	LOF	0.17479960744419576	0.31627085875193545	0.5089295338038687	LOF
GRXCR1	LOF	LOF	0.12019143952838551	0.14309123305420407	0.7367173274174104	LOF
GSDME	LOF	LOF	0.006015617861545075	0.016492345930355846	0.9774920362080991	LOF
GSR	AR					
GSS	AR					
GTF2E2	AR					
GTF2H5	LOF	LOF	0.14795213834364634	0.08577311839095056	0.7662747432654032	LOF
GTPBP2	LOF	LOF	0.19838458930406747	0.18238197109705992	0.6192334395988726	LOF
GTPBP3	LOF	LOF	0.13516308769948673	0.21607601286748757	0.6487608994330257	LOF
GUCA1A	GOF	GOF	0.2925555518431248	0.368129647779654	0.3393148003772212	DN
GUCY1A1	AR					
GUCY2C	LOF	LOF	0.6707902304447765	0.24402513137615	0.08518463817907346	GOF
GUCY2D	LOF	LOF	0.5358147167045019	0.2378025295216307	0.22638275377386755	GOF
GUSB	AR					
GYG1	AR					
GYS2	AR					
GZF1	LOF	LOF	0.20971374744082874	0.13304971587531195	0.6572365366838593	LOF
H1-4	LOF	LOF	0.0437265027748702	0.09258534617223114	0.8636881510528986	LOF
HACD1	LOF	LOF	0.14733464216323358	0.20301784984532242	0.649647507991444	LOF
HACE1	LOF	LOF	0.2580418645226607	0.3083877338393306	0.43357040163800875	LOF
HADH	AR					
HADHA	AR					
HADHB	AR					
HAMP	LOF	LOF	0.27880417670670826	0.5294113737254842	0.19178444956780746	DN
HARS2	AR					
HAX1	LOF	LOF	0.07534139892729086	0.11530039075371858	0.8093582103189906	LOF
HCFC1	LOF	LOF	0.2579116089994377	0.0010317293510747189	0.7410566616494875	LOF
HCN4	DN	DN	0.37483066591666236	0.29657685067892864	0.32859248340440894	GOF
HDAC4	LOF	LOF	0.3259534173096136	0.37733784011140925	0.29670874257897706	DN
HDAC8	LOF	LOF	0.06588455962058226	0.035700820854053975	0.8984146195253637	LOF
HERC1	LOF	LOF	0.5571816013226012	0.284653020145569	0.1581653785318297	GOF
HERC2	AR					
HESX1	LOF	LOF	0.28099931503054404	0.40499587788041524	0.3140048070890407	DN
HEXA	AR					
HEXB	AR					
HFE	AR					
HGD	AR					
HGSNAT	LOF	LOF	0.16443750310227373	0.03530438847417987	0.8002581084235464	LOF
HIBCH	AR					
HIKESHI	AR					
HINT1	AR					
HIVEP2	LOF	LOF	0.2969245579831648	0.4114643862870015	0.29161105572983376	DN
HJV	AR					
HLCS	LOF	LOF	0.024281849823661897	0.011143304987724966	0.9645748451886131	LOF
HMBS	HI	LOF	0.14626104863721073	0.47494847065777174	0.37879048070501753	DN
HMGA2	LOF	LOF	0.21811797404164157	0.37852998366021134	0.40335204229814703	LOF
HMGCL	AR					
HMGCS2	AR					
HMX1	LOF	LOF	0.3653934525563407	0.08598573612958452	0.5486208113140748	LOF
HNF1B	HI	LOF	0.1718551194101114	0.2991848972287063	0.5289599833611823	LOF
HNF4A	LOF	LOF	0.3211306304774475	0.28821305737578873	0.39065631214676366	LOF
HNMT	AR					
HNRNPH1	LOF	LOF	0.37719903362086676	0.5116331812756056	0.11116778510352769	DN
HNRNPK	LOF	LOF	0.16387838073210298	0.39711484321038115	0.43900677605751587	LOF
HNRNPR	LOF	LOF	0.4048601215253647	0.48028732066808716	0.11485255780654807	DN
HNRNPU	LOF	LOF	0.08120148912717963	0.4882878866356129	0.4305106242372075	DN
HOGA1	AR					
HOXA1	LOF	LOF	0.1600671186453955	0.1999725956811889	0.6399602856734156	LOF
HOXA13	GOF	GOF	0.30132737525185727	0.5276320151931543	0.1710406095549885	DN
HOXB1	AR					
HOXC13	LOF	LOF	0.01705041662848311	0.05266565173357756	0.9302839316379393	LOF
HPCA	AR					
HPD	DN	DN	0.3182485423815422	0.39347787735727924	0.2882735802611785	DN
HPDL	LOF	LOF	0.009869516250685198	0.045026300351887656	0.9451041833974271	LOF
HPGD	AR					
HPRT1	LOF	LOF	0.12196450833897632	0.061492375734542255	0.8165431159264814	LOF
HPS1	LOF	LOF	0.16339620128356255	0.1041910763398188	0.7324127223766185	LOF
HPS3	LOF	LOF	0.0375960625317566	0.03634782922012535	0.9260561082481181	LOF
HPS4	LOF	LOF	0.03428696269698724	0.059805255831479845	0.905907781471533	LOF
HPS5	LOF	LOF	0.30059837487437746	0.1613675471330269	0.5380340779925956	LOF
HPS6	LOF	LOF	0.09165915900068593	0.14834719746130884	0.7599936435380052	LOF
HPSE2	LOF	LOF	0.08554791197680264	0.1754053066486979	0.7390467813744994	LOF
HR	LOF	LOF	0.10768368706283535	0.21767395729121533	0.6746423556459493	LOF
HRAS	GOF	GOF	0.5879765017733072	0.20228608547020496	0.20973741275648786	GOF
HS2ST1	LOF	LOF	0.26500103508327155	0.24270960648725426	0.4922893584294741	LOF
HSD11B1	DN	DN	0.3576321205652353	0.3392877654793021	0.30308011395546247	GOF
HSD17B4	AR					
HSD3B7	LOF	LOF	0.20118771088488063	0.26460249413771514	0.5342097949774043	LOF
HSPD1	LOF	LOF	0.4580072963219334	0.5133752432973249	0.02861746038074172	DN
HSPG2	LOF	LOF	0.0742332613294042	0.5107767482507198	0.41498999041987594	DN
HYAL1	LOF	LOF	0.2474789782331466	0.18994626256764818	0.5625747591992053	LOF
HYCC1	LOF	LOF	0.006137462878741653	0.0013586821550576422	0.9925038549662006	LOF
HYDIN	LOF	LOF	0.34889868605367086	0.25602905771061907	0.39507225623571013	LOF
IARS1	LOF	LOF	0.0998369866780883	0.40862387464400685	0.49153913867790483	LOF
IBA57	AR					
ICOS	AR					
IDH3A	AR					
IDH3B	AR					
IDS	LOF	LOF	0.0932111949351195	0.12318018761041323	0.7836086174544673	LOF
IDUA	AR					
IFIH1	GOF	GOF	0.1477875041568383	0.4668563506778759	0.3853561451652859	DN
IFNGR2	AR					
IFT122	LOF	LOF	0.3317764404346293	0.29444758507955426	0.3737759744858164	LOF
IFT140	LOF	LOF	0.08812910735595908	0.10095433695155086	0.8109165556924901	LOF
IFT172	LOF	LOF	0.23055405109084023	0.11155592900642179	0.657890019902738	LOF
IFT38	LOF	LOF	0.0005927161415319494	2.8972742995614906e-05	0.9993783111154725	LOF
IFT52	AR					
IFT74	LOF	LOF	0.10486852903325594	0.08785719097535716	0.8072742799913869	LOF
IGF1	AR					
IGF1R	LOF	LOF	0.5567964520839299	0.33576565128698116	0.10743789662908883	GOF
IGF2	LOF	LOF	0.48677820613840644	0.4968926452692708	0.016329148592322755	DN
IGFBP7	LOF	LOF	0.5914809635022741	0.17631389686814333	0.23220513962958256	GOF
IGHMBP2	AR					
IGSF1	LOF	LOF	0.45457082575219404	0.007867608318003153	0.5375615659298029	LOF
IKBKG	LOF	LOF	0.09016282779425475	0.04891323673790538	0.86092393546784	LOF
IL10RA	AR					
IL11RA	AR					
IL17RA	AR					
IL1RAPL1	LOF	LOF	0.13217838848948033	0.021112129411245968	0.8467094820992737	LOF
IL21	AR					
IL2RA	AR					
IL36RN	AR					
IL6R	AR					
IL6ST	AR					
IL7R	AR					
ILDR1	LOF	LOF	0.28496129684816107	0.24430755582356747	0.4707311473282714	LOF
IMPDH1	DN	DN	0.26982582957133455	0.21727884547171059	0.512895324956955	LOF
IMPG1	LOF	LOF	0.47261599094371437	0.21382364991396083	0.3135603591423249	GOF
IMPG2	LOF	LOF	0.2540669248747356	0.4865078423584151	0.25942523276684926	DN
INPP5E	AR					
INPPL1	AR					
INSR	DN	DN	0.5359160644809371	0.29413919231319974	0.16994474320586314	GOF
INTS1	AR					
IPO13	LOF	LOF	0.4961347574683863	0.34569994619920597	0.15816529633240758	GOF
IPO8	LOF	LOF	0.1794592049514204	0.1086034504783009	0.7119373445702786	LOF
IQCB1	LOF	LOF	0.0802585685431966	0.07248399738617502	0.8472574340706284	LOF
IQSEC2	LOF	LOF	0.18273774513335062	0.08472277945046487	0.7325394754161845	LOF
IRF2BPL	LOF	LOF	0.02142315549163264	0.3732152032753867	0.6053616412329808	LOF
IRF6	LOF	LOF	0.2762700495178302	0.48454992486999515	0.23918002561217458	DN
ITCH	LOF	LOF	0.3606571795163942	0.2268654501419358	0.41247737034167004	LOF
ITGA3	LOF	LOF	0.03705495128308356	0.02341873478709583	0.9395263139298207	LOF
ITGA8	LOF	LOF	0.24549598834826866	0.4059372939157948	0.34856671773593645	DN
ITGB2	AR					
ITGB4	DN	DN	0.35605418057813865	0.3199726717795171	0.3239731476423442	GOF
ITGB6	AR					
ITK	AR					
ITPA	AR					
ITPR1	DN	DN	0.5316621786141085	0.3403455572778476	0.12799226410804387	GOF
IVD	AR					
IYD	AR					
JAG1	HI	LOF	0.40420973565090884	0.19195655515295285	0.40383370919613837	GOF
JAG2	LOF	LOF	0.2491254640146915	0.18494765905601085	0.5659268769292978	LOF
JAGN1	AR					
JAK1	GOF	GOF	0.48971620326645876	0.4440336988312374	0.06625009790230382	GOF
JAK3	LOF	LOF	0.3745980014672638	0.3912534198627442	0.23414857866999195	DN
JAM3	LOF	LOF	0.029407854258706487	0.1845291665200541	0.7860629792212395	LOF
JARID2	LOF	LOF	0.10526426348291498	0.1158066249461811	0.7789291115709039	LOF
KANK2	AR					
KANSL1	HI	LOF	0.03371651416106174	0.30900321380529155	0.6572802720336467	LOF
KARS1	LOF	LOF	0.02713384470725683	0.3401455312588677	0.6327206240338753	LOF
KAT6A	LOF	LOF	0.0513472359188477	0.20922868737474834	0.739424076706404	LOF
KAT6B	LOF	LOF	0.028896512653675564	0.003168831862337056	0.9679346554839874	LOF
KATNB1	AR					
KCNA1	DN	DN	0.395467379118113	0.42569067265679894	0.178841948225088	DN
KCNA2	LOF	LOF	0.4882686699566	0.40590055647919937	0.10583077356420063	GOF
KCNB1	DN	DN	0.5094937315662983	0.47489865971202627	0.015607608721675305	GOF
KCNC1	GOF	GOF	0.4273166201918406	0.4504909435148904	0.12219243629326913	DN
KCNE2	GOF	GOF	0.3805640590181911	0.3605058907610854	0.2589300502207235	GOF
KCNH1	GOF	GOF	0.5295385840778902	0.36351131547400317	0.10695010044810653	GOF
KCNH2	DN	DN	0.21020666148628048	0.16297383893996073	0.6268194995737589	LOF
KCNJ10	LOF	LOF	0.4835573472921476	0.36823031215703944	0.14821234055081287	GOF
KCNJ11	LOF	LOF	0.47775065171835673	0.2849695669926063	0.23727978128903704	GOF
KCNJ13	LOF	LOF	0.4146274118493257	0.41975257878757577	0.16562000936309845	DN
KCNJ5	DN	DN	0.4693935692578889	0.2876869876895282	0.2429194430525829	GOF
KCNJ8	GOF	GOF	0.38860962991450254	0.1360104993712366	0.47537987071426097	LOF
KCNK4	GOF	GOF	0.248010863873452	0.4455460059793863	0.3064431301471617	DN
KCNMA1	GOF	GOF	0.4729018945370591	0.38627633499646813	0.14082177046647285	GOF
KCNN3	GOF	GOF	0.4349548999417616	0.47950222866489467	0.0855428713933436	DN
KCNQ1	LOF	LOF	0.3734589862823186	0.15486099238479104	0.4716800213328903	LOF
KCNQ2	DN	DN	0.4457705865246336	0.36573811983149024	0.18849129364387623	GOF
KCNQ4	DN	DN	0.37800931707974533	0.4683409851091322	0.15364969781112253	DN
KCNQ5	GOF	GOF	0.5161467220082705	0.4316110479054135	0.05224223008631607	GOF
KCNT1	GOF	GOF	0.022968912459373617	0.01869043067981576	0.9583406568608106	LOF
KCNV2	LOF	LOF	0.5688538013980168	0.29131771223881087	0.13982848636317233	GOF
KCTD7	LOF	LOF	0.5448514885968295	0.3082975432473315	0.1468509681558389	GOF
KDELR2	LOF	LOF	0.10400782285862353	0.25235481285728145	0.6436373642840951	LOF
KDM3B	LOF	LOF	0.47420197253587526	0.39500484726730767	0.13079318019681713	GOF
KDM4B	LOF	LOF	0.3736616835748456	0.37465965737315343	0.2516786590520009	DN
KDM5B	LOF	LOF	0.1891492025897764	0.27588290609947763	0.5349678913107461	LOF
KDM5C	LOF	LOF	0.07451501679616496	0.03564341380251831	0.8898415694013168	LOF
KDM6A	LOF	LOF	0.18840219464801436	0.01843486892343108	0.7931629364285546	LOF
KDM6B	LOF	LOF	0.09629903443211404	0.3315324903510111	0.572168475216875	LOF
KERA	LOF	LOF	0.1687903109962021	0.08823263842688675	0.7429770505769111	LOF
KIAA0586	LOF	LOF	0.057805639922735255	0.02685079244506909	0.9153435676321956	LOF
KIDINS220	LOF	LOF	0.35113544826355264	0.24309811285449676	0.4057664388819506	LOF
KIF11	LOF	LOF	0.3780238093504312	0.5012086791342301	0.12076751151533877	DN
KIF14	LOF	LOF	0.29697155669802366	0.47693165782889374	0.22609678547308268	DN
KIF1A	LOF	LOF	0.5562394186516058	0.4296415723807575	0.01411900896763675	GOF
KIF22	GOF	GOF	0.27343232543188606	0.49439165423886927	0.23217602032924461	DN
KIF2A	DN	DN	0.36914088614826324	0.44088605760250893	0.1899730562492278	DN
KIF5A	DN	DN	0.48654233431822136	0.4904015415353244	0.023056124146454273	DN
KIF7	AR					
KIFBP	LOF	LOF	0.013893218737407467	0.02647316624847387	0.9596336150141187	LOF
KIT	LOF	LOF	0.3266933145783448	0.4952629510502285	0.17804373437142662	DN
KITLG	GOF	GOF	0.32760536474138147	0.2735794104630166	0.39881522479560194	LOF
KIZ	LOF	LOF	0.008040020814486064	0.007836999656608203	0.9841229795289056	LOF
KL	AR					
KLF1	DN	DN	0.3556719584063585	0.4285669956549653	0.21576104593867634	DN
KLHL40	AR					
KLHL41	AR					
KLHL7	LOF	LOF	0.4230026538802026	0.44350467818006784	0.13349266793972947	DN
KLKB1	AR					
KMT2A	HI	LOF	0.31181045108947625	0.3529276433757947	0.33526190553472907	DN
KMT2B	LOF	LOF	0.24585492851367985	0.3869505185714285	0.36719455291489167	DN
KMT2C	LOF	LOF	0.028458773318516515	0.004194923064201452	0.9673463036172821	LOF
KMT2D	HI	LOF	0.2710328792615236	0.34909914876602155	0.37986797197245487	LOF
KMT2E	LOF	LOF	0.03637858257649666	0.07933263888316319	0.8842887785403403	LOF
KMT5B	LOF	LOF	0.1559521420532259	0.24108374150930525	0.6029641164374688	LOF
KNL1	AR					
KPTN	LOF	LOF	0.11660007380212628	0.06924242088853207	0.8141575053093416	LOF
KRAS	GOF	GOF	0.3693232402734794	0.5599322994611652	0.07074446026535529	DN
KREMEN1	AR					
KRIT1	LOF	LOF	0.184931511873979	0.1585404687209271	0.6565280194050939	LOF
KRT1	DN	DN	0.39375150956028915	0.5449063728576438	0.061342117582067035	DN
KRT10	DN	DN	0.31826565244055993	0.5910500957913231	0.090684251768117	DN
KRT12	DN	DN	0.26855237548081107	0.6206884617368602	0.11075916278232875	DN
KRT13	DN	DN	0.2935303076310602	0.5984170075985495	0.10805268477039032	DN
KRT14	DN	DN	0.40578390659080754	0.5082593539680124	0.0859567394411802	DN
KRT16	DN	DN	0.43173262627836145	0.47413608549767916	0.09413128822395934	DN
KRT17	LOF	LOF	0.2957611472489257	0.6015479949926484	0.10269085775842583	DN
KRT2	LOF	LOF	0.3960056188905923	0.5023486060774991	0.10164577503190855	DN
KRT3	DN	DN	0.3934008221424212	0.49755432857804116	0.10904484927953763	DN
KRT4	DN	DN	0.42333151208164205	0.4740266627399687	0.10264182517838914	DN
KRT5	LOF	LOF	0.38986850277279134	0.5714276422358837	0.038703854991324824	DN
KRT6A	DN	DN	0.2866700810963193	0.612604714348116	0.10072520455556465	DN
KRT6B	DN	DN	0.3036474578042877	0.5959835946065662	0.10036894758914605	DN
KRT85	LOF	LOF	0.03388663217524563	0.33684747118559266	0.6292658966391617	LOF
KRT9	DN	DN	0.32370215484590975	0.5903116303315016	0.08598621482258868	DN
KYNU	AR					
L1CAM	LOF	LOF	0.29452829698931193	0.0016497810906150067	0.7038219219200731	LOF
L2HGDH	LOF	LOF	0.2597322000048771	0.35984606597168056	0.38042173402344226	LOF
LAMA1	LOF	LOF	0.05752795582498862	0.040637809484042095	0.9018342346909693	LOF
LAMA2	AR					
LAMA3	LOF	LOF	0.4149289512383708	0.37927311938880137	0.20579792937282787	GOF
LAMB1	AR					
LAMB2	LOF	LOF	0.42069014020841305	0.4274435653329508	0.15186629445863614	DN
LAMB3	LOF	LOF	0.28080484852809495	0.4294122960731207	0.2897828553987844	DN
LAMC2	LOF	LOF	0.31539082736932256	0.4179303701105973	0.2666788025200801	DN
LAMC3	LOF	LOF	0.15090368570712365	0.18151286165396158	0.6675834526389148	LOF
LAMP2	LOF	LOF	0.09299302325090633	0.060148920183433076	0.8468580565656607	LOF
LARGE1	LOF	LOF	0.1124305882240646	0.06178262866855199	0.8257867831073833	LOF
LARP7	AR					
LBR	LOF	LOF	0.22590950779579352	0.44790802478000136	0.3261824674242051	DN
LCA5	LOF	LOF	0.05237173130699343	0.032155414288088977	0.9154728544049177	LOF
LCAT	AR					
LCK	AR					
LDLR	LOF	LOF	0.11811972042160203	0.20536723814813296	0.6765130414302649	LOF
LDLRAP1	LOF	LOF	0.13544535787111714	0.3011196748106397	0.563434967318243	LOF
LEMD3	HI	LOF	0.025900180581517357	0.15223648186328806	0.8218633375551946	LOF
LEP	AR					
LEPR	AR					
LGI4	LOF	LOF	0.09686127924135858	0.1855642733934157	0.7175744473652258	LOF
LHB	AR					
LHFPL5	AR					
LHX3	AR					
LHX4	HI	LOF	0.32473365608379073	0.13208932144200233	0.5431770224742068	LOF
LIFR	LOF	LOF	0.15917741788186393	0.06108401572195666	0.7797385663961793	LOF
LIG4	AR					
LIMS2	AR					
LINGO1	AR					
LINS1	LOF	LOF	0.0009746068170644645	0.0009993466047998405	0.9980260465781357	LOF
LIPA	AR					
LIPI	LOF	LOF	0.07941600509120733	0.06557694987335062	0.855007045035442	LOF
LIPN	LOF	LOF	0.024795963854881066	0.04000364578031678	0.9352003903648021	LOF
LIPT1	AR					
LMBRD1	LOF	LOF	0.008781374589801416	0.015452833940856552	0.9757657914693421	LOF
LMNA	GOF	GOF	0.29284812669923255	0.6105280957738309	0.09662377752693647	DN
LMOD3	LOF	LOF	0.17474592706732384	0.19068841030699277	0.6345656626256834	LOF
LMX1B	LOF	LOF	0.2990961946679418	0.22525930535542396	0.4756444999766343	LOF
LONP1	AR					
LOXHD1	LOF	LOF	0.005242835935720928	0.00288805399802799	0.9918691100662512	LOF
LPL	LOF	LOF	0.2561601870874508	0.4186163281505659	0.3252234847619834	DN
LRAT	LOF	LOF	0.37747542142603796	0.23266272234449617	0.3898618562294658	LOF
LRBA	LOF	LOF	0.3938760676879047	0.2574291912389433	0.34869474107315207	GOF
LRIG2	LOF	LOF	0.11302502314901677	0.05133274928739823	0.8356422275635849	LOF
LRIT3	LOF	LOF	0.3118627724884493	0.22484676936038933	0.4632904581511615	LOF
LRMDA	LOF	LOF	0.013152971607397	0.06330872882054389	0.923538299572059	LOF
LRP2	LOF	LOF	0.3103317496988223	0.15390104540504568	0.5357672048961318	LOF
LRP4	LOF	LOF	0.4279729466981227	0.39028377266896785	0.18174328063290937	GOF
LRP5	GOF	GOF	0.44647422558047867	0.28307096929829484	0.27045480512122644	GOF
LRPAP1	LOF	LOF	0.043299023773246674	0.1213267514404375	0.835374224786316	LOF
LRPPRC	LOF	LOF	0.011637862672378315	0.19544868513319882	0.7929134521944229	LOF
LRRC56	LOF	LOF	0.17415226177746382	0.12352389926827678	0.7023238389542593	LOF
LSS	AR					
LTBP1	LOF	LOF	0.04622280348661516	0.2620667734572213	0.6917104230561635	LOF
LTBP2	LOF	LOF	0.32234281383785657	0.4702653141009199	0.2073918720612236	DN
LTBP3	LOF	LOF	0.4019201347760178	0.34557876129180753	0.25250110393217456	GOF
LYRM4	AR					
LYSET	LOF	LOF	0.0013301675072134756	0.0009176415971506123	0.997752190895636	LOF
LYST	LOF	LOF	0.2280441589355373	0.3192096612580978	0.452746179806365	LOF
LZTFL1	LOF	LOF	0.16888793641020824	0.22342739272150383	0.6076846708682879	LOF
LZTR1	LOF	LOF	0.48989076015238503	0.07656446611864237	0.4335447737289726	GOF
MAB21L1	AR					
MAB21L2	LOF	LOF	0.46649061468197683	0.298989704014847	0.2345196813031762	GOF
MAD2L2	AR					
MADD	LOF	LOF	0.31647787757729	0.31953925305357456	0.3639828693691355	LOF
MAFB	GOF	GOF	0.5581209080233693	0.3997117669415667	0.042167325035063895	GOF
MAG	AR					
MAGEL2	LOF	LOF	0.034140144608565126	0.24180760643037955	0.7240522489610554	LOF
MAK	LOF	LOF	0.30651376224554633	0.39697587863838807	0.2965103591160656	DN
MALT1	AR					
MAMLD1	LOF	LOF	0.007148868216755104	0.00018866985406719574	0.9926624619291777	LOF
MAN1B1	AR					
MAN2B1	AR					
MANBA	LOF	LOF	0.11079799809078966	0.19588189852965143	0.693320103379559	LOF
MAOA	LOF	LOF	0.15696940337362597	0.001967407076276696	0.8410631895500974	LOF
MAP2K1	GOF	GOF	0.6127602254070494	0.1436530511057037	0.24358672348724691	GOF
MAP2K2	GOF	GOF	0.33054538536761174	0.17102578790171313	0.4984288267306752	LOF
MAP3K1	LOF	LOF	0.5831861576064582	0.3342436172245295	0.08257022516901227	GOF
MAPK8IP3	LOF	LOF	0.4375878125470087	0.3414700557804904	0.220942131672501	GOF
MAPKAPK5	LOF	LOF	0.3696437686586545	0.20722929367846618	0.42312693766287945	LOF
MARVELD2	LOF	LOF	0.072692531939596	0.04347059316468576	0.8838368748957183	LOF
MASP1	LOF	LOF	0.01579820801546882	0.09415938780794124	0.89004240417659	LOF
MAT1A	LOF	LOF	0.37496471939134585	0.3921511441962011	0.23288413641245298	DN
MAX	LOF	LOF	0.19160998257440084	0.4703523282175041	0.33803768920809496	DN
MBD5	LOF	LOF	0.0749919044547396	0.008298627138635634	0.9167094684066248	LOF
MBOAT7	LOF	LOF	0.3838273779602022	0.3055854746015214	0.31058714743827626	GOF
MBTPS2	LOF	LOF	0.2560131924451837	0.05126794744630852	0.6927188601085077	LOF
MC2R	LOF	LOF	0.47208229042390176	0.2340260859544716	0.29389162362162646	GOF
MCCC1	LOF	LOF	0.13854450113585923	0.27219138637141704	0.5892641124927236	LOF
MCCC2	LOF	LOF	0.27229389092610246	0.3833572456737757	0.3443488634001218	DN
MCEE	LOF	LOF	0.021845941491411527	0.021054964012264046	0.9570990944963244	LOF
MCM5	AR					
MCOLN1	AR					
MCPH1	AR					
MDH1	AR					
MDH2	AR					
MECOM	GOF	GOF	0.24193193612210642	0.23606887866849188	0.5219991852094017	LOF
MECP2	LOF	LOF	0.07861282365576594	0.0002833365939361319	0.921103839750298	LOF
MECR	AR					
MED12	LOF	LOF	0.07366622555857326	0.0001513203679793194	0.9261824540734475	LOF
MED13	LOF	LOF	0.5212648242814951	0.2693609781633136	0.20937419755519124	GOF
MED13L	LOF	LOF	0.3518456190679471	0.1468374362206882	0.5013169447113647	LOF
MED23	AR					
MED27	LOF	LOF	0.27051321710547854	0.12058329390603846	0.608903488988483	LOF
MEF2C	HI	LOF	0.08755299681910303	0.002634903653341365	0.9098120995275557	LOF
MEFV	LOF	LOF	0.5197897133885729	0.3674985276695773	0.11271175894184983	GOF
MEGF10	LOF	LOF	0.2960500065270838	0.45503090975683663	0.24891908371607963	DN
MEGF8	LOF	LOF	0.22980009526244935	0.2996503715375475	0.4705495332000032	LOF
MEIS2	LOF	LOF	0.27448687071727024	0.40017312388183873	0.32534000540089103	DN
MEN1	HI	LOF	0.25367466227275576	0.18681349385542415	0.5595118438718201	LOF
MEOX1	LOF	LOF	0.11777195774881104	0.1507524627809225	0.7314755794702665	LOF
MERTK	AR					
MESD	LOF	LOF	0.02133055302273285	0.23228879730422444	0.7463806496730427	LOF
MESP2	LOF	LOF	0.0022836266963128507	0.001510797411446999	0.9962055758922402	LOF
MET	AR					
METTL23	LOF	LOF	0.002866058005904089	0.0014437889250140216	0.9956901530690819	LOF
METTL5	LOF	LOF	0.2450036160904435	0.08601601284811317	0.6689803710614434	LOF
MFF	LOF	LOF	0.07875991032388363	0.14045128024752856	0.7807888094285879	LOF
MFRP	LOF	LOF	0.20202501216472538	0.4255966998690792	0.37237828796619543	DN
MFSD8	LOF	LOF	0.19274015527830937	0.05702862154897169	0.7502312231727188	LOF
MGAT2	AR					
MGME1	AR					
MGP	LOF	LOF	0.017016779822394093	0.05657334131773793	0.9264098788598679	LOF
MICU1	AR					
MID1	LOF	LOF	0.06220115605315997	0.20017445129542477	0.7376243926514153	LOF
MIP	DN	DN	0.2331011066264227	0.08095777240100635	0.685941120972571	LOF
MIR17HG	LOF	LOF	0.0005927161415319494	2.8972742995614906e-05	0.9993783111154725	LOF
MITF	LOF	LOF	0.13348017158242056	0.24746581234402332	0.619054016073556	LOF
MKKS	LOF	LOF	0.34824895729559463	0.15311299686303115	0.49863804584137417	LOF
MKS1	LOF	LOF	0.22133496317612197	0.10610891442097392	0.672556122402904	LOF
MLC1	LOF	LOF	0.24330385920000094	0.23445959006179137	0.5222365507382076	LOF
MLH1	LOF	LOF	0.05428684858457361	0.0738555280475345	0.8718576233678919	LOF
MLPH	AR					
MLYCD	AR					
MMAA	AR					
MMAB	AR					
MMACHC	AR					
MMADHC	AR					
MMP2	AR					
MMP20	AR					
MMP21	LOF	LOF	0.25584882741598847	0.26862568361315614	0.4755254889708554	LOF
MMUT	AR					
MN1	LOF	LOF	0.061614646026703496	0.10802440304954561	0.8303609509237508	LOF
MNX1	LOF	LOF	0.2339924422599556	0.08938065044646969	0.6766269072935747	LOF
MOCS1	LOF	LOF	0.13043154646543267	0.12259697174187192	0.7469714817926955	LOF
MOCS2	AR					
MOGS	AR					
MORC2	GOF	GOF	0.44842498834172106	0.3392833340560365	0.2122916776022423	GOF
MPDU1	LOF	LOF	0.2880378133472671	0.20311554628227163	0.5088466403704613	LOF
MPI	LOF	LOF	0.1383191998318812	0.24303291771773028	0.6186478824503886	LOF
MPLKIP	LOF	LOF	0.008635128562931391	0.029870232413567673	0.961494639023501	LOF
MPO	AR					
MPV17	LOF	LOF	0.1751457694321254	0.34403494558514336	0.4808192849827313	LOF
MRAP	LOF	LOF	0.007663551535844022	0.018330105454371887	0.9740063430097841	LOF
MRAS	GOF	GOF	0.26370635394658115	0.6219254932224884	0.11436815283093048	DN
MRE11	AR					
MRPL3	AR					
MRPL44	AR					
MRPS14	AR					
MRPS2	AR					
MRPS22	AR					
MRPS23	AR					
MRPS28	AR					
MRPS34	LOF	LOF	0.04944081267844055	0.17051332703324842	0.780045860288311	LOF
MRPS7	AR					
MSH2	LOF	LOF	0.012974813749758193	0.11127824364111549	0.8757469426091262	LOF
MSH6	LOF	LOF	0.006919332057248897	0.13918089816172222	0.8538997697810289	LOF
MSL2	LOF	LOF	0.4207181981593481	0.43711036231047057	0.14217143953018138	DN
MSL3	LOF	LOF	0.03506659015363393	0.015153841081436758	0.9497795687649294	LOF
MSRB3	AR					
MSX1	HI	LOF	0.14372454040228586	0.030175446093111628	0.8261000135046025	LOF
MSX2	LOF	LOF	0.3167853883899328	0.02644264510165658	0.6567719665084106	LOF
MT-TP	LOF	LOF	0.002284279895233669	0.0004142046518930006	0.9973015154528734	LOF
MTAP	LOF	LOF	0.012971079905307383	0.028767386214705162	0.9582615338799874	LOF
MTFMT	LOF	LOF	0.047672906661353015	0.0349248348238279	0.9174022585148192	LOF
MTHFD1	AR					
MTHFR	AR					
MTHFS	AR					
MTM1	LOF	LOF	0.15379711812026045	0.04647887538502439	0.7997240064947151	LOF
MTMR2	AR					
MTO1	LOF	LOF	0.012367292966630094	0.007238760135996403	0.9803939468973735	LOF
MTOR	GOF	GOF	0.5905995693200846	0.3446632661227751	0.06473716455714032	GOF
MTR	AR					
MTRFR	LOF	LOF	0.001902904405926028	0.0020932306464796877	0.9960038649475943	LOF
MTRR	AR					
MTTP	AR					
MUSK	AR					
MUTYH	AR					
MVK	LOF	LOF	0.3677712936692936	0.31874275610909863	0.3134859502216077	GOF
MYBPC1	LOF	LOF	0.41250133575333525	0.40362084299935247	0.18387782124731228	GOF
MYBPC3	LOF	LOF	0.2181164665672847	0.18121263664023546	0.6006708967924799	LOF
MYCN	LOF	LOF	0.09925054626516742	0.48655267907043354	0.4141967746643991	DN
MYF5	LOF	LOF	0.20417118555768216	0.37465792442139595	0.421170890020922	LOF
MYH3	LOF	LOF	0.45378807432396795	0.4712796660733639	0.07493225960266808	DN
MYH8	LOF	LOF	0.4584503192988862	0.45828497672977553	0.0832647039713383	GOF
MYH9	DN	DN	0.44596108719271227	0.5138441372606461	0.0401947755466415	DN
MYL1	AR					
MYLK	LOF	LOF	0.12512799469154323	0.33196700317672434	0.5429050021317325	LOF
MYO15A	LOF	LOF	0.20204970534685798	0.5648585029943233	0.2330917916588187	DN
MYO18B	LOF	LOF	0.01828246983199058	0.03888080233612267	0.9428367278318868	LOF
MYO5A	LOF	LOF	0.4431076035881676	0.47081626978099306	0.0860761266308394	DN
MYO5B	AR					
MYO7A	LOF	LOF	0.2571252607082232	0.3456658906969239	0.39720884859485284	LOF
MYOC	DN	DN	0.36642612320720175	0.3209319596251468	0.31264191716765144	GOF
MYOCD	LOF	LOF	0.23185716130318462	0.37577143617985154	0.3923714025169638	LOF
MYPN	LOF	LOF	0.09935750830238456	0.13688925988790465	0.7637532318097108	LOF
MYRF	LOF	LOF	0.41180810131275036	0.46863207085166564	0.119559827835584	DN
MYT1L	HI	LOF	0.28981041896583337	0.22260782248550715	0.48758175854865954	LOF
NAA10	LOF	LOF	0.10985487645839112	0.09233325942270669	0.7978118641189023	LOF
NAA15	LOF	LOF	0.13713651033817886	0.3455083124428889	0.5173551772189322	LOF
NACC1	GOF	GOF	0.4347728412775161	0.35899477427841403	0.20623238444406997	GOF
NADSYN1	AR					
NAGA	AR					
NAGLU	LOF	LOF	0.14504406307207357	0.2371502624640461	0.6178056744638802	LOF
NAGS	AR					
NALCN	LOF	LOF	0.43909595816629116	0.4098103485050529	0.151093693328656	GOF
NANS	LOF	LOF	0.11392331057586544	0.41373476060057235	0.47234192882356213	LOF
NAPB	LOF	LOF	0.14392740626609205	0.33963096373370866	0.5164416300001993	LOF
NARS1	LOF	LOF	0.04537975122606198	0.2607702733716005	0.6938499754023374	LOF
NARS2	LOF	LOF	0.29105153836819986	0.12711231796705597	0.5818361436647441	LOF
NAXD	LOF	LOF	0.04969635596169291	0.12742620133216437	0.8228774427061427	LOF
NAXE	AR					
NBAS	LOF	LOF	0.12441631191988865	0.2076954264761243	0.6678882616039871	LOF
NBEA	LOF	LOF	0.3657816611128169	0.3670376290578508	0.2671807098293324	DN
NBN	LOF	LOF	0.017280304069952103	0.01741106081496422	0.9653086351150837	LOF
NCF1	AR					
NCF2	AR					
NCF4	AR					
NDE1	LOF	LOF	0.01341887744278569	0.01341908565071334	0.9731620369065008	LOF
NDNF	LOF	LOF	0.16820068284484735	0.3792182919720303	0.4525810251831224	LOF
NDP	LOF	LOF	0.30326220273699683	0.030731181420364014	0.6660066158426393	LOF
NDST1	AR					
NDUFA1	LOF	LOF	0.8277690966095443	0.0015676224653351247	0.17066328092512062	GOF
NDUFA10	AR					
NDUFA12	LOF	LOF	0.25776393331176867	0.4160466151234147	0.3261894515648167	DN
NDUFA13	AR					
NDUFA2	AR					
NDUFA6	LOF	LOF	0.20880882936819217	0.2980027986254153	0.4931883720063925	LOF
NDUFA8	LOF	LOF	0.26063289898792086	0.4138528142140856	0.32551428679799355	DN
NDUFA9	AR					
NDUFAF2	LOF	LOF	0.012846489032524907	0.015805340385905187	0.9713481705815699	LOF
NDUFAF8	LOF	LOF	0.013169116855301456	0.02182018071385816	0.9650107024308405	LOF
NDUFB11	LOF	LOF	0.1465979030902322	0.014638686949925307	0.8387634099598426	LOF
NDUFB3	AR					
NDUFB8	AR					
NDUFB9	AR					
NDUFS1	AR					
NDUFS2	AR					
NDUFS3	AR					
NDUFS4	AR					
NDUFS6	AR					
NDUFS7	AR					
NDUFS8	AR					
NDUFV1	AR					
NDUFV2	AR					
NEB	LOF	LOF	0.36084273804902317	0.2720950663197136	0.3670621956312632	LOF
NECTIN4	AR					
NEK1	LOF	LOF	0.2401695991889979	0.08737799015621543	0.6724524106547866	LOF
NEK8	LOF	LOF	0.31448685773988816	0.20287285892242704	0.4826402833376848	LOF
NEU1	LOF	LOF	0.20300397469190432	0.30500283732140016	0.4919931879866955	LOF
NEXMIF	LOF	LOF	0.007690597488140909	4.808344933427689e-05	0.9922613190625248	LOF
NF1	LOF	LOF	0.555146080731364	0.17097943765506055	0.27387448161357547	GOF
NF2	HI	LOF	0.13396555302950655	0.2588805305996361	0.6071539163708575	LOF
NFASC	AR					
NFE2L2	GOF	GOF	0.3525503884614683	0.3470691003292838	0.300380511209248	GOF
NFIA	LOF	LOF	0.2761705668669311	0.2683703129436193	0.4554591201894495	LOF
NFIB	LOF	LOF	0.2980981772735729	0.23692712486494544	0.4649746978614816	LOF
NFIX	LOF	LOF	0.28173096397298375	0.3604214173807794	0.35784761864623693	DN
NFU1	AR					
NGF	AR					
NGLY1	AR					
NHLRC2	AR					
NHS	LOF	LOF	0.10495619666687557	0.01943243623336968	0.8756113670997547	LOF
NIPAL4	LOF	LOF	0.209089305856767	0.2614250228006965	0.5294856713425364	LOF
NIPBL	HI	LOF	0.0801911701513206	0.001015765600414029	0.9187930642482653	LOF
NKX2-1	LOF	LOF	0.4336944838443709	0.3879309002247474	0.1783746159308817	GOF
NKX2-5	DN	DN	0.30980887007171554	0.1939894891543955	0.49620164077388895	LOF
NKX3-2	LOF	LOF	0.00849154850467644	0.05352785106180132	0.9379806004335223	LOF
NKX6-2	LOF	LOF	0.434612076333822	0.12668166296152356	0.4387062607046544	LOF
NLGN3	LOF	LOF	0.6885488636110925	0.05262373630594642	0.2588274000829612	GOF
NLGN4X	LOF	LOF	0.3231161778956864	0.04942467781580714	0.6274591442885066	LOF
NLRP2	LOF	LOF	0.09767649977084228	0.2770453147527098	0.6252781854764479	LOF
NLRP3	GOF	GOF	0.41639282535419986	0.4040221386683845	0.17958503597741562	GOF
NMNAT1	AR					
NNT	AR					
NOD2	GOF	GOF	0.16455647681994334	0.26614436869946023	0.5692991544805963	LOF
NODAL	LOF	LOF	0.04874444112642497	0.02063943490415771	0.9306161239694174	LOF
NOG	HI	LOF	0.1612301381247747	0.2561528532631612	0.5826170086120641	LOF
NONO	LOF	LOF	0.06863047449445676	0.10320074522982998	0.8281687802757132	LOF
NOTCH1	LOF	LOF	0.34005420355292404	0.35079726974203723	0.3091485267050389	DN
NOTCH2	GOF	GOF	0.6723590637244347	0.2619086071737037	0.06573232910186161	GOF
NOTCH3	GOF	GOF	0.32951978036863916	0.29991505988790595	0.37056515974345483	LOF
NPC1	AR					
NPC2	AR					
NPHP1	LOF	LOF	0.03998882676130549	0.02159620911326527	0.9384149641254292	LOF
NPHP3	LOF	LOF	0.22878611689460332	0.14184420176906692	0.6293696813363298	LOF
NPHP4	LOF	LOF	0.13206088661074833	0.09492792195203381	0.7730111914372177	LOF
NPHS1	LOF	LOF	0.21104659927147998	0.1680695213566172	0.6208838793719027	LOF
NPHS2	LOF	LOF	0.23792752731942204	0.43880555331753385	0.323266919363044	DN
NPR2	LOF	LOF	0.41245515433931557	0.4793529497467523	0.10819189591393202	DN
NPR3	LOF	LOF	0.10706542711962708	0.2023565484683038	0.6905780244120691	LOF
NPRL2	LOF	LOF	0.2916487562981585	0.16616549869253405	0.5421857450093074	LOF
NPRL3	LOF	LOF	0.054428331517608224	0.05548284022311156	0.8900888282592802	LOF
NR0B1	LOF	LOF	0.15766161454828403	0.0002563270900726144	0.8420820583616433	LOF
NR2E3	LOF	LOF	0.4150894248218986	0.22740288039769965	0.3575076947804018	GOF
NR2F1	LOF	LOF	0.3520472027727353	0.2708596955545738	0.3770931016726909	LOF
NR2F2	LOF	LOF	0.6608783360993007	0.3195999583232487	0.019521705577450546	GOF
NR3C1	DN	DN	0.3528696506064943	0.39245234990515043	0.25467799948835523	DN
NR3C2	DN	DN	0.33700373504985465	0.2075645087662984	0.4554317561838469	LOF
NR4A2	LOF	LOF	0.27941942621304466	0.28574079654676177	0.4348397772401935	LOF
NR5A1	DN	DN	0.25072493978284227	0.19732171171106344	0.5519533485060942	LOF
NRAS	GOF	GOF	0.5069063204290079	0.4415143146381909	0.05157936493280114	GOF
NRL	LOF	LOF	0.4618902837025595	0.1498157836276452	0.38829393266979534	GOF
NRROS	LOF	LOF	0.2055039384546052	0.3129679838399672	0.48152807770542766	LOF
NRXN1	LOF	LOF	0.08571589325616623	0.5674302368236237	0.3468538699202102	DN
NSD1	HI	LOF	0.41635982232137586	0.2279869864196774	0.35565319125894673	GOF
NSD2	LOF	LOF	0.2806461286985644	0.36643537851937164	0.352918492782064	DN
NSDHL	LOF	LOF	0.23210310054822464	0.0007384807322243041	0.7671584187195511	LOF
NSMCE3	AR					
NSRP1	LOF	LOF	0.009379832399801532	0.0234533813232637	0.9671667862769346	LOF
NT5C3A	AR					
NT5E	AR					
NTHL1	LOF	LOF	0.012124653376113775	0.013133482598736779	0.9747418640251494	LOF
NTNG2	AR					
NTRK1	AR					
NUBPL	LOF	LOF	0.09214590935547157	0.21921108033660694	0.6886430103079216	LOF
NUDT2	LOF	LOF	0.08836745480639392	0.15684468923426306	0.7547878559593432	LOF
NUP107	AR					
NUP133	AR					
NUP188	LOF	LOF	0.07190751138397666	0.07380880623243291	0.8542836823835904	LOF
NUP214	LOF	LOF	0.20550320854890522	0.39325678483109733	0.4012400066199975	LOF
NUP62	AR					
NUS1	LOF	LOF	0.05278151943416955	0.06198006506974077	0.8852384154960896	LOF
NYX	LOF	LOF	0.2499484253156953	0.04081211083923782	0.7092394638450669	LOF
OAT	AR					
OBSL1	LOF	LOF	0.03326881854513533	0.038890658505902266	0.9278405229489624	LOF
OCA2	LOF	LOF	0.20668564238676573	0.12812780167113397	0.6651865559421003	LOF
OCLN	LOF	LOF	0.41132585095429747	0.3466778204614116	0.2419963285842909	GOF
OCRL	LOF	LOF	0.05945127586690427	0.018561642578093715	0.9219870815550021	LOF
ODAD1	LOF	LOF	0.0017006321197338282	0.0022836128506347757	0.9960157550296314	LOF
ODAD2	LOF	LOF	0.0017509295755711056	0.001862898047839327	0.9963861723765897	LOF
ODAD3	LOF	LOF	0.0010050111945304283	0.001562674445628497	0.9974323143598411	LOF
ODAD4	LOF	LOF	0.003015314629170881	0.0028870313707405793	0.9940976540000885	LOF
ODC1	GOF	GOF	0.12680542023212363	0.0678638812521224	0.805330698515754	LOF
OFD1	LOF	LOF	0.07258927870147006	0.00013525083608110299	0.9272754704624488	LOF
OGT	LOF	LOF	0.2916750957955606	0.11224451153918645	0.5960803926652529	LOF
ONECUT1	LOF	LOF	0.09156130097007069	0.13281152926206594	0.7756271697678634	LOF
OPA1	LOF	LOF	0.32645703354661576	0.4548775401822843	0.21866542627109994	DN
OPA3	LOF	LOF	0.42062185569715543	0.07199403062589407	0.5073841136769505	LOF
OPHN1	LOF	LOF	0.03445450945103798	0.01590535126429815	0.9496401392846638	LOF
OPN1LW	LOF	LOF	0.4885980439194689	0.141580782041453	0.369821174039078	GOF
ORC1	AR					
ORC4	AR					
ORC6	AR					
OSGEP	AR					
OTC	LOF	LOF	0.19779247677596737	0.07767980237813332	0.7245277208458994	LOF
OTOF	LOF	LOF	0.3916323410474404	0.24255762657598937	0.36581003237657034	GOF
OTOGL	LOF	LOF	0.007885136867235062	0.030143506339028445	0.9619713567937366	LOF
OTUD6B	LOF	LOF	0.14094829355883878	0.10671125397188559	0.7523404524692755	LOF
OTULIN	AR					
OTX2	DN	DN	0.19077286242170594	0.4894935954169139	0.3197335421613802	DN
OXCT1	AR					
OXR1	LOF	LOF	0.15027696465443957	0.32100700158304674	0.5287160337625137	LOF
P3H1	LOF	LOF	0.006490593431364995	0.016997905314469288	0.9765115012541657	LOF
P3H2	LOF	LOF	0.004070655218994093	0.010310744627689982	0.9856186001533158	LOF
P4HTM	AR					
PACS1	GOF	GOF	0.6429062637107062	0.30478796688968746	0.05230576939960641	GOF
PADI3	AR					
PAFAH1B1	HI	LOF	0.1501035605102475	0.27400228764366963	0.575894151846083	LOF
PAH	AR					
PAK1	GOF	GOF	0.4693876645642175	0.4404637159526967	0.09014861948308582	GOF
PAK3	GOF	GOF	0.21944392338078048	0.2977576964492516	0.48279838016996796	LOF
PALB2	LOF	LOF	0.03888469424651727	0.04100226822447851	0.9201130375290042	LOF
PANK2	AR					
PAPSS2	AR					
PARK7	AR					
PARN	LOF	LOF	0.21968568596445284	0.304921064935094	0.4753932491004531	LOF
PAX1	LOF	LOF	0.128843334569649	0.21676268271517093	0.6543939827151799	LOF
PAX2	HI	LOF	0.24905141832337743	0.3836566554844732	0.36729192619214934	DN
PAX3	LOF	LOF	0.1928608215646855	0.476439070604202	0.3307001078311124	DN
PAX6	HI	LOF	0.38723320022778146	0.5294193662671499	0.08334743350506858	DN
PAX8	DN	DN	0.32222910580568415	0.3626024211084956	0.31516847308582024	DN
PAX9	LOF	LOF	0.24314195403309613	0.37331515045579355	0.3835428955111103	LOF
PBX1	HI	LOF	0.3467153769768765	0.3734171373113584	0.27986748571176506	DN
PC	AR					
PCARE	LOF	LOF	0.006704801890477964	0.034005598573321395	0.9592895995362006	LOF
PCBD1	AR					
PCCA	AR					
PCCB	LOF	LOF	0.2504032521853932	0.3750989199803304	0.37449782783427643	DN
PCDH12	LOF	LOF	0.2262792212347959	0.280009090198318	0.49371168856688613	LOF
PCDH15	LOF	LOF	0.17597082076167583	0.3383683363496731	0.4856608428886511	LOF
PCDH19	LOF	LOF	0.2465795953501327	0.14942316496185792	0.6039972396880094	LOF
PCGF2	GOF	GOF	0.14219923546343233	0.22295371276474	0.6348470517718278	LOF
PCK1	AR					
PCNA	AR					
PCNT	LOF	LOF	0.2585302313824642	0.3602922429927216	0.38117752562481416	LOF
PCSK9	GOF	GOF	0.1252796817983414	0.3843760893481935	0.49034422885346507	LOF
PCYT1A	AR					
PCYT2	AR					
PDCD10	LOF	LOF	0.11674346025177733	0.26383607112154944	0.6194204686266732	LOF
PDE4D	DN	DN	0.5173152349563397	0.430132532949329	0.05255223209433129	GOF
PDE6A	LOF	LOF	0.40539751628632587	0.39994283601360886	0.19465964770006533	GOF
PDE6B	GOF	GOF	0.41056862780365666	0.37332235760115623	0.21610901459518708	GOF
PDE6C	AR					
PDE6G	LOF	LOF	0.22486244384244225	0.2788856051678489	0.4962519509897089	LOF
PDE6H	LOF	LOF	0.4699319006856614	0.11722959988337203	0.4128384994309667	GOF
PDGFRA	GOF	GOF	0.7722033839444022	0.17971753725344095	0.04807907880215681	GOF
PDGFRB	GOF	GOF	0.458059254047241	0.4858765875261627	0.05606415842659632	DN
PDHA1	LOF	LOF	0.14927751808944828	0.06634172715286313	0.7843807547576886	LOF
PDHB	AR					
PDHX	LOF	LOF	0.13465833309345404	0.22546752211177262	0.6398741447947733	LOF
PDSS2	LOF	LOF	0.141746519918158	0.058015332969875065	0.800238147111967	LOF
PDX1	AR					
PDXK	AR					
PDYN	DN	DN	0.29172517189670266	0.4889994557040252	0.21927537239927217	DN
PDZD7	LOF	LOF	0.1556588627567745	0.34035133985520327	0.5039897973880223	LOF
PEPD	AR					
PET100	LOF	LOF	0.2512100299294964	0.34991587218722126	0.3988740978832824	LOF
PEX1	LOF	LOF	0.2735337330948421	0.22208864347226837	0.5043776234328895	LOF
PEX10	LOF	LOF	0.3405863336886679	0.08062447844508283	0.5787891878662493	LOF
PEX11B	LOF	LOF	0.01956367283814072	0.02080420434119289	0.9596321228206665	LOF
PEX12	LOF	LOF	0.3601558851301411	0.06504972294093464	0.5747943919289243	LOF
PEX13	AR					
PEX14	LOF	LOF	0.04812235264661049	0.04871065529175354	0.9031669920616361	LOF
PEX16	LOF	LOF	0.06537935369581381	0.11877603583049787	0.8158446104736884	LOF
PEX19	LOF	LOF	0.18037197932001783	0.27619956192555106	0.543428458754431	LOF
PEX2	LOF	LOF	0.3201766692487201	0.11291452535214358	0.5669088053991364	LOF
PEX26	LOF	LOF	0.017699942218200572	0.14403860110795694	0.8382614566738426	LOF
PEX3	AR					
PEX5	AR					
PEX6	LOF	LOF	0.3168665271594919	0.276558695948231	0.40657477689227717	LOF
PEX7	LOF	LOF	0.29578183748389786	0.21320852613632288	0.4910096363797792	LOF
PFKM	AR					
PGAM2	AR					
PGAP1	LOF	LOF	0.05533226126839785	0.03095052665703013	0.913717212074572	LOF
PGAP2	LOF	LOF	0.2751165381077999	0.16773177182252316	0.557151690069677	LOF
PGAP3	LOF	LOF	0.1194555652614195	0.06586461446769336	0.8146798202708873	LOF
PGK1	LOF	LOF	0.07905214033029258	0.15189009286928382	0.7690577668004236	LOF
PGM1	AR					
PGM2L1	LOF	LOF	0.15839406133231312	0.23679002148834638	0.6048159171793405	LOF
PGM3	AR					
PHACTR1	DN	DN	0.3386121826237933	0.520289776483107	0.14109804089309966	DN
PHEX	LOF	LOF	0.24702870854894304	0.0004930515786966766	0.7524782398723603	LOF
PHF12	LOF	LOF	0.14732171273640188	0.01875911861633488	0.8339191686472632	LOF
PHF21A	LOF	LOF	0.10589385688509738	0.0163761441683867	0.8777299989465159	LOF
PHF6	LOF	LOF	0.09240165715825023	0.0641646306560791	0.8434337121856706	LOF
PHF8	LOF	LOF	0.03167652699276794	0.00023320261871904603	0.9680902703885131	LOF
PHGDH	AR					
PHIP	LOF	LOF	0.2777709606003334	0.251276731823549	0.47095230757611767	LOF
PHKG2	AR					
PHOX2A	LOF	LOF	0.16910286289352636	0.469058326453683	0.3618388106527906	DN
PHOX2B	DN	DN	0.11483387174677381	0.5023250125829622	0.38284111567026397	DN
PHYH	AR					
PI4KA	AR					
PIBF1	LOF	LOF	0.057542014796161424	0.06355513778651724	0.8789028474173214	LOF
PIDD1	LOF	LOF	0.1098169376890241	0.30835654813576374	0.5818265141752121	LOF
PIEZO1	LOF	LOF	0.0168977963102518	0.0866132209091632	0.896488982780585	LOF
PIEZO2	LOF	LOF	0.019745587357539143	0.053119372389251344	0.9271350402532095	LOF
PIGA	LOF	LOF	0.15859007239171358	0.021155408054388817	0.8202545195538976	LOF
PIGB	LOF	LOF	0.27940573175977557	0.12708944191606542	0.5935048263241589	LOF
PIGG	LOF	LOF	0.37099300820901615	0.15008000980951863	0.4789269819814653	LOF
PIGH	LOF	LOF	0.35221441489370253	0.10619788234012809	0.5415877027661695	LOF
PIGK	LOF	LOF	0.2797374036826866	0.1140159346560016	0.6062466616613117	LOF
PIGL	LOF	LOF	0.18427503171279006	0.10890866986633459	0.7068162984208755	LOF
PIGN	LOF	LOF	0.4043910523538231	0.03959279801761404	0.5560161496285628	LOF
PIGO	LOF	LOF	0.1177769871432315	0.13385160434761123	0.7483714085091573	LOF
PIGS	LOF	LOF	0.21031104639339368	0.22929854673713082	0.5603904068694754	LOF
PIGV	LOF	LOF	0.11110360661231623	0.07610475282463108	0.8127916405630528	LOF
PIK3CA	GOF	GOF	0.5939025782815174	0.3718742171920734	0.034223204526409264	GOF
PIK3CD	GOF	GOF	0.4949150719549805	0.4520631275295372	0.05302180051548227	GOF
PIK3R2	GOF	GOF	0.3584870522367544	0.12397703703630035	0.5175359107269452	LOF
PIKFYVE	LOF	LOF	0.3128864804936186	0.2869307445398306	0.4001827749665508	LOF
PITX1	LOF	LOF	0.37795303387009094	0.525644495022833	0.09640247110707621	DN
PITX2	LOF	LOF	0.1893863573073238	0.4674048815610345	0.3432087611316416	DN
PITX3	LOF	LOF	0.5283767556853336	0.03423077401104654	0.4373924703036199	GOF
PJVK	LOF	LOF	0.23068691888890439	0.2754761818467387	0.4938368992643569	LOF
PKD1	HI	LOF	0.04982288906239258	0.3468229898039619	0.6033541211336455	LOF
PKD1L1	LOF	LOF	0.02556916111997572	0.015755853535552186	0.958674985344472	LOF
PKD2	HI	LOF	0.12985306359057305	0.17140812308658976	0.6987388133228373	LOF
PKHD1	LOF	LOF	0.24151673259689746	0.4180699586420141	0.3404133087610885	DN
PKP1	LOF	LOF	0.15724645616723384	0.39069412003634624	0.4520594237964199	LOF
PKP2	LOF	LOF	0.10613495402997775	0.07986192298322993	0.8140031229867922	LOF
PLA2G4A	AR					
PLA2G5	LOF	LOF	0.1403365428071243	0.11205321181482765	0.7476102453780481	LOF
PLA2G6	AR					
PLA2G7	AR					
PLAA	AR					
PLCB1	LOF	LOF	0.39787165808471625	0.3761909740109496	0.2259373679043341	GOF
PLCE1	AR					
PLCG2	GOF	GOF	0.3995817878815174	0.5045540705231257	0.09586414159535692	DN
PLD1	AR					
PLEC	LOF	LOF	0.03118414280237972	0.3952121399230627	0.5736037172745576	LOF
PLG	AR					
PLK4	LOF	LOF	0.22317711223381295	0.2077845087790872	0.5690383789870999	LOF
PLOD1	LOF	LOF	0.1866362142251617	0.26486723890456104	0.5484965468702773	LOF
PLOD2	LOF	LOF	0.0786697923471665	0.11115574798237156	0.8101744596704619	LOF
PLOD3	AR					
PLP1	LOF	LOF	5.38236467933237e-05	1.920856039308865e-09	0.9999461744323506	LOF
PLPBP	LOF	LOF	0.12294625333872394	0.3614727475460257	0.5155809991152503	LOF
PLS3	LOF	LOF	0.14230686144293722	0.019466572574486925	0.8382265659825759	LOF
PMM2	AR					
PMS2	AR					
PNKP	AR					
PNLIP	AR					
PNP	AR					
PNPLA2	LOF	LOF	0.2835552328980636	0.10570887270088006	0.6107358944010562	LOF
PNPLA6	LOF	LOF	0.19129439149557	0.11012011128644685	0.6985854972179831	LOF
PNPLA8	LOF	LOF	0.20905183923971643	0.3129573406486901	0.47799082011159355	LOF
PNPO	AR					
PNPT1	AR					
POC1A	LOF	LOF	0.29209169147402353	0.1770335860963111	0.5308747224296654	LOF
POC1B	LOF	LOF	0.25509751233579026	0.29223496200240295	0.4526675256618068	LOF
POGZ	LOF	LOF	0.19612242943345934	0.19204163432509685	0.611835936241444	LOF
POLA1	LOF	LOF	0.2814335203981137	0.05602486447079109	0.6625416151310953	LOF
POLE	LOF	LOF	0.24933903273289512	0.1588928306480837	0.5917681366190211	LOF
POLG	LOF	LOF	0.0652896767083363	0.14410145639180585	0.7906088668998578	LOF
POLH	LOF	LOF	0.028311073213172736	0.007161436075599983	0.9645274907112273	LOF
POLR1A	LOF	LOF	0.48540723604784863	0.39280899119399526	0.12178377275815613	GOF
POLR1C	AR					
POLR1D	LOF	LOF	0.11321439104726888	0.07507265196121794	0.8117129569915131	LOF
POLR3A	AR					
POLR3B	AR					
POMGNT1	AR					
POMGNT2	LOF	LOF	0.15570868794513065	0.18588373852305498	0.6584075735318143	LOF
POMK	LOF	LOF	0.444178946659468	0.20923201850494513	0.34658903483558684	GOF
POMT1	LOF	LOF	0.09496698255643855	0.05643162129821606	0.8486013961453454	LOF
POMT2	LOF	LOF	0.20046679258874833	0.08820437798372403	0.7113288294275275	LOF
POP1	AR					
POR	AR					
PORCN	LOF	LOF	0.21436573848744295	0.04932342844658065	0.7363108330659763	LOF
POU1F1	LOF	LOF	0.4109706682759058	0.17370788018213254	0.41532145154196165	LOF
POU3F3	GOF	GOF	0.5401393532499388	0.4548193240297437	0.005041322720317602	GOF
POU4F1	LOF	LOF	0.47812647224677257	0.2960432736303141	0.22583025412291335	GOF
PPARG	DN	DN	0.4092041059599532	0.35204174629680346	0.23875414774324333	GOF
PPCS	AR					
PPIB	AR					
PPIL1	LOF	LOF	0.16475234781432557	0.21452669100987334	0.6207209611758012	LOF
PPM1D	LOF	LOF	0.5234136343570897	0.13548609194936465	0.3411002736935456	GOF
PPP1R12A	LOF	LOF	0.15464809401065802	0.2165302410960644	0.6288216648932775	LOF
PPP1R13L	LOF	LOF	0.041011257153519456	0.17726100159787397	0.7817277412486066	LOF
PPP1R15B	AR					
PPP1R21	LOF	LOF	0.01316719293978478	0.26602349452580126	0.7208093125344139	LOF
PPP2CA	DN	DN	0.5048186151681215	0.414404207094281	0.08077717773759749	GOF
PPP2R1A	DN	DN	0.5798008853098457	0.39883455758781955	0.021364557102334616	GOF
PPP2R5D	DN	DN	0.3314855178508985	0.20464966242015806	0.4638648197289434	LOF
PPP3CA	GOF	GOF	0.40957422215077405	0.5019216968288551	0.08850408102037088	DN
PPT1	AR					
PQBP1	LOF	LOF	0.02924340761949815	0.0005101269958059743	0.9702464653846958	LOF
PRCD	LOF	LOF	0.007989327769345966	0.011715784259130248	0.9802948879715236	LOF
PRDM12	AR					
PRDM5	LOF	LOF	0.11147990204007935	0.030213061153884033	0.8583070368060367	LOF
PREPL	LOF	LOF	0.006835501125139588	0.012262909560519855	0.9809015893143406	LOF
PRIM1	LOF	LOF	0.2730159484954604	0.34900509579567474	0.37797895570886486	LOF
PRKAR1A	GOF	GOF	0.4936427311271982	0.3967479539730478	0.10960931489975399	GOF
PRKDC	AR					
PRKN	AR					
PRMT7	AR					
PRNP	DN	DN	0.24860245897956293	0.4154785981641428	0.33591894285629426	DN
PROM1	LOF	LOF	0.10966379547095964	0.4799841563620004	0.4103520481670399	DN
PROP1	LOF	LOF	0.08363456352856896	0.2792747107687874	0.6370907257026436	LOF
PRPF31	LOF	LOF	0.38454317381231307	0.4301011820250514	0.18535564416263547	DN
PRPF4	DN	DN	0.29775397105308604	0.4393359314831459	0.26291009746376814	DN
PRPH2	LOF	LOF	0.4526149789100907	0.3225749468209988	0.22481007426891042	GOF
PRPS1	LOF	LOF	0.2493814307795811	0.0011688529567528997	0.749449716263666	LOF
PRR12	LOF	LOF	0.010314263318930547	0.16740551293233927	0.8222802237487302	LOF
PRRT2	LOF	LOF	0.066461790911894	0.327823917927002	0.6057142911611041	LOF
PRSS1	GOF	GOF	0.49964685121997754	0.291545080828186	0.20880806795183648	GOF
PRSS12	LOF	LOF	0.11868286222205088	0.11609505261599642	0.7652220851619528	LOF
PRSS56	LOF	LOF	0.15311595627398278	0.4660073560052676	0.3808766877207496	DN
PRUNE1	LOF	LOF	0.1556456282756749	0.3190215187561917	0.5253328529681334	LOF
PSAP	AR					
PSAT1	AR					
PSEN1	GOF	GOF	0.4070611074250958	0.3049421147068234	0.2879967778680807	GOF
PSEN2	GOF	GOF	0.2684297816151213	0.13583297594404353	0.595737242440835	LOF
PSMB8	AR					
PSMB9	AR					
PSPH	AR					
PSTPIP1	DN	DN	0.12466822919325012	0.4194341131197142	0.4558976576870358	LOF
PTCH1	HI	LOF	0.35394549462141206	0.34577165302154067	0.30028285235704727	GOF
PTCHD1	LOF	LOF	0.008187814331184737	6.320022732079992e-05	0.9917489854414944	LOF
PTDSS1	GOF	GOF	0.29858039722496055	0.2363803704607055	0.46503923231433403	LOF
PTEN	HI	LOF	0.25262347704669663	0.14794099655301654	0.5994355264002867	LOF
PTF1A	LOF	LOF	0.09737155707375857	0.292928076058315	0.6097003668679265	LOF
PTH	LOF	LOF	0.28268040747029516	0.36510675697949313	0.3522128355502116	DN
PTH1R	LOF	LOF	0.20459301804377839	0.31843832300570374	0.4769686589505179	LOF
PTHLH	LOF	LOF	0.011981140545413138	0.01527717880331893	0.9727416806512679	LOF
PTPN11	GOF	GOF	0.2754167868269067	0.5205509329105207	0.20403228026257267	DN
PTPN14	LOF	LOF	0.1559189413537946	0.10599904092006904	0.7380820177261364	LOF
PTPN23	AR					
PTPRQ	LOF	LOF	0.02180825132586419	0.03582888288837426	0.9423628657857616	LOF
PTRH2	AR					
PTS	AR					
PUF60	LOF	LOF	0.25966285493000485	0.44802787745547806	0.2923092676145171	DN
PURA	LOF	LOF	0.1960408548209914	0.3756102584108034	0.42834888676820515	LOF
PUS1	AR					
PUS3	LOF	LOF	0.09295662472385553	0.052383706528045006	0.8546596687480995	LOF
PUS7	AR					
PXDN	LOF	LOF	0.18585069511112007	0.15302888696117312	0.6611204179277068	LOF
PYCR1	AR					
PYCR2	AR					
PYGL	AR					
PYGM	AR					
PYROXD1	LOF	LOF	0.19521146520808666	0.2747657807963502	0.5300227539955631	LOF
QDPR	AR					
QRICH1	LOF	LOF	0.2675651625351361	0.290301222591652	0.4421336148732119	LOF
RAB11B	DN	DN	0.4195351856649297	0.5506343637654109	0.02983045056965946	DN
RAB18	AR					
RAB23	AR					
RAB27A	AR					
RAB28	LOF	LOF	0.14375035554941767	0.16726661765059755	0.6889830267999847	LOF
RAB33B	AR					
RAB39B	LOF	LOF	0.11267056305748965	0.41910250055912124	0.46822693638338914	LOF
RAB3GAP1	LOF	LOF	0.2068154910067902	0.17806761004702668	0.6151168989461832	LOF
RAB3GAP2	LOF	LOF	0.05312588443058761	0.06101452404957644	0.8858595915198358	LOF
RAD21	LOF	LOF	0.2418044856983239	0.2998399458763787	0.4583555684252974	LOF
RAD51	DN	DN	0.44554042388082776	0.43994372982494184	0.11451584629423031	GOF
RAD51C	LOF	LOF	0.03334038749180778	0.00808648774160099	0.9585731247665913	LOF
RAD51D	LOF	LOF	0.004441507383812486	0.0013170378782869725	0.9942414547379006	LOF
RAF1	GOF	GOF	0.5216076804788047	0.4522055006915289	0.026186818829666465	GOF
RAG1	AR					
RAG2	AR					
RAI1	LOF	LOF	0.1382642135165289	0.23980689666946903	0.621928889814002	LOF
RALGAPA1	LOF	LOF	0.3899132103202427	0.16077628042949996	0.4493105092502573	LOF
RAPSN	LOF	LOF	0.20443316112589782	0.3348293615716089	0.46073747730249326	LOF
RARB	LOF	LOF	0.2887445236763917	0.11937349183027904	0.5918819844933294	LOF
RARS1	LOF	LOF	0.07285207458146581	0.41660201970384375	0.5105459057146906	LOF
RARS2	LOF	LOF	0.0625791182552366	0.10761116321493826	0.8298097185298251	LOF
RASA1	HI	LOF	0.27220129709991386	0.444195944092385	0.28360275880770114	DN
RASGRP1	AR					
RASGRP2	AR					
RAX	LOF	LOF	0.22291026414553955	0.5148857886534965	0.26220394720096385	DN
RAX2	LOF	LOF	0.20710521430614948	0.4905644675709838	0.3023303181228667	DN
RB1	LOF	LOF	0.10612479608814337	0.28637476305718695	0.6075004408546697	LOF
RBCK1	LOF	LOF	0.07873056426088422	0.06777407133259161	0.8534953644065243	LOF
RBM10	LOF	LOF	0.0632555327963268	0.0027684524650605407	0.9339760147386126	LOF
RBM28	AR					
RBM8A	LOF	LOF	0.3039053573147092	0.33410157832388865	0.36199306436140205	LOF
RBP3	AR					
RBP4	DN	DN	0.27658772941132026	0.6442104969726395	0.07920177361604012	DN
RCBTB1	LOF	LOF	0.15732529003158313	0.08658356676031743	0.7560911432080994	LOF
RD3	LOF	LOF	0.28153596967013655	0.12102147800561518	0.5974425523242484	LOF
RDH12	LOF	LOF	0.24643840230765143	0.4417824400889689	0.3117791576033796	DN
RDH5	LOF	LOF	0.375870311443414	0.3023347769615772	0.3217949115950087	GOF
RECQL4	AR					
REEP6	LOF	LOF	0.10166390530017246	0.2840800348697493	0.6142560598300782	LOF
RELN	AR					
RERE	LOF	LOF	0.21217642841300488	0.34907473558879	0.438748835998205	LOF
RET	HI	LOF	0.2452359356310014	0.48843622237083006	0.26632784199816867	DN
RETREG1	LOF	LOF	0.019865190035640315	0.02378822524164636	0.9563465847227133	LOF
RFT1	LOF	LOF	0.19659510448555842	0.17060989763406412	0.6327949978803775	LOF
RFWD3	AR					
RFX3	LOF	LOF	0.23002247590850047	0.05460619226797112	0.7153713318235284	LOF
RFX6	LOF	LOF	0.02875607363688988	0.018879775175776315	0.9523641511873338	LOF
RFXANK	AR					
RGS9	LOF	LOF	0.3010080796439094	0.3545189048795568	0.34447301547653375	DN
RGS9BP	LOF	LOF	0.1998322614335355	0.1980188384404799	0.6021489001259845	LOF
RHBDF2	GOF	GOF	0.33484815411024715	0.0822043019750978	0.5829475439146551	LOF
RHO	LOF	LOF	0.42820384744414663	0.3864340942028474	0.18536205835300598	GOF
RIMS2	LOF	LOF	0.24121324571253847	0.21690198363895147	0.5418847706485102	LOF
RIN2	LOF	LOF	0.04586761132651726	0.0393034141034037	0.9148289745700791	LOF
RINT1	LOF	LOF	0.49874542114191733	0.08445017348051832	0.4168044053775643	GOF
RIPK4	LOF	LOF	0.22012014696928406	0.1921117623635705	0.5877680906671455	LOF
RIT1	GOF	GOF	0.48580946526439206	0.4554231946479335	0.058767340087674355	GOF
RLBP1	LOF	LOF	0.34272472171232105	0.406596843742394	0.2506784345452849	DN
RMRP	LOF	LOF	0.0005927161415319494	2.8972742995614906e-05	0.9993783111154725	LOF
RNASEH1	AR					
RNASEH2A	AR					
RNASEH2B	AR					
RNASEH2C	AR					
RNASET2	AR					
RNF13	GOF	GOF	0.39309617958104404	0.2830246908796452	0.32387912953931075	GOF
RNPC3	AR					
RNU4-2	LOF	LOF	0.0005927161415319494	2.8972742995614906e-05	0.9993783111154725	LOF
ROBO3	AR					
ROBO4	LOF	LOF	0.06839229690272568	0.23271505584629648	0.698892647250978	LOF
ROGDI	LOF	LOF	0.007235793297292364	0.009991522041495369	0.9827726846612121	LOF
ROR1	AR					
ROR2	LOF	LOF	0.5994240090507654	0.3762572329064896	0.024318758042744908	GOF
RORA	LOF	LOF	0.36685371375778764	0.45603065927537745	0.1771156269668349	DN
RP1	LOF	LOF	0.10195969749943525	0.362049503310837	0.5359907991897278	LOF
RP1L1	LOF	LOF	0.12427697201830434	0.2683129105995937	0.6074101173821019	LOF
RP2	LOF	LOF	0.1639500641998259	0.07662077468359121	0.7594291611165829	LOF
RPE65	LOF	LOF	0.16022344841022934	0.15806313237046965	0.681713419219301	LOF
RPGR	LOF	LOF	0.3212295080254691	0.02576011597763305	0.6530103759968978	LOF
RPGRIP1	AR					
RPGRIP1L	AR					
RPIA	LOF	LOF	0.20864538778119665	0.3948594117231196	0.39649520049568376	LOF
RPL11	LOF	LOF	0.13691453426904504	0.29837360583474354	0.5647118598962114	LOF
RPS17	HI	LOF	0.0998298733187134	0.43181457925105293	0.46835554743023367	LOF
RPS19	HI	LOF	0.17269713890076066	0.457421153130504	0.3698817079687354	DN
RPS24	HI	LOF	0.057529228161588376	0.24940024456238302	0.6930705272760286	LOF
RPS26	HI	LOF	0.12438236198934048	0.38192389983910163	0.49369373817155787	LOF
RPS6KA3	LOF	LOF	0.11130984650523186	0.03169027131607726	0.8569998821786909	LOF
RRAS	GOF	GOF	0.13515254503951188	0.4136655976342055	0.4511818573262827	LOF
RRAS2	GOF	GOF	0.41646494094551184	0.3593104716544078	0.22422458740008042	GOF
RRM2B	LOF	LOF	0.1832962440803671	0.2470359464155056	0.5696678095041273	LOF
RS1	LOF	LOF	0.20675605664111277	0.07959853898231198	0.7136454043765754	LOF
RSPH1	LOF	LOF	0.22131673684738531	0.21034761891321005	0.5683356442394046	LOF
RSPH3	LOF	LOF	0.03248506567227676	0.042232843782510174	0.925282090545213	LOF
RSPO2	AR					
RSPO4	LOF	LOF	0.2410877520001586	0.1462720262717262	0.6126402217281153	LOF
RSPRY1	LOF	LOF	0.4208841704225933	0.3542737900548815	0.2248420395225252	GOF
RSRC1	LOF	LOF	0.07243109376878373	0.08719866361349102	0.8403702426177253	LOF
RTEL1	LOF	LOF	0.07931607757521086	0.14699065285999993	0.7736932695647892	LOF
RTN4IP1	AR					
RUNX1	LOF	LOF	0.08736275232795765	0.04788363074054745	0.8647536169314949	LOF
RUNX2	LOF	LOF	0.31127985623825344	0.3870323945055399	0.30168774925620667	DN
RXYLT1	LOF	LOF	0.1254800451765079	0.09516624635157203	0.7793537084719201	LOF
RYR1	LOF	LOF	0.3625498174253036	0.3227904196750183	0.31465976289967806	GOF
RYR2	GOF	GOF	0.5624393409614815	0.4192242385387892	0.01833642049972921	GOF
SACS	AR					
SAG	AR					
SALL1	LOF	LOF	0.11271083181699262	0.04921309611363781	0.8380760720693695	LOF
SALL4	LOF	LOF	0.26321959946545637	0.421074166831494	0.3157062337030497	DN
SAMD11	LOF	LOF	0.02319513074898387	0.122843219588601	0.8539616496624151	LOF
SAMD9	GOF	GOF	0.6163145420197107	0.34419868049849445	0.03948677748179491	GOF
SAMHD1	LOF	LOF	0.08833157175380103	0.16499449344705355	0.7466739347991455	LOF
SAR1B	AR					
SARS2	AR					
SASS6	AR					
SATB2	HI	LOF	0.445890584382916	0.39108267823750403	0.16302673737957996	GOF
SBDS	AR					
SBF2	LOF	LOF	0.2764941242231699	0.12087632347672309	0.6026295523001071	LOF
SCAF4	LOF	LOF	0.11153915181000518	0.17024173187862116	0.7182191163113736	LOF
SCAPER	LOF	LOF	0.16112116626572195	0.11805615804941155	0.7208226756848666	LOF
SCARB2	AR					
SCARF2	LOF	LOF	0.016529700293512063	0.027446549885672907	0.9560237498208151	LOF
SCN10A	GOF	GOF	0.43103947818744615	0.38809735762098035	0.18086316419157356	GOF
SCN11A	GOF	GOF	0.44171651154325015	0.34934790997245235	0.2089355784842975	GOF
SCN1A	GOF	GOF	0.3322086080533801	0.47281880206296173	0.1949725898836581	DN
SCN2A	GOF	GOF	0.37935579345442655	0.4298354762686598	0.1908087302769136	DN
SCN3A	GOF	GOF	0.4859990638086049	0.4547052231628026	0.05929571302859251	GOF
SCN4A	GOF	GOF	0.4960657574881812	0.25738240084358666	0.24655184166823216	GOF
SCN5A	LOF	LOF	0.5013905045083349	0.2624715044632275	0.23613799102843747	GOF
SCN8A	DN	DN	0.5431476614017882	0.41444077274217817	0.04241156585603357	GOF
SCN9A	GOF	GOF	0.5408168776835192	0.2685223934467667	0.19066072886971414	GOF
SCO1	AR					
SCO2	LOF	LOF	0.10609637149611928	0.27500868461062505	0.6188949438932556	LOF
SCUBE3	LOF	LOF	0.47968462163988584	0.4404745655222774	0.07984081283783674	GOF
SCYL1	LOF	LOF	0.3533793152558	0.20947090975969468	0.43714977498450536	LOF
SDCCAG8	LOF	LOF	0.01787867547694404	0.007652203624146242	0.9744691208989097	LOF
SDHA	LOF	LOF	0.30436227654650233	0.4393242353757964	0.2563134880777013	DN
SDHB	LOF	LOF	0.07034203138437298	0.2606550710244796	0.6690028975911474	LOF
SDHC	LOF	LOF	0.05289411855810817	0.11470415131004398	0.8324017301318479	LOF
SDHD	LOF	LOF	0.07497313372806698	0.2163325697539352	0.7086942965179978	LOF
SEC23A	AR					
SEC23B	LOF	LOF	0.13186423781776727	0.11329403805958249	0.7548417241226503	LOF
SEC24D	AR					
SECISBP2	LOF	LOF	0.07685643085750764	0.08425402378616825	0.8388895453563241	LOF
SELENOI	LOF	LOF	0.17166102524664173	0.27497079551749287	0.5533681792358653	LOF
SELENON	LOF	LOF	0.009376464687213724	0.011029078460640562	0.9795944568521457	LOF
SEMA3A	LOF	LOF	0.1650293663355404	0.0623093807018448	0.7726612529626148	LOF
SEPSECS	AR					
SERAC1	LOF	LOF	0.08925067558815435	0.03667333410317227	0.8740759903086734	LOF
SERPINA1	AR					
SERPINB6	LOF	LOF	0.032141054421219055	0.05672571749020672	0.9111332280885741	LOF
SERPINH1	AR					
SET	LOF	LOF	0.1326695722170654	0.48504523290121976	0.3822851948817148	DN
SETBP1	GOF	GOF	0.007758975173698883	0.0015670763703837765	0.9906739484559174	LOF
SETD1A	HI	LOF	0.18013434725135696	0.11571576077224711	0.7041498919763959	LOF
SETD1B	LOF	LOF	0.17564285773176042	0.13642079345706762	0.6879363488111719	LOF
SETD2	LOF	LOF	0.3989341401537179	0.2437724939578923	0.35729336588838984	GOF
SETD5	LOF	LOF	0.22681558274618288	0.13438799028548998	0.6387964269683272	LOF
SF3B4	LOF	LOF	0.22331870097906506	0.45831215302735145	0.3183691459935836	DN
SFTPC	GOF	GOF	0.3536335308396586	0.30353341025407055	0.3428330589062708	GOF
SGPL1	AR					
SGSH	AR					
SH2D1A	LOF	LOF	0.21695693559984638	0.040284582109453515	0.7427584822907001	LOF
SH3PXD2B	LOF	LOF	0.07286833928280297	0.06836800523142049	0.8587636554857766	LOF
SHANK1	LOF	LOF	0.008473050890764628	0.11140608063464903	0.8801208684745865	LOF
SHANK2	LOF	LOF	0.24621977832736536	0.33151499948731966	0.422265222185315	LOF
SHANK3	HI	LOF	0.24038868995459067	0.3789769179050567	0.38063439214035266	LOF
SHH	DN	DN	0.17714455607016175	0.39469101575119403	0.4281644281786442	LOF
SHOC2	GOF	GOF	0.5896536572411945	0.3660539017788253	0.04429244097998024	GOF
SHOX	LOF	LOF	0.6006337679375866	0.005424809002530384	0.39394142305988294	GOF
SHROOM3	LOF	LOF	0.15472717055772492	0.2107842948639408	0.6344885345783342	LOF
SI	AR					
SIGMAR1	AR					
SIK1	GOF	GOF	0.218934108711576	0.08013634453416375	0.7009295467542603	LOF
SIL1	LOF	LOF	0.25124206770301016	0.19305415893035305	0.5557037733666368	LOF
SIM1	LOF	LOF	0.36637300642194703	0.01640449813582086	0.6172224954422322	LOF
SIN3A	HI	LOF	0.3245130926568935	0.29991175054633196	0.37557515679677445	LOF
SIX1	LOF	LOF	0.5924684392001497	0.0503880514863238	0.35714350931352645	GOF
SIX3	LOF	LOF	0.3588523201236843	0.12682646108273435	0.5143212187935813	LOF
SIX6	LOF	LOF	0.7697870830542872	0.16078459557547184	0.06942832137024099	GOF
SKIC2	LOF	LOF	0.005939532449785946	0.0012591416148425173	0.9928013259353714	LOF
SKIC3	LOF	LOF	0.006749662795176889	0.00034687317272936123	0.9929034640320937	LOF
SLC10A7	LOF	LOF	0.3197577333525997	0.07522565374739848	0.6050166129000019	LOF
SLC12A1	AR					
SLC12A5	AR					
SLC12A6	LOF	LOF	0.42020454784824174	0.36800612504173735	0.2117893271100209	GOF
SLC13A5	LOF	LOF	0.3277017950898362	0.337954116084687	0.3343440888254767	DN
SLC16A2	LOF	LOF	0.21316546429170607	0.0007294295278134403	0.7861051061804805	LOF
SLC17A5	LOF	LOF	0.1778105392586069	0.18432350414687582	0.6378659565945173	LOF
SLC19A3	LOF	LOF	0.30253324861730096	0.21132805005367478	0.48613870132902426	LOF
SLC1A1	AR					
SLC22A5	LOF	LOF	0.34688279946198064	0.2673625269567359	0.38575467358128357	LOF
SLC24A4	LOF	LOF	0.3319664300779281	0.2866473846897325	0.3813861852323394	LOF
SLC24A5	LOF	LOF	0.4601154042092725	0.136433420586097	0.40345117520463053	GOF
SLC25A1	LOF	LOF	0.275900815944019	0.578403865471179	0.14569531858480203	DN
SLC25A13	LOF	LOF	0.328278164550324	0.523198193663508	0.14852364178616817	DN
SLC25A15	LOF	LOF	0.32103179158451833	0.4528258328045981	0.22614237561088357	DN
SLC25A20	LOF	LOF	0.34406460596520616	0.46906057875409257	0.1868748152807012	DN
SLC25A26	LOF	LOF	0.36605458880009256	0.4013346247438387	0.2326107864560687	DN
SLC25A38	LOF	LOF	0.21486160807348786	0.4360034627171502	0.34913492920936195	DN
SLC25A42	LOF	LOF	0.2630931295670157	0.27051691744988415	0.4663899529831001	LOF
SLC25A46	LOF	LOF	0.5372406574050873	0.0743526669133649	0.3884066756815477	GOF
SLC26A2	LOF	LOF	0.3950095067342214	0.4073476276503181	0.19764286561546054	DN
SLC27A4	LOF	LOF	0.17584900344607596	0.20364654827735976	0.6205044482765643	LOF
SLC2A1	LOF	LOF	0.35045578530459853	0.48390176563874	0.16564244905666148	DN
SLC2A10	LOF	LOF	0.31824252813648835	0.09895454959914843	0.5828029222643631	LOF
SLC2A2	LOF	LOF	0.37121583750529247	0.3092637770199848	0.31952038547472283	GOF
SLC33A1	LOF	LOF	0.35483468285109626	0.376279370658999	0.2688859464899047	DN
SLC35A1	AR					
SLC35A2	LOF	LOF	0.14779808618350487	0.016437850022886426	0.8357640637936088	LOF
SLC35C1	LOF	LOF	0.23971484140882426	0.1866716406920495	0.5736135178991263	LOF
SLC35D1	LOF	LOF	0.12232343934078489	0.1412749940920238	0.7364015665671914	LOF
SLC37A4	LOF	LOF	0.18859849433553075	0.18027951900306535	0.6311219866614038	LOF
SLC38A3	LOF	LOF	0.2801063753608631	0.5357994268600152	0.18409419777912153	DN
SLC38A8	LOF	LOF	0.08424543923678901	0.23840203258480724	0.6773525281784036	LOF
SLC39A14	LOF	LOF	0.3328004756940049	0.49504604846533423	0.17215347584066099	DN
SLC39A4	LOF	LOF	0.22364769056090872	0.3687213037828515	0.40763100565623983	LOF
SLC39A8	LOF	LOF	0.4469153366595376	0.3809729553127902	0.1721117080276723	GOF
SLC40A1	LOF	LOF	0.24834718917338675	0.42465021804995007	0.32700259277666316	DN
SLC45A2	LOF	LOF	0.308650343432901	0.21707248231811116	0.4742771742489878	LOF
SLC46A1	LOF	LOF	0.26347035450000234	0.3203928876533358	0.4161367578466619	LOF
SLC4A11	LOF	LOF	0.25526248429623666	0.4116192181605788	0.3331182975431845	DN
SLC4A4	AR					
SLC52A2	LOF	LOF	0.15349457609502307	0.17154233413660908	0.6749630897683679	LOF
SLC52A3	LOF	LOF	0.1921968497351198	0.21236377523743435	0.5954393750274457	LOF
SLC5A5	LOF	LOF	0.3309860510513697	0.3134157018528703	0.35559824709576	LOF
SLC6A1	LOF	LOF	0.31611960749173834	0.19657842241147253	0.487301970096789	LOF
SLC6A19	LOF	LOF	0.21982445993609165	0.29171587339665694	0.48845966666725127	LOF
SLC6A3	LOF	LOF	0.40194160587638855	0.34861518288006427	0.2494432112435471	GOF
SLC6A5	LOF	LOF	0.33954731527604143	0.25990210413432574	0.4005505805896328	LOF
SLC6A8	LOF	LOF	0.21883622598249697	0.00018072949963317852	0.7809830445178698	LOF
SLC6A9	LOF	LOF	0.06628894928735603	0.05970792465024302	0.874003126062401	LOF
SLC9A1	AR					
SLC9A6	LOF	LOF	0.07535049558745155	0.0008769808687084537	0.9237725235438401	LOF
SLCO2A1	AR					
SLITRK6	LOF	LOF	0.3063791337887948	0.30173558758124025	0.39188527862996503	LOF
SLURP1	AR					
SLX4	LOF	LOF	0.06334056519293595	0.10346483094723939	0.8331946038598247	LOF
SMAD3	HI	LOF	0.3848273254650235	0.2767494814786705	0.338423193056306	GOF
SMAD4	HI	LOF	0.35302058520127044	0.33397246672758757	0.3130069480711421	GOF
SMAD9	GOF	GOF	0.42511697112092184	0.1910131106240581	0.38386991825502015	GOF
SMARCA4	LOF	LOF	0.5201600089468642	0.30740123071132996	0.17243876034180583	GOF
SMARCAL1	LOF	LOF	0.2890539873735485	0.24716441046810692	0.46378160215834463	LOF
SMARCB1	HI	LOF	0.3257426904308262	0.2389433782596705	0.43531393130950324	LOF
SMARCC2	LOF	LOF	0.41545586236346177	0.45930049197573003	0.12524364566080837	DN
SMARCE1	LOF	LOF	0.4075117374843944	0.40087913512417084	0.19160912739143487	GOF
SMC1A	LOF	LOF	0.0791038653097093	0.06353697904793534	0.8573591556423554	LOF
SMCHD1	GOF	GOF	0.4009297781972682	0.4332701686956261	0.16580005310710563	DN
SMG8	LOF	LOF	0.17733240142388978	0.313761217881052	0.5089063806950583	LOF
SMO	AR					
SMOC1	LOF	LOF	0.22991451406745017	0.13595910194895622	0.6341263839835936	LOF
SMOC2	LOF	LOF	0.0031752010153629335	0.006242330676052211	0.9905824683085849	LOF
SMPD1	AR					
SMPD4	LOF	LOF	0.09600918841339773	0.09177939386555924	0.812211417721043	LOF
SMS	LOF	LOF	0.030997391486894628	0.03303880496763051	0.9359638035454748	LOF
SNAI2	LOF	LOF	0.02707730488765091	0.020083969326504875	0.9528387257858442	LOF
SNAP25	LOF	LOF	0.4488664391418418	0.4938591799885933	0.0572743808695649	DN
SNAP29	LOF	LOF	0.03866382768189903	0.10699553664550816	0.8543406356725928	LOF
SNCA	GOF	GOF	0.3115870355358252	0.5697736995931248	0.11863926487105	DN
SNORD118	LOF	LOF	0.0005927161415319494	2.8972742995614906e-05	0.9993783111154725	LOF
SNRPB	LOF	LOF	0.1551708555455844	0.22611767397564114	0.6187114704787745	LOF
SNRPN	LOF	LOF	0.7993111030059438	0.1146454088503188	0.08604348814373741	GOF
SNUPN	LOF	LOF	0.1399690374605889	0.06322919811756023	0.7968017644218509	LOF
SNX10	AR					
SNX14	LOF	LOF	0.27870781853927845	0.1498176605656466	0.5714745208950749	LOF
SON	LOF	LOF	0.08391234463048504	0.29992300298121694	0.6161646523882981	LOF
SOS1	GOF	GOF	0.5580327043799876	0.3152228228917352	0.1267444727282773	GOF
SOX10	HI	LOF	0.16093308972477677	0.49098522358438945	0.34808168669083384	DN
SOX11	HI	LOF	0.12879010255823548	0.16679791049285358	0.7044119869489109	LOF
SOX2	HI	LOF	0.28526855943906165	0.3764363628621953	0.33829507769874295	DN
SOX3	LOF	LOF	0.0006127835719190513	6.110102447406596e-08	0.9993871553270566	LOF
SOX5	HI	LOF	0.25700606710426127	0.3691619022836601	0.37383203061207865	LOF
SOX6	LOF	LOF	0.42121840068913713	0.4627656082962429	0.11601599101462011	DN
SOX9	LOF	LOF	0.161314390686992	0.5074140711020523	0.33127153821095573	DN
SPAG1	LOF	LOF	0.17524565522672156	0.19098306526148823	0.6337712795117902	LOF
SPARC	AR					
SPAST	GOF	GOF	0.09545120027917174	0.14938571167348721	0.755163088047341	LOF
SPATA7	LOF	LOF	0.2038044892472512	0.20144544070433734	0.5947500700484114	LOF
SPEG	LOF	LOF	0.017433456156214788	0.013693111473541714	0.9688734323702436	LOF
SPEN	LOF	LOF	0.25593887073582444	0.28337642822045384	0.46068470104372167	LOF
SPG11	LOF	LOF	0.06942630864740737	0.0976940888146007	0.832879602537992	LOF
SPINK5	LOF	LOF	0.25563329801045453	0.2541590427287928	0.4902076592607527	LOF
SPINT2	LOF	LOF	0.23738316228445908	0.28032395605288585	0.48229288166265505	LOF
SPOP	GOF	GOF	0.4456127147893962	0.18002196876479817	0.37436531644580573	GOF
SPR	LOF	LOF	0.3575878447602096	0.3822340367890312	0.2601781184507592	DN
SPRED1	HI	LOF	0.1301324926606355	0.25976517034187563	0.6101023369974888	LOF
SPRTN	AR					
SPTAN1	DN	DN	0.46231280148713594	0.49039524771720305	0.04729195079566105	DN
SPTBN1	LOF	LOF	0.4387325026728466	0.5102448052526504	0.05102269207450317	DN
SPTBN2	DN	DN	0.41842901406790073	0.5094282496533762	0.0721427362787231	DN
SPTBN4	LOF	LOF	0.4046464658209301	0.4395174348498918	0.15583609932917813	DN
SRC	GOF	GOF	0.4455100514044835	0.5029472620501574	0.05154268654535908	DN
SRCAP	DN	DN	0.1821551397293606	0.03633195284763438	0.7815129074230052	LOF
SRD5A2	AR					
SRD5A3	LOF	LOF	0.008019828247304484	0.012068902313711431	0.9799112694389841	LOF
SRRM2	LOF	LOF	0.0009779005589086673	0.008254021535816341	0.990768077905275	LOF
SRY	LOF	LOF	0.17266719438634678	0.03232324433463624	0.795009561279017	LOF
ST14	AR					
ST3GAL5	LOF	LOF	0.0824187479653499	0.11731141524377209	0.800269836790878	LOF
STAC3	AR					
STAG1	LOF	LOF	0.26668364572197595	0.28221896661182716	0.45109738766619684	LOF
STAG2	LOF	LOF	0.05035508843147801	0.03315984435541835	0.9164850672131036	LOF
STAMBP	AR					
STAR	AR					
STAT2	AR					
STAT5B	LOF	LOF	0.49919032731029617	0.4290161463055967	0.07179352638410705	GOF
STIL	LOF	LOF	0.3321985896037756	0.2650575927184961	0.4027438176777283	LOF
STK11	HI	LOF	0.43092544490629514	0.33129064032005706	0.23778391477364788	GOF
STN1	AR					
STRA6	LOF	LOF	0.2658850978275698	0.28215469708941077	0.45196020508301943	LOF
STRADA	AR					
STS	LOF	LOF	0.08817359425941529	0.09431749883272143	0.8175089069078633	LOF
STT3A	AR					
STX1B	LOF	LOF	0.46274106718253755	0.48003021116432004	0.057228721653142495	DN
STXBP1	HI	LOF	0.27927171847034093	0.4093581404525982	0.3113701410770608	DN
SUCLA2	AR					
SUCLG1	AR					
SUFU	LOF	LOF	0.16362202709359497	0.25838240659936756	0.5779955663070375	LOF
SULT2B1	AR					
SUMF1	AR					
SUOX	AR					
SURF1	LOF	LOF	0.13023526167089863	0.22162501850574062	0.6481397198233607	LOF
SUZ12	LOF	LOF	0.5496098857918325	0.35217522199273055	0.09821489221543701	GOF
SYN1	LOF	LOF	0.2142809658682895	0.12159231447489725	0.6641267196568131	LOF
SYNE1	LOF	LOF	0.32858468597108553	0.1485035355344867	0.5229117784944278	LOF
SYNGAP1	HI	LOF	0.3894556882361907	0.3368956792004883	0.27364863256332106	GOF
SYP	LOF	LOF	0.2324619700730321	0.12252420133792419	0.6450138285890438	LOF
SYT1	DN	DN	0.4284359195574497	0.48689460862660416	0.08466947181594611	DN
SYT2	DN	DN	0.5889405038514245	0.20017623895227374	0.21088325719630185	GOF
SZT2	LOF	LOF	0.19163390857635376	0.0946878861019305	0.7136782053217158	LOF
TAC3	AR					
TACO1	AR					
TAF1	LOF	LOF	0.27955213629244974	0.005281084257868284	0.715166779449682	LOF
TAF13	AR					
TAF2	AR					
TAF6	AR					
TAFAZZIN	LOF	LOF	0.004769767095109483	0.001468824269770417	0.9937614086351201	LOF
TALDO1	AR					
TANGO2	LOF	LOF	0.014368855697051316	0.07529530180770132	0.9103358424952473	LOF
TAOK1	LOF	LOF	0.2580838205107488	0.4629032507820843	0.27901292870716693	DN
TAP1	LOF	LOF	0.2363539564492909	0.16323556087495245	0.6004104826757567	LOF
TAPT1	LOF	LOF	0.16499456990930786	0.15872224549356773	0.6762831845971244	LOF
TASP1	AR					
TAT	AR					
TBC1D20	LOF	LOF	0.05028998977646507	0.028054042524526833	0.921655967699008	LOF
TBC1D23	LOF	LOF	0.06791825386013432	0.07659196052534002	0.8554897856145256	LOF
TBC1D24	LOF	LOF	0.33518184645846094	0.3363641519278808	0.32845400161365823	DN
TBC1D2B	LOF	LOF	0.20653146547731735	0.18414887645552822	0.6093196580671544	LOF
TBCD	LOF	LOF	0.14686890346971493	0.2609255442396202	0.5922055522906648	LOF
TBCE	LOF	LOF	0.01454854597204494	0.014315197885598794	0.9711362561423563	LOF
TBCK	LOF	LOF	0.10107395360663499	0.10550334257684524	0.7934227038165197	LOF
TBK1	DN	DN	0.5115094492505975	0.2674752265804611	0.22101532416894143	GOF
TBL1XR1	HI	LOF	0.05089839335371671	0.0014404408075596692	0.9476611658387236	LOF
TBR1	LOF	LOF	0.18801054015966243	0.5031048532963359	0.3088846065440017	DN
TBX1	LOF	LOF	0.01824754246308531	0.03040379481963412	0.9513486627172806	LOF
TBX15	LOF	LOF	0.0441318199854981	0.07036101871019491	0.885507161304307	LOF
TBX18	LOF	LOF	0.39020309553993604	0.42501287144040645	0.18478403301965748	DN
TBX19	AR					
TBX20	LOF	LOF	0.3430730740330967	0.4425447730072561	0.2143821529596472	DN
TBX22	LOF	LOF	0.13713588417972547	0.06518575377543803	0.7976783620448366	LOF
TBX3	HI	LOF	0.24681674270573942	0.36522740771881457	0.38795584957544604	LOF
TBX4	LOF	LOF	0.1947885455761596	0.4490371838045454	0.356174270619295	DN
TBX5	HI	LOF	0.17795129568943152	0.47619988586447193	0.34584881844609655	DN
TBXT	AR					
TCF12	HI	LOF	0.0935992322083455	0.36890734961947924	0.5374934181721753	LOF
TCF20	LOF	LOF	0.14680576138331491	0.21748119210354247	0.6357130465131426	LOF
TCF4	HI	LOF	0.16500313848923379	0.5133288816324895	0.3216679798782767	DN
TCF7L2	LOF	LOF	0.024258941536341776	0.04427581170959264	0.9314652467540655	LOF
TCN2	LOF	LOF	0.18467016723475443	0.2852507615411062	0.5300790712241393	LOF
TCOF1	LOF	LOF	0.07615480936986496	0.2922126834320124	0.6316325071981227	LOF
TCTN1	LOF	LOF	0.06899109888025998	0.04092801950853337	0.8900808816112066	LOF
TCTN2	LOF	LOF	0.07140698468463741	0.024118160593932757	0.9044748547214297	LOF
TCTN3	LOF	LOF	0.22843427026297639	0.1273203704718896	0.6442453592651339	LOF
TDO2	AR					
TDP1	AR					
TECPR2	LOF	LOF	0.1296765992551094	0.10098641720319523	0.7693369835416954	LOF
TECRL	LOF	LOF	0.03566502571614235	0.06863681809519834	0.8956981561886594	LOF
TECTA	LOF	LOF	0.206806527520696	0.04752141112993588	0.7456720613493681	LOF
TEK	GOF	GOF	0.4140018549611262	0.5176299167760245	0.06836822826284931	DN
TENM3	AR					
TENT5A	AR					
TERC	LOF	LOF	0.0002616318649193323	3.476444128199498e-06	0.9997348916909524	LOF
TERT	LOF	LOF	0.13216492879173297	0.02463612022429491	0.843198950983972	LOF
TET3	LOF	LOF	0.47111123473593325	0.3948762476023231	0.13401251766174363	GOF
TF	AR					
TFAM	AR					
TFR2	LOF	LOF	0.16435128660005482	0.26237556655086236	0.5732731468490828	LOF
TG	AR					
TGDS	LOF	LOF	0.3406613274309927	0.11822427488553411	0.5411143976834731	LOF
TGFB2	LOF	LOF	0.4474799023054232	0.33518140877055463	0.2173386889240222	GOF
TGFB3	LOF	LOF	0.356677831483056	0.46020545951601366	0.18311670900093038	DN
TGFBR1	GOF	GOF	0.3010551578678266	0.13785851708772068	0.5610863250444528	LOF
TGFBR2	LOF	LOF	0.659551256413343	0.25542547253627457	0.08502327105038233	GOF
TGIF1	HI	LOF	0.26292135162353625	0.4313415673552813	0.3057370810211826	DN
TGM1	AR					
TGM5	LOF	LOF	0.4681962975001991	0.3043890588749597	0.2274146436248412	GOF
TH	AR					
THAP1	LOF	LOF	0.38964549545338484	0.19675582730902147	0.4135986772375937	LOF
THG1L	AR					
THOC6	AR					
THRA	LOF	LOF	0.5384882689364876	0.4425095387802854	0.019002192283226974	GOF
TIMM22	AR					
TIMM8A	LOF	LOF	0.0297096039583504	0.0004224338905325992	0.9698679621511169	LOF
TIMP3	LOF	LOF	0.2795337294003882	0.2933544513642764	0.42711181923533553	LOF
TINF2	LOF	LOF	0.3131067299293748	0.35641245324608545	0.3304808168245398	DN
TJP2	AR					
TKT	AR					
TLK2	LOF	LOF	0.43281004562783326	0.1767749331572941	0.3904150212148727	GOF
TMC6	LOF	LOF	0.026203712759473696	0.02302415809261835	0.9507721291479079	LOF
TMC8	LOF	LOF	0.01659589468577559	0.03292175758548651	0.950482347728738	LOF
TMCO1	LOF	LOF	0.021795944003819512	0.051882095595189165	0.9263219604009914	LOF
TMEM126A	LOF	LOF	0.09407038516810895	0.14320796123428972	0.7627216535976014	LOF
TMEM126B	LOF	LOF	0.15701177662861654	0.1207490212746258	0.7222392020967577	LOF
TMEM127	LOF	LOF	0.07043532264133227	0.03508719829963859	0.8944774790590292	LOF
TMEM138	LOF	LOF	0.10705202866887213	0.20365639008581687	0.689291581245311	LOF
TMEM165	LOF	LOF	0.15266416198858035	0.2143366867415029	0.6329991512699168	LOF
TMEM222	LOF	LOF	0.10179035153634489	0.12405991067198296	0.7741497377916722	LOF
TMEM231	LOF	LOF	0.0947757884099811	0.20954534117746001	0.6956788704125588	LOF
TMEM237	LOF	LOF	0.008653124542906251	0.020631230754876544	0.9707156447022173	LOF
TMEM240	LOF	LOF	0.21690410310916267	0.27804631705379323	0.505049579837044	LOF
TMEM260	LOF	LOF	0.12869575023323535	0.23466903994498228	0.6366352098217823	LOF
TMEM67	LOF	LOF	0.14272435255242322	0.16169476529776977	0.6955808821498071	LOF
TMEM70	LOF	LOF	0.1714905755451004	0.3875787359196035	0.440930688535296	LOF
TMEM94	LOF	LOF	0.004059251564515806	0.0013728456532271502	0.9945679027822569	LOF
TMPRSS6	LOF	LOF	0.006158397173335695	0.01129961541168599	0.9825419874149783	LOF
TMTC3	LOF	LOF	0.19028310516891309	0.18184291849168813	0.6278739763393987	LOF
TMX2	AR					
TNFRSF11B	AR					
TNFRSF13B	LOF	LOF	0.2732402932795285	0.29472167896280976	0.4320380277576617	LOF
TNFRSF4	AR					
TNFSF11	AR					
TNNI2	GOF	GOF	0.3518398572705029	0.34353609923180733	0.3046240434976899	GOF
TNNT2	DN	DN	0.5034256194410675	0.3509794461940936	0.14559493436483886	GOF
TNNT3	GOF	GOF	0.37260730117226515	0.3311440184340463	0.2962486803936886	GOF
TNRC6B	LOF	LOF	0.08033861710167148	0.3479271655725252	0.5717342173258032	LOF
TNXB	LOF	LOF	0.4063726641315205	0.46344432615889786	0.13018300970958158	DN
TOE1	LOF	LOF	0.3615255190935155	0.1127412496487519	0.5257332312577325	LOF
TOGARAM1	LOF	LOF	0.16704536698908792	0.03733775633928476	0.7956168766716273	LOF
TONSL	AR					
TOP3A	AR					
TOPORS	LOF	LOF	0.26884069127708665	0.23949348064332585	0.4916658280795875	LOF
TOR1A	LOF	LOF	0.1332266278265714	0.19802525180532357	0.668748120368105	LOF
TOR1AIP1	AR					
TP53	LOF	LOF	0.34269309031966705	0.27458535472579493	0.382721554954538	LOF
TP53RK	LOF	LOF	0.23199966669599176	0.15623732195183201	0.6117630113521764	LOF
TP63	LOF	LOF	0.2855730219865482	0.37380515625949334	0.34062182175395844	DN
TP73	LOF	LOF	0.7047738754170133	0.18892592663423885	0.1063001979487477	GOF
TPI1	AR					
TPK1	AR					
TPM2	GOF	GOF	0.15185440394939437	0.4199096858766969	0.4282359101739087	LOF
TPP1	AR					
TPP2	LOF	LOF	0.4049615945331302	0.4424130792990356	0.15262532616783428	DN
TPRKB	AR					
TPRN	LOF	LOF	0.002084233042176289	0.033478578144986545	0.9644371888128372	LOF
TRAF3IP1	AR					
TRAIP	LOF	LOF	0.18883068137352996	0.07150243565262351	0.7396668829738466	LOF
TRAPPC11	LOF	LOF	0.007530501026510532	0.013451531757970918	0.9790179672155186	LOF
TRAPPC12	LOF	LOF	0.051439391929320046	0.27307023499021904	0.6754903730804609	LOF
TRAPPC2	LOF	LOF	0.10710410934110953	0.03823230747107763	0.8546635831878129	LOF
TRAPPC4	LOF	LOF	0.19020397857079488	0.20740469541460987	0.6023913260145953	LOF
TRAPPC6B	LOF	LOF	0.15199558406589725	0.18905822860362115	0.6589461873304816	LOF
TRAPPC9	LOF	LOF	0.03160776559240249	0.014609246344740577	0.9537829880628569	LOF
TRDN	LOF	LOF	0.25457295581020717	0.3219839825083621	0.42344306168143075	LOF
TREM2	AR					
TREX1	LOF	LOF	0.08660979449982091	0.08728778635638464	0.8261024191437945	LOF
TRIM2	AR					
TRIM28	LOF	LOF	0.17437535604786766	0.45778454760760184	0.3678400963445305	DN
TRIM32	LOF	LOF	0.056318587986700155	0.4025687040770633	0.5411127079362366	LOF
TRIM37	AR					
TRIM8	LOF	LOF	0.2908477592631962	0.1821246824596219	0.527027558277182	LOF
TRIO	GOF	GOF	0.46877418354059197	0.32998573815889776	0.20124007830051033	GOF
TRIP11	LOF	LOF	0.08336801252817166	0.06991434399424483	0.8467176434775836	LOF
TRIP12	LOF	LOF	0.39065354762312204	0.34612793390041297	0.2632185184764648	GOF
TRIP13	AR					
TRIP4	LOF	LOF	0.03882903929372246	0.11715939594356901	0.8440115647627086	LOF
TRMT10A	AR					
TRMT10C	AR					
TRNT1	AR					
TRPA1	GOF	GOF	0.2426952110858472	0.1665913552330873	0.5907134336810654	LOF
TRPC3	GOF	GOF	0.23249411229855466	0.16381172951142672	0.6036941581900187	LOF
TRPM1	LOF	LOF	0.026887276880560185	0.023020736172095546	0.9500919869473443	LOF
TRPM4	GOF	GOF	0.6067131028104207	0.17588627429283832	0.21740062289674086	GOF
TRPS1	LOF	LOF	0.22778592656213897	0.13333596626989971	0.6388781071679612	LOF
TRPV3	GOF	GOF	0.29802352949057487	0.09978364476591868	0.6021928257435063	LOF
TRPV4	GOF	GOF	0.24229473107847124	0.27140888875295666	0.4862963801685721	LOF
TRPV6	AR					
TSC1	LOF	LOF	0.1625295670471711	0.12882194900045335	0.7086484839523756	LOF
TSC2	HI	LOF	0.04963644896467223	0.24841479161331864	0.7019487594220091	LOF
TSEN15	AR					
TSEN54	LOF	LOF	0.12019195258056165	0.15728087578241134	0.7225271716370272	LOF
TSFM	AR					
TSHB	LOF	LOF	0.2746174867378739	0.22021033102269186	0.5051721822394344	LOF
TSHR	GOF	GOF	0.49475316874727027	0.19895585509217995	0.30629097616054984	GOF
TSPAN12	LOF	LOF	0.3112173286808835	0.44749734989240436	0.2412853214267122	DN
TSPAN7	LOF	LOF	0.05309216301406857	0.0023537830052126666	0.9445540539807188	LOF
TTC12	LOF	LOF	0.3097683378304693	0.2982086196679551	0.39202304250157555	LOF
TTC19	LOF	LOF	0.01292105526805423	0.012440417986079892	0.9746385267458658	LOF
TTC5	LOF	LOF	0.2138236170839678	0.16963980881211863	0.6165365741039136	LOF
TTC7A	LOF	LOF	0.017266821658642087	0.03916856559882171	0.9435646127425361	LOF
TTC8	AR					
TTLL5	LOF	LOF	0.1978986726522365	0.16949713972152447	0.632604187626239	LOF
TTN	LOF	LOF	0.3957138134837117	0.13212536609146197	0.4721608204248264	LOF
TTPA	AR					
TTR	GOF	GOF	0.4550053485537261	0.4886527466602502	0.056341904786023696	DN
TUBA4A	DN	DN	0.5889497562824838	0.3716118322843925	0.039438411433123786	GOF
TUBB2B	DN	DN	0.4958992791618993	0.4999578060474864	0.0041429147906143216	DN
TUBB4A	GOF	GOF	0.4988050933712784	0.4908793147311772	0.010315591897544453	GOF
TUBGCP4	AR					
TUBGCP6	AR					
TUFM	AR					
TULP1	AR					
TUSC3	LOF	LOF	0.10981366998076512	0.20684173840291442	0.6833445916163204	LOF
TWIST1	LOF	LOF	0.20210835420743165	0.05725480975721323	0.7406368360353551	LOF
TWIST2	DN	DN	0.18054898506301761	0.30058071991212704	0.5188702950248554	LOF
TXNL4A	LOF	LOF	0.3877331324563421	0.24935472285159657	0.3629121446920614	GOF
TYMP	AR					
TYR	LOF	LOF	0.20316448424627545	0.393167138981666	0.4036683767720585	LOF
TYROBP	AR					
TYRP1	AR					
UBA2	LOF	LOF	0.22105180227819787	0.3059796756589261	0.4729685220628761	LOF
UBA5	AR					
UBE2A	LOF	LOF	0.24902160197132692	0.1411066839032109	0.6098717141254621	LOF
UBE2T	AR					
UBE3A	HI	LOF	0.5312001664296805	0.2682597601979407	0.20054007337237872	GOF
UBE3B	LOF	LOF	0.29732796699757125	0.13277801716406623	0.5698940158383624	LOF
UBE4A	LOF	LOF	0.21795651675983196	0.1917938797850814	0.5902496034550867	LOF
UBR1	AR					
UBR7	LOF	LOF	0.07183420080293597	0.10161614941898166	0.8265496497780823	LOF
UBTF	GOF	GOF	0.4292954732983705	0.31201973847580955	0.25868478822582	GOF
UCHL1	AR					
UFC1	AR					
UFM1	AR					
UGDH	AR					
UGP2	LOF	LOF	0.20749175307828716	0.4121482276110532	0.38036001931065966	DN
UGT1A1	LOF	LOF	0.28299088641435943	0.3526858773242759	0.36432323626136454	LOF
UMOD	DN	DN	0.2660859798671551	0.5429030577976612	0.19101096233518366	DN
UMPS	AR					
UNC80	LOF	LOF	0.022481806237478186	0.0047168239622037795	0.9728013698003182	LOF
UNG	AR					
UPF3B	LOF	LOF	0.06893365186996271	0.00022340524093968745	0.9308429428890976	LOF
UQCRB	AR					
UQCRC2	AR					
UQCRFS1	AR					
UQCRQ	AR					
UROS	AR					
USB1	AR					
USH1C	AR					
USH1G	AR					
USH2A	LOF	LOF	0.20577742683231603	0.4373501928150038	0.3568723803526801	DN
USP18	LOF	LOF	0.2732738085482338	0.20173673001366008	0.5249894614381062	LOF
USP27X	LOF	LOF	0.3901434346051173	0.30833802713763653	0.3015185382572461	GOF
USP45	LOF	LOF	0.3269825718278791	0.49074289513309394	0.18227453303902696	DN
USP7	LOF	LOF	0.43948914402634814	0.48777073475449817	0.0727401212191537	DN
USP9X	LOF	LOF	0.15190586853601684	0.1259267664229899	0.7221673650409933	LOF
UVSSA	LOF	LOF	0.05801654996260648	0.20102603699585614	0.7409574130415374	LOF
VAMP2	DN	DN	0.3132219487079091	0.5540762142408009	0.13270183705128996	DN
VAPB	DN	DN	0.226193311700205	0.43342415910464466	0.34038252919515033	DN
VCAN	DN	DN	0.26458546130679245	0.3513542501469339	0.38406028854627355	LOF
VDR	AR					
VHL	LOF	LOF	0.018224307498454332	0.04137310627432741	0.9404025862272183	LOF
VIPAS39	LOF	LOF	0.1621729431015008	0.22253910729327214	0.615287949605227	LOF
VLDLR	LOF	LOF	0.2314383182280101	0.3983793905377125	0.37018229123427754	DN
VMA12	LOF	LOF	0.001109180748741914	2.789556178986111e-05	0.9988629236894682	LOF
VMA22	LOF	LOF	0.0016635761488843586	0.0006736065472165659	0.997662817303899	LOF
VPS13B	LOF	LOF	0.03034100274600465	0.00780509878766595	0.9618538984663293	LOF
VPS33A	AR					
VPS33B	LOF	LOF	0.3904823356194753	0.16376850099120668	0.44574916338931797	LOF
VPS4A	DN	DN	0.28646924785647554	0.3344111690976453	0.37911958304587917	LOF
VPS53	LOF	LOF	0.24135300403179974	0.22427563717265575	0.5343713587955445	LOF
VRK1	AR					
VSX2	LOF	LOF	0.284149857368074	0.45470657484749716	0.26114356778442877	DN
WAC	LOF	LOF	0.04175628161744827	0.01891199563468218	0.9393317227478695	LOF
WARS2	AR					
WASHC5	LOF	LOF	0.1922553492889128	0.3006722835174059	0.5070723671936813	LOF
WDFY3	LOF	LOF	0.4801323126816365	0.1374781625299812	0.38238952478838245	GOF
WDPCP	LOF	LOF	0.00774801872984194	0.009612711316051991	0.982639269954106	LOF
WDR11	LOF	LOF	0.2388130551893297	0.23156906843614217	0.5296178763745283	LOF
WDR19	LOF	LOF	0.20744173911857305	0.11599359916125919	0.6765646617201678	LOF
WDR26	LOF	LOF	0.0963438966149282	0.21188213927239707	0.6917739641126748	LOF
WDR35	LOF	LOF	0.1083372071483457	0.07128718162884078	0.8203756112228135	LOF
WDR45	LOF	LOF	0.09949319850468641	0.028588445635297912	0.8719183558600156	LOF
WDR62	LOF	LOF	0.3553008620671629	0.3887671349648391	0.2559320029679979	DN
WDR73	LOF	LOF	0.04237367397488591	0.054911093329851675	0.9027152326952623	LOF
WEE2	AR					
WFS1	LOF	LOF	0.17952499498898553	0.12377730586400512	0.6966976991470093	LOF
WHRN	LOF	LOF	0.002582763198168506	0.004807689085252987	0.9926095477165786	LOF
WNK1	LOF	LOF	0.3191358431306547	0.2090772587910785	0.47178689807826685	LOF
WNK4	DN	DN	0.24936784247046245	0.3310787545132977	0.41955340301623983	LOF
WNT1	LOF	LOF	0.4414423311461287	0.2216742634526188	0.3368834054012526	GOF
WNT10B	LOF	LOF	0.4674443970330538	0.2297294268852818	0.30282617608166446	GOF
WNT3	AR					
WNT7A	LOF	LOF	0.328470143299266	0.20294861303658757	0.46858124366414655	LOF
WRAP53	LOF	LOF	0.0988842669575293	0.24084245539996774	0.6602732776425029	LOF
WRN	AR					
WT1	DN	DN	0.014688400040073993	0.008057686035589385	0.9772539139243366	LOF
WWOX	AR					
XDH	AR					
XPA	AR					
XPC	LOF	LOF	0.15108883306124282	0.1869487338781646	0.6619624330605925	LOF
XPNPEP3	AR					
XPR1	DN	DN	0.4531244141330677	0.29611678330685237	0.25075880256008004	GOF
XRCC4	AR					
XYLT1	AR					
XYLT2	LOF	LOF	0.3171160546777069	0.22950782600377242	0.4533761193185206	LOF
YAP1	LOF	LOF	0.08383008623439815	0.4271822266757984	0.48898768708980345	LOF
YARS2	AR					
YRDC	LOF	LOF	0.18912655321000113	0.3592357674454574	0.45163767934454147	LOF
YWHAG	GOF	GOF	0.4726237245364146	0.5168108294070345	0.010565446056551036	DN
ZAP70	AR					
ZBTB11	LOF	LOF	0.3790926375807097	0.3423311829037114	0.27857617951557884	GOF
ZBTB18	LOF	LOF	0.22434007425074354	0.4373403100387484	0.3383196157105081	DN
ZBTB20	DN	DN	0.3654522064579474	0.46914479874185905	0.16540299480019363	DN
ZBTB24	AR					
ZC4H2	LOF	LOF	0.10787271269364733	0.018440525107266084	0.8736867621990865	LOF
ZDHHC9	LOF	LOF	0.04825656235215884	0.013124019668150222	0.938619417979691	LOF
ZEB1	LOF	LOF	0.4550817981138264	0.41904399400292536	0.1258742078832483	GOF
ZEB2	LOF	LOF	0.27731480866825947	0.38710882195934404	0.3355763693723964	DN
ZFHX4	LOF	LOF	0.06478384378740462	0.009752548093946307	0.9254636081186491	LOF
ZFP57	LOF	LOF	0.08911114121653083	0.09040922230512284	0.8204796364783463	LOF
ZFYVE19	LOF	LOF	0.2158395015905776	0.0691029609652493	0.715057537444173	LOF
ZFYVE26	LOF	LOF	0.30468714964910626	0.1703715702896065	0.5249412800612873	LOF
ZIC1	GOF	GOF	0.6859768799472218	0.11152703171279696	0.20249608833998137	GOF
ZIC2	LOF	LOF	0.2669980014462803	0.362292642447143	0.3707093561065767	LOF
ZIC3	LOF	LOF	0.1319857487591674	0.10695861105409275	0.76105564018674	LOF
ZMIZ1	LOF	LOF	0.3154494487942293	0.27298780648241755	0.4115627447233532	LOF
ZMPSTE24	AR					
ZMYM2	LOF	LOF	0.3387378838307959	0.30191024268709366	0.3593518734821104	LOF
ZMYND10	LOF	LOF	0.317153253518035	0.34851810025828234	0.3343286462236825	DN
ZMYND11	HI	LOF	0.2584480157415935	0.29465568667895575	0.4468962975794508	LOF
ZNF142	LOF	LOF	0.13876152729335747	0.054500988548342524	0.8067374841583	LOF
ZNF148	LOF	LOF	0.45364008903383135	0.4696893716964927	0.07667053926967597	DN
ZNF292	LOF	LOF	0.03864918801974765	0.017687547093633474	0.9436632648866188	LOF
ZNF335	LOF	LOF	0.41829197465934076	0.21080619365255976	0.3709018316880996	GOF
ZNF408	DN	DN	0.5100930940434799	0.25664562065847774	0.23326128529804238	GOF
ZNF462	LOF	LOF	0.21056355230617357	0.01641279619676552	0.7730236514970609	LOF
ZNF469	LOF	LOF	0.4398594071392063	0.13598265229245185	0.42415794056834194	GOF
ZNF711	LOF	LOF	0.11102000429034727	0.004626319530430982	0.8843536761792218	LOF
ZNHIT3	AR					
ZSWIM6	GOF	GOF	0.19567095590900557	0.06100376042570483	0.7433252836652896	LOF
